datetime,national_demand_mw,north_demand_mw,west_demand_mw,east_demand_mw,south_demand_mw,north_east_demand_mw,temperature_2m_c,relative_humidity_pct,cloud_cover_pct,precipitation_mm,wind_speed_10m_kmh,solar_radiation_w_m2,wind_speed_10m_ms,solar_generation_kw,solar_imputed,solar_irradiance_proxy_w_m2,hour,day_of_week,month,year,is_weekend,wind_power_potential_kw,combined_renewable_kw,facility_demand_kw,energy_balance_kw
2019-01-01,137169.95625000002,39993.739583333336,44784.450833333336,14209.220416666665,36487.270833333336,1695.2749999999999,12.729166666666666,71.20833333333333,5.25,0.0,7.066666666666666,148.25,2.2420833333333334,197.98486103333335,0.0,197.98479166666667,11.5,1.0,1.0,2019.0,0.0,0.0,197.98486103333335,8230.197375,-8032.212513966667
2019-01-02,138531.52583333335,39797.449583333335,45767.174999999996,14116.896666666667,37127.36166666667,1722.6445833333335,14.133333333333333,70.79166666666667,11.083333333333334,0.0,6.945833333333333,146.04166666666666,2.1225,201.59909153750002,0.0,201.5990833333333,11.5,2.0,1.0,2019.0,0.0,0.0,201.59909153750002,8311.89155,-8110.2924584625
2019-01-03,139922.52375,39918.4225,46308.80541666667,14389.835416666667,37588.12,1717.3391666666666,13.4625,69.83333333333333,2.125,0.0,9.9375,149.45833333333334,3.35375,208.04395823333334,0.0,208.04391666666666,11.5,3.0,1.0,2019.0,0.0,0.7560448673982627,208.8000031007316,8395.351424999999,-8186.5514218992685
2019-01-04,140803.80791666667,40271.19291666667,46460.945,14528.513333333334,37816.87375,1726.2829166666668,12.649999999999999,70.20833333333333,59.791666666666664,0.0,7.529166666666666,110.125,2.2079166666666667,146.20557043333335,0.0,146.20554166666668,11.5,4.0,1.0,2019.0,0.0,0.01555309785093733,146.22112353118428,8448.228475,-8302.007351468816
2019-01-05,139779.99125,39053.72125,46752.3725,14789.113333333333,37431.695,1753.0916666666665,13.429166666666667,69.20833333333333,5.75,0.0,11.941666666666668,146.25,3.0883333333333334,204.72836583749998,0.0,204.728375,11.5,5.0,1.0,2019.0,1.0,0.3424666780978509,205.07083251559786,8386.799475,-8181.7286424844015
2019-01-06,135063.32083333333,37556.92958333334,45342.417916666665,14427.22375,36043.167083333334,1693.5808333333334,13.045833333333334,76.875,44.875,0.09583333333333333,8.708333333333334,113.66666666666667,2.6991666666666667,157.93683958625,0.0,157.93679166666666,11.5,6.0,1.0,2019.0,1.0,0.02168061271147688,157.95852019896148,8103.799249999999,-7945.840729801038
2019-01-07,138333.76958333334,38871.54458333333,45749.15,14589.360416666668,37421.685,1702.0295833333332,12.441666666666668,77.125,0.2916666666666667,0.0,8.329166666666667,151.04166666666666,3.0829166666666663,207.6288810975,0.0,207.62883333333335,11.5,0.0,1.0,2019.0,0.0,0.04912568587105623,207.67800678337105,8300.026175,-8092.348168216628
2019-01-08,140570.07749999998,40432.9675,46400.549166666664,14392.129583333333,37655.62666666667,1688.80375,12.216666666666667,75.0,28.083333333333332,0.0,10.254166666666666,138.125,3.4320833333333334,190.87300807583333,0.0,190.87300000000002,11.5,1.0,1.0,2019.0,0.0,0.3092596593507087,191.18226773518404,8434.20465,-8243.022382264817
2019-01-09,140339.02291666667,40432.28791666667,46454.77833333333,14234.242083333333,37552.595,1665.1204166666666,12.570833333333333,68.83333333333333,0.0,0.0,12.779166666666667,155.41666666666666,4.17,214.39915702500002,0.0,214.39916666666667,11.5,2.0,1.0,2019.0,0.0,10.005478737997256,224.40463576299726,8420.341375,-8195.936739237002
2019-01-10,141296.24083333332,40336.32125,46527.567500000005,14482.717499999999,38211.630833333336,1738.0041666666666,12.745833333333332,65.66666666666667,6.166666666666667,0.0,8.708333333333334,157.125,2.3633333333333333,212.88358001083336,0.0,212.88358333333335,11.5,3.0,1.0,2019.0,0.0,0.42921702103337916,213.31279703186672,8477.774449999999,-8264.461652968133
2019-01-11,142556.13833333334,40889.65083333333,46698.150833333326,14524.095,38676.46958333333,1767.77125,12.887500000000001,67.75,6.333333333333333,0.0,6.8875,152.79166666666666,1.4883333333333333,203.76166909375002,0.0,203.76166666666666,11.5,4.0,1.0,2019.0,0.0,0.0,203.76166909375002,8553.3683,-8349.60663090625
2019-01-12,141220.79916666666,39946.53166666667,46848.03,14539.301666666666,38129.74458333333,1757.1916666666666,13.870833333333332,67.29166666666667,8.916666666666666,0.0,5.916666666666667,151.83333333333334,1.3091666666666666,191.60313539875003,0.0,191.603125,11.5,5.0,1.0,2019.0,1.0,0.0,191.60313539875003,8473.247949999999,-8281.64481460125
2019-01-13,137005.56583333333,38837.00125,45823.20416666666,13972.070833333333,36678.293333333335,1694.9979166666665,14.525,71.70833333333333,22.0,0.0,7.4750000000000005,150.08333333333334,3.42,194.01676774583333,0.0,194.01675,11.5,6.0,1.0,2019.0,1.0,0.9840881344307268,195.00085588026408,8220.333949999998,-8025.3330941197355
2019-01-14,135925.35041666668,39350.31291666667,43410.9175,14330.626250000001,37115.08541666667,1718.4054166666665,12.520833333333334,58.5,0.0,0.0,14.979166666666666,165.75,4.901666666666666,241.06461634166666,0.0,241.06462499999998,11.5,0.0,1.0,2019.0,0.0,30.732780064014634,271.7973964056813,8155.521024999999,-7883.723628594318
2019-01-15,136617.72708333333,40990.02625,44827.299166666664,14334.59375,34795.87708333333,1669.9291666666668,11.495833333333332,56.333333333333336,50.833333333333336,0.0,13.225000000000001,160.0,3.4604166666666667,224.59606635541664,0.0,224.59608333333333,11.5,1.0,1.0,2019.0,0.0,5.119972679469593,229.71603903488628,8197.063625,-7967.347585965113
2019-01-16,138358.83166666667,41143.309166666666,46434.91375,14598.924583333333,34555.86833333333,1625.8170833333334,11.725,66.58333333333333,65.25,0.0,6.579166666666667,144.33333333333334,1.4295833333333334,175.13451995625,0.0,175.13454166666668,11.5,2.0,1.0,2019.0,0.0,0.0,175.13451995625,8301.5299,-8126.395380043749
2019-01-17,140261.87333333332,41151.97375,47178.36083333333,14589.730833333333,35686.674999999996,1655.1325,12.770833333333334,71.16666666666667,0.0,0.0,7.541666666666667,163.0,2.8554166666666667,227.32651923583333,0.0,227.32645833333333,11.5,3.0,1.0,2019.0,0.0,0.005585219478737972,227.33210445531208,8415.712399999999,-8188.380295544688
2019-01-18,142039.72208333333,41377.9575,46911.10791666667,14789.724166666667,37267.98458333333,1692.94625,12.079166666666666,72.25,0.4583333333333333,0.0,8.658333333333333,165.29166666666666,2.4320833333333334,227.49766245833334,0.0,227.49770833333332,11.5,4.0,1.0,2019.0,0.0,0.0020541266575217197,227.49971658499086,8522.383325,-8294.883608415008
2019-01-19,141293.345,40392.815833333334,46998.81625,14685.532916666665,37492.5575,1723.6204166666666,14.4375,66.66666666666667,24.125,0.0,7.0625,160.04166666666666,2.3433333333333333,213.4055334354167,0.0,213.40558333333334,11.5,5.0,1.0,2019.0,1.0,0.0,213.4055334354167,8477.6007,-8264.195166564583
2019-01-20,136690.48666666666,38624.265,46012.77666666667,14314.392916666666,36004.22875,1734.8241666666665,17.779166666666665,66.79166666666667,89.66666666666667,0.0,5.0249999999999995,141.0,2.2516666666666665,190.47523557916668,0.0,190.47529166666666,11.5,6.0,1.0,2019.0,1.0,0.0018589963420210251,190.4770945755087,8201.4292,-8010.952105424491
2019-01-21,136772.1575,36685.64708333334,46472.62125,14537.61125,37292.24458333333,1784.0354166666666,16.245833333333334,79.79166666666667,92.58333333333333,0.2708333333333333,14.841666666666667,97.625,5.91125,127.76903083083333,0.0,127.76908333333334,11.5,0.0,1.0,2019.0,0.0,70.70120404663923,198.47023487747256,8206.32945,-8007.859215122527
2019-01-22,135327.04166666666,33711.480833333335,46615.47666666666,15386.504166666666,37791.9675,1821.6125,14.85,85.54166666666667,57.958333333333336,0.7041666666666666,14.200000000000001,120.29166666666667,2.47375,150.55747894916666,0.0,150.55745833333333,11.5,1.0,1.0,2019.0,0.0,0.0025266346593507045,150.56000558382604,8119.6225,-7969.062494416175
2019-01-23,137131.44916666666,35312.42208333333,46656.04625000001,15094.402083333334,38253.23458333333,1815.34375,13.191666666666668,84.04166666666667,23.833333333333332,0.004166666666666667,6.358333333333333,143.16666666666666,3.0345833333333334,147.57742716250002,0.0,147.57745833333334,11.5,2.0,1.0,2019.0,0.0,0.01844135802469132,147.5958685205247,8227.88695,-8080.291081479475
2019-01-24,138757.25958333333,37592.05708333333,45960.54,14491.025,38885.206666666665,1828.4295833333333,13.683333333333335,80.625,32.666666666666664,0.012500000000000002,8.141666666666667,149.16666666666666,2.9491666666666667,184.13189038333334,0.0,184.13183333333333,11.5,3.0,1.0,2019.0,0.0,0.18748811156835846,184.31937849490168,8325.435575,-8141.116196505099
2019-01-25,136854.79291666666,36732.90833333333,44333.17083333334,14855.605416666667,39144.99375,1788.11,12.091666666666667,78.54166666666667,21.041666666666668,0.004166666666666667,8.262500000000001,152.75,2.5812500000000003,196.48843792,0.0,196.48845833333334,11.5,4.0,1.0,2019.0,0.0,0.1870602423411066,196.6754981623411,8211.287575,-8014.6120768376595
2019-01-26,128203.61708333333,34932.46333333333,40340.54083333333,14487.469166666668,36771.60166666666,1671.54125,11.266666666666666,66.29166666666667,5.333333333333333,0.0,10.308333333333334,176.83333333333334,3.1216666666666666,233.61158465000003,0.0,233.61158333333333,11.5,5.0,1.0,2019.0,1.0,0.05830532693187009,233.6698899769319,7692.217024999999,-7458.547135023068
2019-01-27,128488.39833333333,35789.754583333335,41385.596666666665,14264.4525,35411.23291666667,1637.3616666666667,10.166666666666666,66.25,17.916666666666668,0.0,11.716666666666667,160.58333333333334,4.0408333333333335,211.46348049166667,0.0,211.46349999999998,11.5,6.0,1.0,2019.0,1.0,7.01606761545496,218.47954810712164,7709.3039,-7490.824351892878
2019-01-28,134480.90666666668,37962.253749999996,43753.6175,14827.6725,36200.085,1737.2787500000002,10.637500000000001,60.625,0.0,0.0,12.841666666666667,180.79166666666666,4.22125,241.27075848333334,0.0,241.27066666666667,11.5,0.0,1.0,2019.0,0.0,8.27173611111111,249.54249459444443,8068.8544,-7819.311905405556
2019-01-29,137074.71458333332,38813.95375,44693.61708333334,15056.498333333335,36820.012083333335,1690.635,11.0875,60.458333333333336,5.541666666666667,0.0,12.516666666666666,181.58333333333334,3.5508333333333333,239.11319595,0.0,239.11325,11.5,1.0,1.0,2019.0,0.0,2.9426956447187926,242.0558915947188,8224.482875,-7982.426983405282
2019-01-30,139643.14833333335,40008.441249999996,45490.72541666666,14911.349583333335,37535.456249999996,1697.1770833333333,11.533333333333333,67.70833333333333,63.583333333333336,0.0,9.366666666666665,157.29166666666666,2.31,201.55434589166666,0.0,201.55429166666667,11.5,2.0,1.0,2019.0,0.0,8.321902149062084e-05,201.55442911068815,8378.5889,-8177.034470889311
2019-01-31,140084.51583333334,39610.33583333334,45905.25125,15056.563333333334,37860.63125,1651.7341666666669,13.058333333333332,69.29166666666667,53.75,0.025000000000000005,11.441666666666668,142.04166666666666,3.6391666666666667,207.10163634166668,0.0,207.101625,11.5,3.0,1.0,2019.0,0.0,5.240126600365796,212.34176294203246,8405.07095,-8192.729187057967
2019-02-01,139799.33208333334,39286.612916666665,45580.84666666667,14971.477916666669,38316.37291666667,1644.0229166666668,14.245833333333332,73.83333333333333,32.625,0.008333333333333333,9.208333333333334,141.0,2.6029166666666668,178.21491528333334,0.0,178.21495833333333,11.5,4.0,2.0,2019.0,0.0,0.030956561499771353,178.24587184483312,8387.959925,-8209.714053155167
2019-02-02,139507.22583333333,39451.22375,45544.4475,14969.987916666667,37841.58708333333,1699.9783333333335,12.933333333333332,80.25,0.20833333333333334,0.0,10.225,181.79166666666666,2.9445833333333336,228.226313775,0.0,228.226375,11.5,5.0,2.0,2019.0,1.0,0.05367746913580245,228.2799912441358,8370.43355,-8142.153558755864
2019-02-03,136635.77,38472.95583333333,45445.68125,14642.027916666666,36423.34375,1651.7620833333333,12.670833333333334,81.16666666666667,0.5416666666666666,0.0,8.716666666666667,185.125,2.45375,227.60522443333332,0.0,227.60524999999998,11.5,6.0,2.0,2019.0,1.0,0.0010874485596707752,227.60631188189302,8198.146200000001,-7970.539888118106
2019-02-04,140321.93125,39197.034999999996,46514.4475,14981.017083333332,37940.60041666666,1688.83,14.233333333333334,72.95833333333333,4.708333333333333,0.0,6.570833333333333,187.95833333333334,2.277083333333333,226.93556714166667,0.0,226.9355833333333,11.5,0.0,2.0,2019.0,0.0,0.0,226.93556714166667,8419.315874999998,-8192.380307858333
2019-02-05,143310.64291666666,40070.98333333333,47161.41041666667,15136.651666666667,39183.965833333335,1757.6312500000001,15.950000000000001,75.04166666666667,44.583333333333336,0.0,7.0375000000000005,152.75,2.796666666666667,179.84014061666667,0.0,179.84012500000003,11.5,1.0,2.0,2019.0,0.0,0.014358767718335613,179.854499384385,8598.638574999999,-8418.784075615615
2019-02-06,142071.51249999998,38532.38625,46691.232083333336,15342.418749999999,39734.04958333333,1771.42375,17.166666666666668,84.45833333333333,40.75,0.37916666666666665,12.191666666666668,153.625,3.9829166666666667,189.08515280416668,0.0,189.08512499999998,11.5,2.0,2.0,2019.0,0.0,6.118403006401462,195.20355581056813,8524.29075,-8329.087194189431
2019-02-07,136204.68,33922.035416666666,45120.75625,15219.7975,40157.48291666667,1784.6095833333331,15.766666666666667,88.875,59.0,0.5291666666666667,20.908333333333335,87.83333333333333,3.965,105.06931493,0.0,105.06925000000001,11.5,3.0,2.0,2019.0,0.0,18.24325411522634,123.31256904522634,8172.2807999999995,-8048.9682309547725
2019-02-08,138086.64541666667,35815.75541666667,45611.706666666665,14017.371666666666,40916.72791666666,1725.08375,12.716666666666667,70.66666666666667,24.75,0.0,9.070833333333333,179.95833333333334,2.9929166666666664,207.7347540833333,0.0,207.73475,11.5,4.0,2.0,2019.0,0.0,0.4042994398719708,208.13905352320532,8285.198725,-8077.0596714767935
2019-02-09,137575.51499999998,37240.80708333333,45293.86791666667,13505.507916666667,39940.78375,1594.5512500000002,12.545833333333334,68.20833333333333,0.4166666666666667,0.0,12.954166666666666,197.625,3.44375,241.200349375,0.0,241.20033333333333,11.5,5.0,2.0,2019.0,1.0,1.9631712391403744,243.16352061414037,8254.5309,-8011.367379385859
2019-02-10,132728.50041666665,36098.95875,43959.60291666666,14285.045,36767.12416666667,1617.7695833333335,12.454166666666667,72.08333333333333,75.91666666666667,0.020833333333333332,7.441666666666666,161.29166666666666,1.8008333333333333,179.28731006666666,0.0,179.28725,11.5,6.0,2.0,2019.0,1.0,0.0,179.28731006666666,7963.710024999999,-7784.422714933334
2019-02-11,137778.22874999998,36855.770833333336,45659.62541666667,14452.930416666668,39101.8575,1708.0458333333333,13.237499999999999,73.04166666666667,68.29166666666667,0.0,6.4875,167.33333333333334,1.5920833333333333,177.09585568333333,0.0,177.095875,11.5,0.0,2.0,2019.0,0.0,0.0,177.09585568333333,8266.693725,-8089.597869316666
2019-02-12,141447.6775,37722.894166666665,47205.05333333334,14831.4975,39940.16458333333,1748.0708333333332,15.266666666666666,74.5,80.66666666666667,0.0,5.1875,175.66666666666666,1.77125,182.47776994583333,0.0,182.47775000000001,11.5,1.0,2.0,2019.0,0.0,0.0,182.47776994583333,8486.86065,-8304.382880054165
2019-02-13,142389.29208333333,37929.25625,47617.020416666666,14893.699166666665,40257.17916666667,1692.1358333333335,16.537499999999998,73.20833333333333,71.29166666666667,0.016666666666666666,6.979166666666667,187.875,2.174583333333333,204.20150672916668,0.0,204.20154166666666,11.5,2.0,2.0,2019.0,0.0,0.004625628715134876,204.20613235788178,8543.357525,-8339.151392642118
2019-02-14,140537.72583333333,36097.57083333333,46681.63958333334,15344.681666666665,40687.099583333336,1726.73625,16.333333333333332,82.91666666666667,77.375,0.16666666666666666,14.766666666666666,82.04166666666667,4.349583333333333,107.76725270833333,0.0,107.76733333333333,11.5,3.0,2.0,2019.0,0.0,17.05454561042524,124.82179831875857,8432.26355,-8307.441751681241
2019-02-15,139539.23583333334,36177.597499999996,45230.38958333334,15161.53,41265.99291666666,1703.7241666666666,15.895833333333334,84.70833333333333,55.5,0.1875,6.954166666666667,141.875,2.6283333333333334,144.40873424166668,0.0,144.40879166666667,11.5,4.0,2.0,2019.0,0.0,0.05094684499314128,144.4596810866598,8372.35415,-8227.89446891334
2019-02-16,137610.39708333332,36427.93208333333,44782.555,13825.363333333333,40883.53791666667,1691.0079166666667,14.416666666666666,84.70833333333333,60.25,0.004166666666666667,8.229166666666666,127.54166666666667,2.665833333333333,141.01504755833335,0.0,141.01500000000001,11.5,5.0,2.0,2019.0,1.0,0.003143689986282573,141.0181912483196,8256.623825,-8115.605633751679
2019-02-17,135623.64791666667,35532.34291666667,44719.46083333334,14055.519999999999,39830.815833333334,1485.51,14.620833333333332,79.25,25.041666666666668,0.0,11.666666666666666,197.95833333333334,3.220416666666667,228.901241875,0.0,228.90120833333333,11.5,6.0,2.0,2019.0,1.0,2.5597870370370375,231.46102891203705,8137.418874999999,-7905.957846087963
2019-02-18,139814.85916666666,35935.63625,45891.861249999994,14518.86,41860.45541666667,1608.0454166666666,16.279166666666665,71.33333333333333,28.875,0.004166666666666667,11.204166666666666,180.83333333333334,3.1529166666666666,164.38982654166668,0.0,164.3898333333333,11.5,0.0,2.0,2019.0,0.0,0.42242998399634196,164.812256525663,8388.89155,-8224.079293474337
2019-02-19,142945.7925,36447.38791666667,46709.26708333333,14984.102916666665,43144.84875,1660.1845833333334,16.891666666666666,76.95833333333333,58.625,0.0,6.270833333333333,162.625,2.26625,206.22603058333334,0.0,206.226,11.5,1.0,2.0,2019.0,0.0,0.0013935185185185099,206.22742410185185,8576.74755,-8370.520125898149
2019-02-20,144121.51583333334,36774.49833333333,47417.494166666664,15234.620833333334,43031.98166666667,1662.9204166666666,16.991666666666667,81.66666666666667,98.75,0.10833333333333334,12.495833333333332,78.04166666666667,4.15375,71.60788933333333,0.0,71.60787499999999,11.5,2.0,2.0,2019.0,0.0,5.73675382944673,77.34464316278006,8647.29095,-8569.946306837219
2019-02-21,144054.04,36303.50083333333,47675.4,15436.048333333332,42891.572916666664,1747.5166666666667,19.295833333333334,75.29166666666667,79.29166666666667,0.0,11.220833333333333,180.66666666666666,2.99,201.74496524999998,0.0,201.745,11.5,3.0,2.0,2019.0,0.0,1.7330278920896205,203.47799314208962,8643.242400000001,-8439.76440685791
2019-02-22,145536.32625,37086.905,48153.47041666667,15763.571666666665,42811.43583333333,1720.9416666666666,17.95,71.83333333333333,27.708333333333332,0.016666666666666666,15.158333333333333,207.375,3.9408333333333334,220.600202875,0.0,220.6001666666667,11.5,4.0,2.0,2019.0,0.0,2.6794668495656158,223.2796697245656,8732.179575,-8508.899905275433
2019-02-23,145078.87958333333,37256.587916666664,47840.01541666666,15600.852916666665,42663.997083333335,1717.4254166666667,15.1625,64.04166666666667,33.833333333333336,0.0,14.575000000000001,220.0,4.3062499999999995,240.32872883333334,0.0,240.32870833333334,11.5,5.0,2.0,2019.0,1.0,22.60805687014175,262.9367857034751,8704.732774999999,-8441.795989296525
2019-02-24,140503.08625,36436.87583333333,46531.848333333335,15304.235833333334,40623.84916666667,1606.2766666666666,15.391666666666666,65.66666666666667,24.833333333333332,0.008333333333333333,9.145833333333334,219.625,2.9445833333333336,239.99631591666665,0.0,239.99625,11.5,6.0,2.0,2019.0,1.0,0.10459516460905349,240.1009110812757,8430.185175,-8190.084263918724
2019-02-25,143009.98625,37321.356250000004,47137.364583333336,13899.265833333333,43056.39625,1595.6041666666667,15.470833333333333,65.29166666666667,33.708333333333336,0.0,7.645833333333333,195.08333333333334,1.95875,193.56839995833332,0.0,193.56837500000003,11.5,0.0,2.0,2019.0,0.0,0.0,193.56839995833332,8580.599175,-8387.030775041667
2019-02-26,143323.88375,36953.68625,46679.885833333334,14267.230416666665,43748.46666666667,1674.6141666666665,15.620833333333332,67.45833333333333,64.41666666666667,0.11666666666666668,11.708333333333334,150.625,2.16375,194.83136787499998,0.0,194.83133333333333,11.5,1.0,2.0,2019.0,0.0,0.0011763831732967526,194.83254425817327,8599.433025,-8404.600480741827
2019-02-27,142487.71541666667,36325.43,46310.81916666666,13741.3525,44443.225,1666.8875,13.520833333333334,78.70833333333333,40.458333333333336,0.4666666666666666,7.4624999999999995,183.45833333333334,2.64875,198.89676037499999,0.0,198.89679166666667,11.5,2.0,2.0,2019.0,0.0,0.25398319615912224,199.1507435711591,8549.262925,-8350.11218142884
2019-02-28,143226.32749999998,37193.949166666665,46384.81208333333,13779.597916666666,44215.77375,1652.1937500000001,13.108333333333334,69.75,3.375,0.0,9.429166666666665,222.75,3.06875,239.85235670833333,0.0,239.85237500000002,11.5,3.0,2.0,2019.0,0.0,1.6270308641975306,241.47938757253087,8593.57965,-8352.100262427468
2019-03-01,144258.90708333332,37898.44541666666,46138.880000000005,14134.933749999998,44412.035833333335,1674.61125,13.916666666666666,65.95833333333333,14.083333333333334,0.0,9.504166666666666,229.25,2.464166666666667,244.18380008333335,0.0,244.18379166666668,11.5,4.0,3.0,2019.0,0.0,0.22440483539094644,244.4082049187243,8655.534425,-8411.126220081276
2019-03-02,142789.31541666665,36294.29875,46241.37916666667,14711.437083333332,43825.88791666667,1716.3120833333332,15.020833333333334,72.875,98.83333333333333,0.2833333333333333,6.029166666666666,100.33333333333333,3.654583333333333,85.77907604166666,0.0,85.77904166666667,11.5,5.0,3.0,2019.0,1.0,2.887959304983996,88.66703534665066,8567.358924999999,-8478.691889653348
2019-03-03,135952.11541666667,32811.2925,44758.35125,14547.842499999999,42171.10875,1663.5200000000002,15.895833333333334,79.875,46.291666666666664,0.1708333333333333,8.8375,182.75,2.999166666666667,150.89832487500001,0.0,150.89837500000002,11.5,6.0,3.0,2019.0,1.0,4.156785608139002,155.055110483139,8157.126925,-8002.071814516861
2019-03-04,141331.33583333335,35143.496666666666,45530.792916666665,14815.989166666666,44123.60083333333,1717.4541666666667,16.883333333333333,80.25,14.916666666666666,0.008333333333333333,7.870833333333334,201.83333333333334,2.7670833333333333,203.86289724999997,0.0,203.862875,11.5,0.0,3.0,2019.0,0.0,0.052655921353452234,203.91555317135342,8479.880149999999,-8275.964596828646
2019-03-05,144981.42375,36278.635833333334,47138.5825,14918.154166666667,45003.20875,1642.8408333333334,16.162499999999998,71.25,6.291666666666667,0.0,10.4625,220.95833333333334,3.4891666666666663,219.41183387499999,0.0,219.41179166666666,11.5,1.0,3.0,2019.0,0.0,1.4005691586648377,220.81240303366485,8698.885424999999,-8478.073021966335
2019-03-06,146309.54208333333,36963.12,47643.419583333336,15112.622916666667,44990.01624999999,1600.3616666666667,16.754166666666666,63.416666666666664,3.3333333333333335,0.0,10.700000000000001,233.54166666666666,3.1329166666666666,246.09974466666665,0.0,246.09966666666665,11.5,2.0,3.0,2019.0,0.0,2.241678383630544,248.3414230502972,8778.572525,-8530.231101949703
2019-03-07,147422.66291666668,37622.74458333333,48083.54083333333,15083.073750000001,44952.02833333333,1681.2758333333334,17.179166666666667,61.916666666666664,16.666666666666668,0.0,8.174999999999999,238.5,2.2845833333333334,241.6773678333333,0.0,241.67745833333333,11.5,3.0,3.0,2019.0,0.0,0.008353909465020567,241.68572174279836,8845.359774999999,-8603.674053257202
2019-03-08,148176.79333333333,38046.67625,48055.62791666667,15124.840833333334,45221.354166666664,1728.2933333333333,18.608333333333334,58.541666666666664,20.041666666666668,0.0,7.866666666666667,189.54166666666666,2.5141666666666667,227.78332045833335,0.0,227.78333333333333,11.5,4.0,3.0,2019.0,0.0,1.6513006401463197,229.43462109847965,8890.6076,-8661.17297890152
2019-03-09,146806.60458333333,37186.02416666666,47483.18708333333,15380.722083333334,45027.49833333333,1729.1729166666667,18.204166666666666,64.95833333333333,15.291666666666666,0.0,11.595833333333333,227.16666666666666,3.6533333333333338,226.40378633333333,0.0,226.40379166666665,11.5,5.0,3.0,2019.0,1.0,1.9302342821216278,228.33402061545496,8808.396275,-8580.062254384544
2019-03-10,142020.98958333334,36698.47666666666,46622.53041666667,15322.267916666666,41677.86208333333,1699.8529166666667,17.724999999999998,54.0,0.0,0.0,9.275,249.375,2.7845833333333334,247.57349675,0.0,247.57341666666665,11.5,6.0,3.0,2019.0,1.0,0.10182876085962501,247.6753255108596,8521.259375,-8273.58404948914
2019-03-11,147574.31166666668,37015.793750000004,47987.28833333333,16262.46875,44584.66166666666,1724.1016666666667,20.037499999999998,55.291666666666664,27.166666666666668,0.07083333333333333,14.604166666666666,191.16666666666666,5.0225,191.09206954166666,0.0,191.09208333333333,11.5,0.0,3.0,2019.0,0.0,30.80283321902149,221.89490276068815,8854.458700000001,-8632.56379723931
2019-03-12,150287.31625,38166.871250000004,48167.262083333335,16603.41375,45627.54083333333,1722.2266666666667,19.662499999999998,56.916666666666664,60.5,0.0,10.858333333333334,219.33333333333334,3.2729166666666667,213.55879008333332,0.0,213.55879166666668,11.5,1.0,3.0,2019.0,0.0,0.6958810585276631,214.254671141861,9017.238975,-8802.984303858138
2019-03-13,150251.90375,38730.52916666667,47719.75416666667,16851.34375,45192.97125,1757.305,18.295833333333334,63.291666666666664,92.625,0.0,6.9125000000000005,112.91666666666667,2.4704166666666665,124.17276499999998,0.0,124.17279166666667,11.5,2.0,3.0,2019.0,0.0,0.0028827160493827097,124.1756477160494,9015.114225,-8890.93857728395
2019-03-14,149177.0375,37121.41541666666,47778.98,17008.926666666666,45455.74583333333,1811.9695833333333,17.208333333333332,71.79166666666667,36.5,0.012500000000000002,11.0875,171.20833333333334,3.1979166666666665,175.679906875,0.0,175.67999999999998,11.5,3.0,3.0,2019.0,0.0,0.43959659350708735,176.1195034685071,8950.622249999999,-8774.502746531492
2019-03-15,149177.94458333333,37718.214166666665,47405.31875,16331.580416666666,45965.363333333335,1757.4662500000002,17.966666666666665,64.625,0.041666666666666664,0.0,11.033333333333333,253.125,3.3074999999999997,247.38252583333335,0.0,247.38250000000002,11.5,4.0,3.0,2019.0,0.0,0.3008175011431184,247.68334333447646,8950.676675,-8702.993331665524
2019-03-16,149285.81916666668,38369.97083333333,47952.965,16126.987500000001,45106.348333333335,1729.5470833333331,18.104166666666668,56.708333333333336,52.416666666666664,0.0,10.487499999999999,252.20833333333334,3.0120833333333334,235.09101625000002,0.0,235.091,11.5,5.0,3.0,2019.0,1.0,0.2256435185185184,235.31665976851852,8957.14915,-8721.832490231482
2019-03-17,143782.03541666668,37260.01583333333,46398.729166666664,15573.713333333333,42865.825000000004,1683.7533333333333,20.1375,48.791666666666664,23.458333333333332,0.0,9.070833333333333,252.875,2.8370833333333336,241.3701255,0.0,241.370125,11.5,6.0,3.0,2019.0,1.0,0.018303497942386834,241.38842899794238,8626.922125,-8385.533696002058
2019-03-18,147539.065,38694.864583333336,47085.05958333333,15320.37625,44757.37125,1681.3954166666665,20.716666666666665,49.458333333333336,39.333333333333336,0.0,6.958333333333333,254.54166666666666,2.717083333333333,235.85040791666665,0.0,235.85037499999999,11.5,0.0,3.0,2019.0,0.0,0.05209122085048012,235.90249913751714,8852.3439,-8616.441400862483
2019-03-19,151975.395,39517.14125,48427.55625,16452.09625,45923.90791666667,1654.6933333333334,21.758333333333336,50.083333333333336,0.0,0.0,8.654166666666667,253.83333333333334,3.2633333333333336,233.23576445833336,0.0,233.23570833333335,11.5,1.0,3.0,2019.0,0.0,1.275245256058528,234.51100971439186,9118.5237,-8884.012690285608
2019-03-20,136052.90125,34202.42291666667,39815.21375,15405.861666666666,45016.54791666666,1612.8541666666667,23.3125,46.791666666666664,16.833333333333332,0.0,14.454166666666666,225.16666666666666,3.27125,221.11508083333334,0.0,221.11508333333333,11.5,2.0,3.0,2019.0,0.0,1.8573221879286697,222.972403021262,8163.174075,-7940.201671978738
2019-03-21,135944.70166666666,34169.2275,39796.05541666666,15403.031666666668,44964.09416666667,1612.2945833333333,22.795833333333334,48.75,25.75,0.0,10.475,231.125,2.6354166666666665,218.23427416666667,0.0,218.23425,11.5,3.0,3.0,2019.0,0.0,0.21531841563786,218.44959258230452,8156.682099999999,-7938.232507417695
2019-03-22,141493.24958333335,34822.96875,43430.04666666667,15793.282916666665,45892.44,1554.51375,22.070833333333336,40.416666666666664,0.125,0.0,13.191666666666668,264.0833333333333,4.482916666666667,249.847895625,0.0,249.84787500000002,11.5,4.0,3.0,2019.0,0.0,21.949371799268405,271.7972674242684,8489.594975,-8217.797707575732
2019-03-23,146986.57666666666,36455.38041666667,46621.89708333334,16228.569583333332,46119.098333333335,1561.6329166666667,22.400000000000002,38.375,4.541666666666667,0.0,15.691666666666668,263.7916666666667,4.652916666666667,248.91593625,0.0,248.91591666666667,11.5,5.0,3.0,2019.0,1.0,39.7960859053498,288.7120221553498,8819.194599999999,-8530.482577844648
2019-03-24,145769.00875,36744.00916666666,46823.62791666667,16269.689583333333,44255.61791666667,1676.0666666666666,24.15833333333333,45.291666666666664,13.0,0.0,12.908333333333333,254.66666666666666,3.7641666666666667,227.85254354166668,0.0,227.85245833333332,11.5,6.0,3.0,2019.0,1.0,6.611390603566531,234.4639341452332,8746.140525,-8511.676590854766
2019-03-25,150100.13083333333,37600.291666666664,48257.14124999999,16895.965416666666,45625.20458333333,1721.529166666667,21.72083333333333,62.458333333333336,57.791666666666664,0.020833333333333332,11.525,198.70833333333334,3.6154166666666665,193.708200625,0.0,193.708125,11.5,0.0,3.0,2019.0,0.0,1.4885544124371286,195.19675503743713,9006.00785,-8810.811094962562
2019-03-26,151979.16083333333,37922.77458333333,49623.68125,16275.405,46503.55416666667,1653.74875,22.333333333333332,57.375,0.0,0.0,11.254166666666668,265.5833333333333,3.985,245.05855899999997,0.0,245.05854166666666,11.5,1.0,3.0,2019.0,0.0,6.200017604023777,251.25857660402377,9118.74965,-8867.491073395975
2019-03-27,154369.67833333332,38990.462916666664,50136.620416666665,16977.864583333332,46658.00625,1606.7241666666666,23.604166666666668,52.458333333333336,38.166666666666664,0.0,9.483333333333333,256.9166666666667,2.8891666666666667,225.42606958333332,0.0,225.42612499999998,11.5,2.0,3.0,2019.0,0.0,1.3174496456332876,226.74351922896662,9262.180699999999,-9035.437180771032
2019-03-28,155713.75708333333,39601.245,50372.75166666667,17476.389166666668,46552.730833333335,1710.6408333333331,26.058333333333334,52.208333333333336,41.916666666666664,0.0,8.183333333333334,258.75,2.151666666666667,232.57650358333333,0.0,232.57645833333333,11.5,3.0,3.0,2019.0,0.0,1.3311758687700053,233.90767945210334,9342.825425,-9108.917745547897
2019-03-29,157536.42291666666,40591.78625,50314.46458333333,18083.829999999998,46696.87541666667,1849.4666666666665,27.9375,50.333333333333336,23.541666666666668,0.0,7.020833333333333,257.7083333333333,2.4858333333333333,219.95336184041665,0.0,219.95333333333335,11.5,4.0,3.0,2019.0,0.0,1.1163013831732969,221.06966322358997,9452.185375,-9231.11571177641
2019-03-30,157158.2775,40580.613333333335,50265.348333333335,18110.260833333334,46339.60791666667,1862.4491666666665,26.974999999999998,53.666666666666664,48.166666666666664,0.0,7.404166666666668,213.0,2.3854166666666665,207.69304135416667,0.0,207.69308333333333,11.5,5.0,3.0,2019.0,1.0,0.015657921810699568,207.70869927597735,9429.49665,-9221.787950724023
2019-03-31,148745.83458333332,37642.26458333333,48100.92249999999,17624.469583333335,43992.30291666667,1385.8774999999998,26.491666666666664,40.708333333333336,14.583333333333334,0.0,14.133333333333333,272.3333333333333,4.724583333333333,246.13164515833333,0.0,246.13166666666666,11.5,6.0,3.0,2019.0,1.0,23.33975131458619,269.47139647291954,8924.750075,-8655.27867852708
2019-04-01,150890.55000000002,38866.431666666664,49143.30833333333,16200.518333333333,45242.69166666667,1437.5983333333334,25.53333333333333,32.875,0.0,0.0,13.737499999999999,277.375,3.94125,250.6881942583333,0.0,250.68820833333334,11.5,0.0,4.0,2019.0,0.0,15.973895804755372,266.66209006308867,9053.432999999999,-8786.770909936911
2019-04-02,155019.33333333334,39877.13333333333,50044.91083333333,17849.127083333333,45800.74125,1447.4216666666669,25.504166666666666,38.875,0.041666666666666664,0.0,8.608333333333333,278.25,2.4945833333333334,243.89578595166665,0.0,243.89579166666667,11.5,1.0,4.0,2019.0,0.0,0.028499542752629146,243.9242854944193,9301.16,-9057.235714505581
2019-04-03,157915.77958333332,40523.417083333334,50602.66916666667,18780.344166666666,46514.34333333333,1495.0054166666666,26.304166666666664,38.625,0.0,0.0,9.424999999999999,273.625,2.3829166666666666,239.4907028875,0.0,239.49066666666667,11.5,2.0,4.0,2019.0,0.0,0.04931847279378144,239.54002136029376,9474.946774999999,-9235.406753639707
2019-04-04,158984.59791666668,40853.49125,51060.64124999999,19350.135,46098.11625,1622.21375,27.995833333333334,40.125,16.625,0.0,8.1625,271.0833333333333,2.4529166666666664,232.56695627500002,0.0,232.56695833333333,11.5,3.0,4.0,2019.0,0.0,0.010365683584819376,232.5773219585848,9539.075875,-9306.498553041414
2019-04-05,156747.96958333332,41080.71375,49550.21833333333,19085.013750000002,45412.71916666667,1619.3062499999999,29.441666666666666,41.0,29.666666666666668,0.0,7.133333333333333,259.2083333333333,2.32125,217.04247217916668,0.0,217.04245833333334,11.5,4.0,4.0,2019.0,0.0,0.0027896662094192876,217.0452618453761,9404.878175,-9187.832913154623
2019-04-06,153370.17875,41140.20958333334,49755.3475,16771.755,43952.5525,1750.3145833333335,28.833333333333332,46.583333333333336,27.958333333333332,0.0,9.299999999999999,252.08333333333334,2.67375,213.4557085875,0.0,213.4556666666667,11.5,5.0,4.0,2019.0,1.0,0.7094122656607224,214.16512085316072,9202.210724999999,-8988.045604146839
2019-04-07,143707.40333333335,37425.567083333335,48638.53375,14523.610833333332,41581.135416666664,1538.5545833333333,28.2375,54.125,60.5,0.0,10.108333333333333,224.79166666666666,2.1304166666666666,186.61681247083334,0.0,186.61683333333335,11.5,6.0,4.0,2019.0,1.0,0.0,186.61681247083334,8622.4442,-8435.827387529165
2019-04-08,151184.53916666665,38798.38208333334,50580.24291666667,15983.359166666667,44197.90791666667,1624.6454166666665,26.912499999999998,53.791666666666664,22.125,0.008333333333333333,11.1875,256.7083333333333,2.482083333333333,224.63165270833335,0.0,224.63166666666666,11.5,0.0,4.0,2019.0,0.0,0.007663065843621405,224.63931577417694,9071.07235,-8846.433034225824
2019-04-09,153931.77416666667,41140.39333333333,51107.7575,15282.987083333333,44809.049999999996,1591.5858333333333,28.458333333333332,46.625,31.083333333333332,0.0,8.1,266.1666666666667,2.3266666666666667,227.80256945083332,0.0,227.80254166666666,11.5,1.0,4.0,2019.0,0.0,0.0013591106538637376,227.8039285614872,9235.90645,-9008.102521438514
2019-04-10,156358.275,41942.96,51562.51500000001,16003.133333333333,45109.85125,1739.8141666666668,29.2375,42.958333333333336,53.5,0.0,7.929166666666667,262.0416666666667,2.2062500000000003,219.32302779166665,0.0,219.323,11.5,2.0,4.0,2019.0,0.0,0.0,219.32302779166665,9381.4965,-9162.173472208333
2019-04-11,157141.10666666666,41941.01583333333,51682.02458333334,18017.549583333333,43717.19,1783.32625,30.416666666666668,35.708333333333336,22.5,0.0,8.283333333333333,256.0416666666667,2.995416666666667,223.13959733333334,0.0,223.13958333333335,11.5,3.0,4.0,2019.0,0.0,0.21935813900320067,223.35895547233653,9428.4664,-9205.107444527663
2019-04-12,158235.51583333334,41676.53833333334,51481.676666666666,18476.28583333333,44703.91291666666,1897.1020833333332,29.59583333333333,36.041666666666664,40.0,0.0,10.041666666666666,252.66666666666666,3.3020833333333335,223.51378089166667,0.0,223.51375,11.5,4.0,4.0,2019.0,0.0,0.5540245198902606,224.06780541155695,9494.13095,-9270.063144588443
2019-04-13,157873.05208333334,41618.160416666666,51365.36625,18235.834583333333,44694.95916666667,1958.7325,29.929166666666664,37.666666666666664,25.666666666666668,0.0,11.995833333333332,248.375,3.438333333333333,219.48026389583333,0.0,219.48024999999998,11.5,5.0,4.0,2019.0,1.0,1.627426440329218,221.10769033616256,9472.383124999998,-9251.275434663838
2019-04-14,152456.8175,40315.378333333334,49535.24833333333,17924.842500000002,42942.07666666667,1739.2700000000002,30.616666666666664,33.958333333333336,15.25,0.0,13.991666666666667,271.9583333333333,4.3133333333333335,231.10337250833334,0.0,231.10341666666667,11.5,6.0,4.0,2019.0,1.0,7.544983882030177,238.6483563903635,9147.40905,-8908.760693609636
2019-04-15,157107.685,41522.43625,50730.043333333335,18722.647916666665,44520.230416666665,1612.32875,31.150000000000002,31.5,64.20833333333333,0.0,11.525,263.6666666666667,4.746666666666667,226.33759823333332,0.0,226.33758333333333,11.5,0.0,4.0,2019.0,0.0,47.322134202103335,273.6597324354367,9426.4611,-9152.801367564563
2019-04-16,148041.60874999998,34214.354166666664,48195.92333333333,18832.534166666668,45239.53833333333,1559.2608333333335,26.245833333333334,49.375,97.375,0.020833333333333332,12.566666666666668,155.20833333333334,3.749166666666667,132.75670350416667,0.0,132.75666666666666,11.5,1.0,4.0,2019.0,0.0,8.019392489711935,140.7760959938786,8882.496525,-8741.720429006122
2019-04-17,140738.70916666667,31841.608333333334,45775.02166666667,17186.812916666666,44665.769583333335,1269.4950000000001,21.787499999999998,72.91666666666667,82.875,0.19166666666666665,11.637500000000001,168.5,2.8487500000000003,152.57339964166667,0.0,152.57341666666667,11.5,2.0,4.0,2019.0,0.0,4.214537951531779,156.78793759319845,8444.322549999999,-8287.534612406802
2019-04-18,142888.15875,34154.93916666667,48297.62291666667,17777.594166666666,40983.49916666667,1674.5020833333335,22.554166666666664,66.66666666666667,11.791666666666666,0.004166666666666667,5.616666666666667,258.2083333333333,2.259583333333333,211.82109521708333,0.0,211.82108333333335,11.5,3.0,4.0,2019.0,0.0,0.014189186099679911,211.835284403183,8573.289525,-8361.454240596817
2019-04-19,145149.81958333333,36707.30375,48293.544583333336,17452.981666666667,40926.807916666665,1769.1820833333334,24.520833333333332,53.333333333333336,9.875,0.004166666666666667,9.008333333333333,255.41666666666666,2.441666666666667,209.3690830375,0.0,209.36904166666667,11.5,4.0,4.0,2019.0,0.0,0.004234567901234567,209.37331760540124,8708.989175,-8499.615857394598
2019-04-20,148379.51083333333,38291.61666666667,49473.670000000006,17712.12,41198.550833333335,1703.5541666666668,26.433333333333334,46.958333333333336,23.25,0.0,7.2875000000000005,258.2083333333333,2.2979166666666666,219.80412879999997,0.0,219.804125,11.5,5.0,4.0,2019.0,1.0,0.0,219.80412879999997,8902.77065,-8682.9665212
2019-04-21,143762.60416666666,38060.114583333336,48602.80375,17065.056249999998,38417.449166666665,1617.1833333333334,28.733333333333334,38.666666666666664,11.25,0.0,9.341666666666667,262.6666666666667,2.827083333333333,220.7520378083333,0.0,220.75204166666666,11.5,6.0,4.0,2019.0,1.0,1.251333276177412,222.00337108451075,8625.75625,-8403.75287891549
2019-04-22,150635.07,40859.11708333334,50636.2275,17664.655,39793.40125,1681.6725,30.1375,39.375,0.9583333333333334,0.0,9.375,282.125,2.8783333333333334,225.59260676333335,0.0,225.59266666666667,11.5,0.0,4.0,2019.0,0.0,1.8154526177411985,227.40805938107454,9038.1042,-8810.696140618924
2019-04-23,154057.37,43985.08375,50169.45208333334,17734.01916666667,40336.01833333333,1832.7970833333331,32.083333333333336,34.541666666666664,9.833333333333334,0.0,8.504166666666666,272.875,2.3520833333333333,226.84695596666666,0.0,226.84687499999998,11.5,1.0,4.0,2019.0,0.0,1.647307613168724,228.4942635798354,9243.4422,-9014.947936420163
2019-04-24,157075.74916666668,44116.87583333333,51529.479166666664,18446.42583333333,41115.94875,1867.0183333333334,32.67916666666667,35.208333333333336,11.708333333333334,0.0,10.895833333333334,266.5,1.9358333333333333,217.71714875,0.0,217.71720833333333,11.5,2.0,4.0,2019.0,0.0,0.004620370370370371,217.72176912037037,9424.54495,-9206.82318087963
2019-04-25,162995.81458333333,46041.35125,52371.945,19837.93625,42782.784999999996,1961.795,32.987500000000004,35.875,19.458333333333332,0.0,11.137500000000001,244.83333333333334,3.15,207.95758755250003,0.0,207.95749999999998,11.5,3.0,4.0,2019.0,0.0,4.3414264974851395,212.29901404998517,9779.748875,-9567.449860950015
2019-04-26,164324.19583333333,46415.375,52885.62791666667,19478.181249999998,43485.027083333334,2059.9841666666666,33.016666666666666,32.75,4.208333333333333,0.0,12.625,270.8333333333333,4.455416666666667,230.29415516666666,0.0,230.29408333333333,11.5,4.0,4.0,2019.0,0.0,6.083900262917239,236.3780554295839,9859.45175,-9623.073694570416
2019-04-27,162665.57,45192.065833333334,52680.348750000005,19548.101666666666,43357.36208333333,1887.6908333333333,33.525,21.791666666666668,0.125,0.0,18.858333333333334,286.8333333333333,5.697083333333333,238.32917138916665,0.0,238.32920833333333,11.5,5.0,4.0,2019.0,1.0,68.79067621170553,307.1198476008722,9759.9342,-9452.814352399128
2019-04-28,157462.81541666665,43817.708333333336,51985.05291666667,19144.48083333333,40913.805,1601.7691666666667,33.333333333333336,19.583333333333332,0.0,0.0,15.766666666666666,290.7916666666667,5.077916666666667,239.93790598750002,0.0,239.93791666666667,11.5,6.0,4.0,2019.0,1.0,45.55177371970736,285.48967970720736,9447.768924999998,-9162.279245292792
2019-04-29,164032.06916666668,47128.93208333334,52989.43125,19671.60875,42618.512083333335,1623.5874999999999,33.63333333333333,19.208333333333332,0.4166666666666667,0.0,10.520833333333334,286.0833333333333,2.98375,231.64386955,0.0,231.64383333333333,11.5,0.0,4.0,2019.0,0.0,0.16578423639689072,231.8096537863969,9841.92415,-9610.114496213604
2019-04-30,164484.22125,48419.582083333335,53262.079999999994,19434.32375,41764.63416666666,1603.6008333333332,34.1875,19.916666666666668,15.375,0.0,11.950000000000001,259.4583333333333,3.9254166666666666,222.23750004166666,0.0,222.23749999999998,11.5,1.0,4.0,2019.0,0.0,3.4454312985825335,225.6829313402492,9869.053275,-9643.37034365975
2019-05-01,155774.03166666665,48290.90541666667,50613.29083333333,18394.41375,37005.746666666666,1469.6745833333334,32.979166666666664,24.583333333333332,10.083333333333334,0.0,8.891666666666667,275.8333333333333,2.6325,224.6917639425,0.0,224.69179166666666,11.5,2.0,5.0,2019.0,0.0,0.0074174096936442425,224.69918135219362,9346.4419,-9121.742718647807
2019-05-02,157813.40708333332,46099.24291666667,51909.59583333333,18576.635,39610.87208333333,1617.0620833333332,31.495833333333334,32.791666666666664,37.041666666666664,0.020833333333333332,13.408333333333333,222.875,2.8775,197.35198954166665,0.0,197.35204166666665,11.5,3.0,5.0,2019.0,0.0,0.9066906149977135,198.25868015666438,9468.804425,-9270.545744843335
2019-05-03,153131.84458333332,44523.2425,50779.53791666666,14808.735833333332,41377.4425,1642.8866666666665,30.979166666666668,32.958333333333336,20.291666666666668,0.0,9.65,248.41666666666666,2.7145833333333336,206.2876106125,0.0,206.28762500000002,11.5,4.0,5.0,2019.0,0.0,0.1118236168267032,206.39943422932672,9187.910675,-8981.511240770673
2019-05-04,154083.96541666667,47146.90375,50585.71791666667,13749.957499999999,41359.525416666664,1241.8583333333333,31.166666666666668,22.416666666666668,15.291666666666666,0.0,13.779166666666667,288.4583333333333,4.04875,235.66381017833336,0.0,235.66383333333332,11.5,5.0,5.0,2019.0,1.0,11.472470907636032,247.13628108596936,9245.037924999999,-8997.90164391403
2019-05-05,152317.35708333334,45192.03041666667,49664.43541666667,15916.389583333332,40247.355833333335,1297.1454166666665,31.116666666666664,19.208333333333332,0.0,0.0,14.120833333333332,292.0416666666667,4.265,237.78522555916666,0.0,237.78525000000002,11.5,6.0,5.0,2019.0,1.0,12.943406950160039,250.72863250932673,9139.041425,-8888.312792490673
2019-05-06,160059.86458333334,47336.2925,51209.00208333333,17079.486666666668,42818.85041666667,1616.2320833333333,32.199999999999996,20.708333333333332,0.0,0.0,10.791666666666666,289.0,4.515416666666667,235.12691394166666,0.0,235.1269166666667,11.5,0.0,5.0,2019.0,0.0,35.04372039323273,270.1706343348994,9603.591875,-9333.4212406651
2019-05-07,163363.85541666666,49073.61916666667,51612.88958333334,18208.258333333335,42771.30583333333,1697.7849999999999,32.362500000000004,19.583333333333332,6.666666666666667,0.0,13.329166666666666,268.7083333333333,4.767916666666667,225.72659680208335,0.0,225.7265,11.5,1.0,5.0,2019.0,0.0,28.941338077274807,254.6679348793581,9801.831325,-9547.163390120642
2019-05-08,165567.66875,50987.85666666667,51561.294583333336,19379.357083333332,41882.82916666667,1756.33,34.020833333333336,17.916666666666668,2.5833333333333335,0.0,13.541666666666666,286.0833333333333,5.219166666666667,228.4749842025,0.0,228.475,11.5,2.0,5.0,2019.0,0.0,34.243457704618194,262.71844190711823,9934.060125,-9671.341683092882
2019-05-09,166487.27833333335,51626.111666666664,51219.861666666664,19755.250833333335,42147.496666666666,1738.5591666666667,34.266666666666666,19.5,9.125,0.0,17.116666666666667,279.125,6.107083333333333,231.48836084916664,0.0,231.488375,11.5,3.0,5.0,2019.0,0.0,61.49659493598537,292.98495578515207,9989.2367,-9696.251744214847
2019-05-10,166899.28333333333,50995.770416666666,51000.37125,20041.358333333334,43123.504583333335,1738.2775,34.59166666666667,19.625,36.291666666666664,0.0,16.837500000000002,257.6666666666667,4.4470833333333335,222.77850895833333,0.0,222.77854166666665,11.5,4.0,5.0,2019.0,0.0,19.3559678783722,242.13447683670552,10013.957,-9771.822523163295
2019-05-11,164910.44916666666,49757.06666666667,50445.200000000004,19984.274583333336,42970.42458333333,1753.48625,32.28333333333333,28.625,25.25,0.0,13.0625,250.91666666666666,3.776666666666667,214.730061375,0.0,214.73004166666666,11.5,5.0,5.0,2019.0,1.0,58.03101183127571,272.7610732062757,9894.62695,-9621.865876793723
2019-05-12,159040.82375,48260.73333333334,49374.99833333333,19570.580416666668,40214.135,1620.3779166666666,31.895833333333332,30.25,19.0,0.0,10.841666666666667,265.75,3.8841666666666668,222.72056558333335,0.0,222.72058333333334,11.5,6.0,5.0,2019.0,1.0,5.540275491540924,228.26084107487426,9542.449425,-9314.188583925124
2019-05-13,161051.5525,48494.940833333334,50655.23333333334,19128.683333333334,41343.16416666667,1429.5308333333332,32.38333333333333,29.75,54.291666666666664,0.0,8.3375,244.70833333333334,2.1325,212.3581550416667,0.0,212.358125,11.5,0.0,5.0,2019.0,0.0,0.0,212.3581550416667,9663.093149999999,-9450.734994958333
2019-05-14,160179.00333333333,47711.856250000004,50959.53541666667,18207.671666666665,41741.848333333335,1558.0900000000001,30.079166666666666,41.583333333333336,27.791666666666668,0.0,8.041666666666666,261.0,3.1566666666666667,208.36685516666668,0.0,208.36683333333335,11.5,1.0,5.0,2019.0,0.0,5.2274531893004115,213.5943083559671,9610.740199999998,-9397.145891644033
2019-05-15,161311.39208333334,48012.237916666665,51079.512500000004,18296.264166666664,42268.03416666667,1655.3454166666668,30.349999999999998,44.791666666666664,35.125,0.004166666666666667,7.345833333333332,228.83333333333334,1.545,210.87539495833335,0.0,210.875375,11.5,2.0,5.0,2019.0,0.0,0.0,210.87539495833335,9678.683524999999,-9467.808130041665
2019-05-16,161720.57749999998,47416.151249999995,51271.34416666667,19060.048333333332,42224.21875,1748.8162499999999,30.245833333333334,45.5,27.75,0.0,8.920833333333333,247.83333333333334,2.689583333333333,208.842587125,0.0,208.84266666666667,11.5,3.0,5.0,2019.0,0.0,1.0060155464106084,209.84860267141062,9703.23465,-9493.38604732859
2019-05-17,160978.7175,45405.518749999996,51163.96583333333,20113.443750000002,42629.01375,1666.7749999999999,28.34583333333333,56.875,37.208333333333336,0.1125,7.2124999999999995,224.75,3.32,177.166452875,0.0,177.16645833333334,11.5,4.0,5.0,2019.0,0.0,5.517458904892547,182.68391177989255,9658.72305,-9476.039138220107
2019-05-18,158003.18,43348.50708333334,50753.40208333333,20396.354583333334,41800.84541666667,1704.0691666666664,27.412499999999998,60.375,21.916666666666668,0.008333333333333333,11.858333333333334,253.25,3.75,199.319800125,0.0,199.31975,11.5,5.0,5.0,2019.0,1.0,2.463021719250114,201.7828218442501,9480.1908,-9278.40797815575
2019-05-19,157034.65708333332,45746.55416666667,49261.39041666667,19862.986249999998,40482.28,1681.4445833333332,30.133333333333336,42.875,1.0833333333333333,0.0,10.762500000000001,279.875,3.8674999999999997,217.68897166666667,0.0,217.68891666666664,11.5,6.0,5.0,2019.0,1.0,7.022914951989026,224.7118866186557,9422.079425,-9197.367538381344
2019-05-20,164849.58333333334,48582.43583333333,51771.21166666667,20320.097083333334,42325.12,1850.7179166666667,31.900000000000002,34.5,23.333333333333332,0.0,11.054166666666667,265.7916666666667,3.4975,217.72397520833331,0.0,217.72395833333334,11.5,0.0,5.0,2019.0,0.0,3.9499723936899858,221.67394760202333,9890.975,-9669.301052397976
2019-05-21,168409.48416666666,50553.670000000006,52763.81541666667,20140.465,43080.2125,1871.32,32.637499999999996,31.333333333333332,37.208333333333336,0.0,10.595833333333333,254.83333333333334,3.7816666666666667,208.1205730833333,0.0,208.12045833333332,11.5,1.0,5.0,2019.0,0.0,15.025218907178783,223.1457919905121,10104.56905,-9881.423258009489
2019-05-22,169241.98166666666,51911.90416666667,52517.63625,19793.19875,43142.17916666667,1877.0629166666668,32.86666666666667,34.791666666666664,33.833333333333336,0.0,9.9375,244.45833333333334,2.85875,187.31792562500002,0.0,187.31791666666666,11.5,2.0,5.0,2019.0,0.0,0.2107191929583904,187.5286448179584,10154.518900000001,-9966.990255182041
2019-05-23,169837.70458333334,52100.41208333333,53507.01499999999,19030.83875,43420.08666666666,1779.3525,33.12916666666667,37.25,63.916666666666664,0.0,8.304166666666665,226.29166666666666,2.1566666666666667,193.74374829166666,0.0,193.74375,11.5,3.0,5.0,2019.0,0.0,0.013886888431641507,193.7576351800983,10190.262275,-9996.504639819901
2019-05-24,163910.35666666666,47816.574583333335,52772.105416666665,19773.64,41820.79708333333,1727.2404166666665,30.870833333333334,45.25,20.291666666666668,0.0,12.441666666666668,259.0,3.2070833333333333,190.43404558333336,0.0,190.43408333333332,11.5,4.0,5.0,2019.0,0.0,0.43685453818015535,190.8709001215135,9834.6214,-9643.750499878486
2019-05-25,162490.75583333333,48848.17249999999,52004.05666666667,18737.75,41212.619166666664,1688.155,31.133333333333336,39.375,7.208333333333333,0.0,15.329166666666666,257.3333333333333,5.098333333333334,207.81226454166668,0.0,207.81233333333333,11.5,5.0,5.0,2019.0,1.0,52.090952331961596,259.90321687362825,9749.44535,-9489.542133126371
2019-05-26,158710.41833333333,48599.75041666667,50515.56166666667,18515.254166666666,39307.08458333334,1772.7683333333334,31.633333333333336,34.208333333333336,2.0,0.0,11.483333333333334,284.7916666666667,4.139166666666667,224.59223725,0.0,224.59216666666669,11.5,6.0,5.0,2019.0,1.0,11.474053212162781,236.06629046216278,9522.6251,-9286.558809537837
2019-05-27,166810.13875,51362.46708333333,52126.77666666667,20251.000833333335,41323.855416666665,1746.0341666666666,33.75416666666667,26.833333333333332,4.708333333333333,0.0,11.983333333333334,275.4166666666667,4.465,214.80087316666666,0.0,214.80091666666667,11.5,0.0,5.0,2019.0,0.0,25.305812014174666,240.1066851808413,10008.608325,-9768.501639819158
2019-05-28,171125.89375000002,52903.94416666666,52865.28958333333,20430.34375,43032.63,1893.6866666666667,33.541666666666664,20.375,0.0,0.0,12.395833333333334,290.0,4.590833333333333,224.93743608333332,0.0,224.93741666666665,11.5,1.0,5.0,2019.0,0.0,29.68538603109282,254.62282211442616,10267.553624999999,-10012.930802885574
2019-05-29,171534.82208333333,54476.45875,52737.91541666666,20281.240833333333,42008.00541666667,2031.1983333333335,34.6875,20.166666666666668,3.0,0.0,10.541666666666666,279.7916666666667,3.8674999999999997,213.657733625,0.0,213.65775,11.5,2.0,5.0,2019.0,0.0,7.6678513374485595,221.32558496244857,10292.089324999999,-10070.763740037552
2019-05-30,172612.38333333333,56216.47583333333,53061.94041666667,19441.523333333334,42017.28208333333,1875.1620833333334,35.6,20.75,2.4166666666666665,0.0,9.0625,282.0833333333333,4.210833333333333,215.60130941666668,0.0,215.601375,11.5,3.0,5.0,2019.0,0.0,9.354338877457709,224.95564829412436,10356.743,-10131.787351705874
2019-05-31,170907.50166666668,55893.40583333333,52376.39124999999,18459.24,42365.52375,1812.9437500000001,36.81666666666667,19.541666666666668,7.75,0.0,10.754166666666668,279.5416666666667,3.9095833333333334,213.80692104166667,0.0,213.807,11.5,4.0,5.0,2019.0,0.0,5.4433175582990385,219.25023859996568,10254.4501,-10035.199861400035
2019-06-01,169589.30916666667,56054.72291666667,51721.0875,19027.937916666666,40878.99916666667,1906.5608333333332,35.6625,29.083333333333332,7.875,0.0,10.304166666666667,273.0833333333333,2.9516666666666667,206.7674680416667,0.0,206.767375,11.5,5.0,6.0,2019.0,1.0,1.67321662094193,208.44068466260862,10175.358549999999,-9966.917865337391
2019-06-02,163011.68291666667,54904.30958333333,49966.06625,17600.559583333332,38567.472499999996,1973.2754166666666,35.520833333333336,40.041666666666664,6.083333333333333,0.0,13.804166666666667,268.4583333333333,2.67625,207.37421179166668,0.0,207.3742083333333,11.5,6.0,6.0,2019.0,1.0,0.3980080018289893,207.77221979349565,9780.700975,-9572.928755206505
2019-06-03,162048.95458333334,53933.481250000004,51307.080416666664,17299.065833333334,37605.64041666667,1903.6883333333333,34.608333333333334,45.583333333333336,9.25,0.0,15.549999999999999,262.5833333333333,2.307916666666667,211.64099470833332,0.0,211.641,11.5,0.0,6.0,2019.0,0.0,0.029116255144032915,211.67011096347736,9722.937274999998,-9511.267164036522
2019-06-04,166103.09833333333,54512.11583333334,51612.420000000006,18621.943750000002,39557.94416666667,1798.6741666666667,34.833333333333336,42.458333333333336,8.625,0.0,14.383333333333333,265.125,2.2600000000000002,207.35439175,0.0,207.354375,11.5,1.0,6.0,2019.0,0.0,0.4330891060813898,207.7874808560814,9966.185899999999,-9758.398419143918
2019-06-05,169320.35624999998,57480.792916666665,51563.37208333333,18406.145,39876.54041666666,1993.505,35.57083333333333,39.125,19.541666666666668,0.012499999999999999,9.375,244.33333333333334,2.02,199.82485670833333,0.0,199.82491666666667,11.5,2.0,6.0,2019.0,0.0,0.008607453132144484,199.83346416146549,10159.221375,-9959.387910838535
2019-06-06,165575.32875000002,55332.667916666665,51846.15208333333,18019.010833333334,38277.60125,2099.895,35.65833333333333,36.583333333333336,11.625,0.020833333333333332,11.170833333333334,248.33333333333334,2.8808333333333334,197.39657170833334,0.0,197.396625,11.5,3.0,6.0,2019.0,0.0,3.8152423982624595,201.21181410659577,9934.519725,-9733.307910893403
2019-06-07,163212.25375,53009.979583333334,51201.37583333333,18071.01125,38913.30125,2016.5841666666665,34.12083333333333,42.125,8.291666666666666,0.0,8.604166666666666,262.25,2.3870833333333334,208.51490750000002,0.0,208.51491666666666,11.5,4.0,6.0,2019.0,0.0,1.2002387974394142,209.71514629743942,9792.735224999999,-9583.02007870256
2019-06-08,164663.15541666668,55866.70041666667,50338.90458333333,18362.585833333334,38106.31083333333,1988.6541666666665,35.55416666666667,33.041666666666664,15.5,0.0,8.083333333333334,268.4166666666667,3.1437500000000003,205.85633975,0.0,205.85637499999999,11.5,5.0,6.0,2019.0,1.0,4.389691129401006,210.24603087940102,9879.789325,-9669.543294120598
2019-06-09,162579.83083333334,55090.21666666667,49550.892499999994,19046.209583333333,36900.00625,1992.505,36.96666666666667,23.958333333333332,0.4583333333333333,0.0,8.066666666666666,283.9583333333333,3.794166666666667,211.20841429166668,0.0,211.2085,11.5,6.0,6.0,2019.0,1.0,19.578109567901233,230.7865238595679,9754.78985,-9524.003326140431
2019-06-10,167855.915,57471.91541666666,50737.28041666667,19488.76958333333,38074.84083333333,2083.1091666666666,37.25416666666667,23.416666666666668,5.208333333333333,0.0,7.945833333333333,271.875,4.27375,205.78917070833333,0.0,205.78916666666666,11.5,0.0,6.0,2019.0,0.0,19.419264746227707,225.20843545456103,10071.3549,-9846.146464545438
2019-06-11,170643.12791666665,58632.28958333333,51265.37875,19578.699583333335,38995.63,2171.1275,37.40833333333333,23.208333333333332,18.5,0.0,10.4,255.04166666666666,3.9345833333333338,192.41430875,0.0,192.41441666666665,11.5,1.0,6.0,2019.0,0.0,12.118476051668955,204.53278480166895,10238.587675,-10034.054890198331
2019-06-12,163234.83625,53210.52208333334,49736.19041666667,19243.122916666667,38755.255,2289.745,34.666666666666664,44.458333333333336,23.625,0.09166666666666666,11.612499999999999,236.41666666666666,2.705416666666667,182.31335308333334,0.0,182.31341666666665,11.5,2.0,6.0,2019.0,0.0,0.38060871056241424,182.69396179389574,9794.090175,-9611.396213206104
2019-06-13,161072.59041666667,56300.48416666667,46063.53333333333,17489.53875,38916.392916666664,2302.6404166666666,35.4625,38.166666666666664,38.583333333333336,0.0,12.174999999999999,248.75,3.63875,195.4870395833333,0.0,195.48695833333332,11.5,3.0,6.0,2019.0,0.0,2.24495313214449,197.73199271547784,9664.355425,-9466.623432284521
2019-06-14,169264.85291666668,60024.143749999996,47435.17083333334,20191.042083333334,39543.15791666667,2071.3370833333333,36.05833333333333,29.416666666666668,4.458333333333333,0.0,15.166666666666666,272.4583333333333,4.909166666666667,211.48933966666667,0.0,211.48933333333332,11.5,4.0,6.0,2019.0,0.0,16.355205304069504,227.84454497073617,10155.891174999999,-9928.046630029263
2019-06-15,167859.63583333333,58638.33958333333,47854.22458333333,19396.384583333333,39903.347916666666,2067.34125,36.516666666666666,22.416666666666668,30.958333333333332,0.0,14.4625,243.79166666666666,7.176666666666667,197.54957479166669,0.0,197.54958333333335,11.5,5.0,6.0,2019.0,1.0,114.10951188843164,311.6590866800983,10071.57815,-9759.919063319901
2019-06-16,159284.0325,53337.206249999996,45998.07125,18965.228333333333,38970.81291666667,2012.7133333333334,33.80416666666667,42.625,29.708333333333332,0.0,20.45,241.16666666666666,5.372916666666666,184.6884008333333,0.0,184.68837499999998,11.5,6.0,6.0,2019.0,1.0,50.25591735253772,234.94431818587103,9557.04195,-9322.097631814127
2019-06-17,162352.00333333333,53051.44041666667,47322.47458333333,19534.715833333332,40379.71958333333,2063.653333333333,33.574999999999996,47.0,15.708333333333334,0.0,18.974999999999998,241.125,4.815833333333333,192.869739375,0.0,192.86970833333336,11.5,0.0,6.0,2019.0,0.0,57.51568495656151,250.3854243315615,9741.1202,-9490.734775668438
2019-06-18,159271.03,48597.730833333335,47524.82208333333,19539.584583333333,41388.932916666665,2219.960416666667,30.537499999999998,55.0,27.75,0.020833333333333332,8.745833333333334,234.08333333333334,2.3383333333333334,178.54812295833335,0.0,178.548125,11.5,1.0,6.0,2019.0,0.0,0.023943872885230904,178.57206683121856,9556.2618,-9377.689733168781
2019-06-19,163137.86791666667,52081.15791666667,46692.25875,19966.694583333334,42181.652916666666,2216.1041666666665,31.0,53.0,17.416666666666668,0.0,7.512499999999999,245.16666666666666,2.0854166666666667,192.374484875,0.0,192.37454166666666,11.5,2.0,6.0,2019.0,0.0,1.486638431641518,193.8611233066415,9788.272074999999,-9594.410951693359
2019-06-20,163661.48791666667,52369.07041666666,47825.75291666667,19862.007916666666,41322.793333333335,2281.8629166666665,31.8,47.958333333333336,9.333333333333334,0.0,7.1499999999999995,259.7916666666667,1.9504166666666667,197.14694183333333,0.0,197.14695833333334,11.5,3.0,6.0,2019.0,0.0,1.5432098765431797e-06,197.1469433765432,9819.689274999999,-9622.542331623457
2019-06-21,165101.50583333333,55290.23708333333,48255.075833333336,18651.695416666666,40738.85125,2165.650416666667,33.30416666666667,47.25,15.875,0.049999999999999996,6.325,247.375,1.9262499999999998,181.49523287499997,0.0,181.495125,11.5,4.0,6.0,2019.0,0.0,0.00037928669410150414,181.4956121616941,9906.09035,-9724.594737838306
2019-06-22,161223.5225,56182.27416666667,46889.00875,16991.302916666667,38966.604583333334,2194.3316666666665,34.699999999999996,38.208333333333336,7.541666666666667,0.0,8.85,268.75,2.6625,198.22490591666667,0.0,198.224875,11.5,5.0,6.0,2019.0,1.0,0.11223874028349333,198.33714465695016,9673.41135,-9475.07420534305
2019-06-23,155027.80041666667,54660.50375,44385.89916666667,17749.79375,36076.8325,2154.7712500000002,34.0,49.083333333333336,10.333333333333334,0.0,14.316666666666668,256.5833333333333,3.8045833333333334,191.747295625,0.0,191.74733333333333,11.5,6.0,6.0,2019.0,1.0,23.46967815500686,215.2169737800069,9301.668024999999,-9086.451051219992
2019-06-24,159753.89375,54568.4175,45262.01666666666,19656.580416666668,38092.7425,2174.134583333333,31.575000000000003,60.25,28.833333333333332,0.025000000000000005,10.487499999999999,231.41666666666666,3.1916666666666664,181.08738691666667,0.0,181.08733333333336,11.5,0.0,6.0,2019.0,0.0,1.8282657750342934,182.91565269170096,9585.233624999999,-9402.3179723083
2019-06-25,164300.51083333333,56707.93458333333,46169.684166666666,20472.73083333333,38787.0575,2163.1054166666668,32.15416666666667,61.75,40.208333333333336,0.19999999999999998,5.358333333333333,211.91666666666666,2.12125,170.16851233333333,0.0,170.16845833333335,11.5,1.0,6.0,2019.0,0.0,0.0010227480566986694,170.16953508139002,9858.030649999999,-9687.861114918609
2019-06-26,165910.14666666667,59116.54,46369.32375,19643.42125,38809.269583333335,1971.5912500000002,34.78333333333334,48.416666666666664,16.041666666666668,0.024999999999999998,8.545833333333333,251.70833333333334,3.8154166666666662,194.577054,0.0,194.57704166666667,11.5,2.0,6.0,2019.0,0.0,8.274248971193416,202.8513029711934,9954.6088,-9751.757497028806
2019-06-27,167086.17500000002,59653.78708333333,46876.0375,19362.950833333332,39251.567083333335,1941.8316666666667,34.604166666666664,39.708333333333336,30.458333333333332,0.0,11.795833333333334,255.91666666666666,4.34625,193.38864191666667,0.0,193.38862500000002,11.5,3.0,6.0,2019.0,0.0,21.12743032693187,214.51607224359853,10025.1705,-9810.6544277564
2019-06-28,165741.32208333333,60995.119999999995,44832.135833333334,18528.947083333333,39447.2325,1937.8862499999998,35.487500000000004,37.583333333333336,8.125,0.0,13.254166666666668,265.125,4.259166666666666,196.58151870833333,0.0,196.58154166666668,11.5,4.0,6.0,2019.0,0.0,15.403564300411524,211.98508300874485,9944.479324999998,-9732.494241991255
2019-06-29,164393.63208333333,61623.76666666666,43604.71833333333,18417.709583333333,38709.86708333334,2037.5695833333332,36.35,36.625,17.5,0.0,12.879166666666668,241.5,4.487916666666667,189.82244995833332,0.0,189.82241666666667,11.5,5.0,6.0,2019.0,1.0,23.716250342935528,213.53870030126885,9863.617925,-9650.079224698731
2019-06-30,156800.15791666668,60241.91416666666,41012.55458333334,17686.939583333333,35687.652500000004,2171.0983333333334,36.858333333333334,35.25,22.5,0.0,11.737499999999999,262.0,3.7933333333333334,192.912950625,0.0,192.91295833333334,11.5,6.0,6.0,2019.0,1.0,8.421366426611797,201.3343170516118,9408.009475,-9206.675157948388
2019-07-01,161103.1225,62082.31375,42406.15583333333,17330.888750000002,37104.167916666665,2179.595,35.99583333333333,42.125,22.125,0.0,6.745833333333334,261.7083333333333,2.424583333333333,183.69788820833332,0.0,183.69787499999998,11.5,0.0,7.0,2019.0,0.0,0.34010036579789665,184.03798857413122,9666.187349999998,-9482.149361425869
2019-07-02,160375.70166666666,61086.15708333333,42316.90083333333,16885.162916666668,37949.56125,2137.9220833333334,35.72083333333333,45.5,23.583333333333332,0.0,9.075000000000001,244.125,3.2925,184.10197020833334,0.0,184.102,11.5,1.0,7.0,2019.0,0.0,6.15364060356653,190.25561081189986,9622.5421,-9432.2864891881
2019-07-03,162357.02583333335,62043.61208333333,42000.53166666667,17606.977916666667,38522.03125,2183.874166666667,33.725,55.958333333333336,84.08333333333333,0.06666666666666667,11.516666666666666,219.20833333333334,3.7395833333333335,170.45091770833332,0.0,170.45091666666667,11.5,2.0,7.0,2019.0,0.0,7.318631915866482,177.7695496241998,9741.42155,-9563.6520003758
2019-07-04,161911.51541666666,59921.91458333333,41968.56083333333,18701.006250000002,39027.260416666664,2292.77375,33.020833333333336,59.5,74.79166666666667,0.275,10.420833333333333,220.95833333333334,2.089166666666667,154.4233443125,0.0,154.42329166666664,11.5,3.0,7.0,2019.0,0.0,0.4273772290809326,154.85072154158092,9714.690924999999,-9559.84020345842
2019-07-05,158546.26291666666,56926.85,41680.762500000004,18887.345416666667,38788.402083333334,2262.905,30.97083333333333,72.08333333333333,80.54166666666667,0.15416666666666667,5.920833333333333,195.20833333333334,1.5433333333333332,143.15562875,0.0,143.15566666666666,11.5,4.0,7.0,2019.0,0.0,0.0,143.15562875,9512.775775,-9369.62014625
2019-07-06,153888.33791666667,54473.25625,41526.38916666667,17834.01625,38016.06083333333,2038.6170833333333,31.054166666666664,69.29166666666667,70.58333333333333,0.012500000000000002,7.929166666666667,223.16666666666666,2.28,171.68124383333335,0.0,171.68125,11.5,5.0,7.0,2019.0,1.0,0.09597056470050293,171.77721439803383,9233.300275,-9061.523060601967
2019-07-07,147680.32666666666,53379.55583333334,40122.46,16349.079166666668,36010.79541666667,1818.4350000000002,31.166666666666668,69.16666666666667,53.625,0.08750000000000001,4.641666666666667,242.625,1.1824999999999999,185.25566700000002,0.0,185.255625,11.5,6.0,7.0,2019.0,1.0,0.0,185.25566700000002,8860.819599999999,-8675.563933
2019-07-08,155889.37083333332,56068.07791666667,42529.212916666664,17220.895416666666,38243.958333333336,1827.2295833333335,31.875,67.83333333333333,44.083333333333336,0.16666666666666666,5.333333333333333,228.08333333333334,2.7312499999999997,169.97920254166667,0.0,169.97920833333333,11.5,0.0,7.0,2019.0,0.0,0.17702457704618182,170.15622711871285,9353.36225,-9183.206022881286
2019-07-09,155017.28333333333,52724.86916666667,43734.42125000001,17237.517083333332,39384.245416666665,1936.2316666666666,30.7375,72.04166666666667,75.125,0.2041666666666667,8.725,227.91666666666666,4.076666666666667,145.37458420833335,0.0,145.37458333333333,11.5,1.0,7.0,2019.0,0.0,15.243674611339735,160.61825881967306,9301.036999999998,-9140.418741180327
2019-07-10,155979.995,52977.949583333335,44719.895833333336,17699.40875,38706.214583333334,1876.5254166666666,31.025000000000002,74.16666666666667,78.375,0.29583333333333334,9.058333333333334,225.125,4.971666666666667,163.673277375,0.0,163.67333333333335,11.5,2.0,7.0,2019.0,0.0,24.8910262345679,188.5643036095679,9358.7997,-9170.235396390432
2019-07-11,154999.69208333333,52366.30583333334,45519.349166666674,16570.22375,38702.68583333333,1841.1245833333332,33.395833333333336,56.666666666666664,73.25,0.0,15.204166666666666,249.08333333333334,5.786666666666666,166.803200375,0.0,166.80320833333334,11.5,3.0,7.0,2019.0,0.0,46.07680612711477,212.88000650211475,9299.981525,-9087.101518497884
2019-07-12,158865.88999999998,53421.715416666666,46592.78541666667,17284.38708333333,39724.4075,1842.5925,33.44166666666667,51.166666666666664,76.45833333333333,0.020833333333333332,13.616666666666667,233.875,5.767500000000001,180.21582841666668,0.0,180.21587499999998,11.5,4.0,7.0,2019.0,0.0,56.7342510288066,236.95007944547328,9531.9534,-9295.003320554526
2019-07-13,157932.67791666667,52968.057499999995,46855.19458333333,17251.649166666666,38948.05583333333,1909.7204166666668,34.108333333333334,47.375,34.708333333333336,0.0,19.608333333333334,265.625,5.572500000000001,186.81751175,0.0,186.81754166666667,11.5,5.0,7.0,2019.0,1.0,91.11030229766804,277.92781404766805,9475.960675,-9198.032860952331
2019-07-14,151732.78208333332,50360.93083333334,45831.48416666666,17357.232083333332,36413.47708333333,1769.6575,32.9375,52.25,42.708333333333336,0.0,15.895833333333334,213.16666666666666,3.6279166666666662,161.22387775,0.0,161.22395833333334,11.5,6.0,7.0,2019.0,1.0,6.5881227709190675,167.81200052091907,9103.966924999999,-8936.15492447908
2019-07-15,153863.69749999998,49562.78916666666,47248.5825,17872.14125,37389.747500000005,1790.4379166666668,29.77916666666667,72.29166666666667,64.125,0.18333333333333335,10.020833333333334,205.20833333333334,3.2445833333333334,151.64753508333334,0.0,151.64754166666668,11.5,0.0,7.0,2019.0,0.0,6.374481995884772,158.0220170792181,9231.821849999998,-9073.799832920782
2019-07-16,155752.29666666666,45889.371666666666,49483.935,19501.244166666667,39037.88125,1839.8654166666665,26.6125,88.58333333333333,75.29166666666667,0.8583333333333334,9.1625,109.66666666666667,2.1195833333333334,69.4676415,0.0,69.46766666666666,11.5,1.0,7.0,2019.0,0.0,0.7620736168267032,70.22971511682671,9345.137799999999,-9274.908084883173
2019-07-17,159311.33166666667,47542.511666666665,50301.855416666665,19319.127083333333,40173.64916666666,1974.1883333333335,27.229166666666668,84.91666666666667,51.458333333333336,0.6166666666666667,6.8374999999999995,149.70833333333334,1.5345833333333332,84.13119766666667,0.0,84.13116666666666,11.5,2.0,7.0,2019.0,0.0,0.0,84.13119766666667,9558.6799,-9474.548702333333
2019-07-18,161707.93125,49313.552083333336,50408.68125,20342.094583333335,39578.31208333333,2065.2933333333335,27.53333333333333,82.20833333333333,55.791666666666664,0.5333333333333333,5.033333333333333,182.33333333333334,1.1083333333333334,130.0707424375,0.0,130.07075,11.5,3.0,7.0,2019.0,0.0,0.0,130.0707424375,9702.475875,-9572.405132562499
2019-07-19,162154.43333333332,52062.79541666666,49878.46125,20017.617083333334,38042.354166666664,2153.2062499999997,29.420833333333334,78.75,53.083333333333336,0.2791666666666667,4.579166666666667,238.29166666666666,1.22,169.82942904166666,0.0,169.82945833333332,11.5,4.0,7.0,2019.0,0.0,0.0,169.82942904166666,9729.266,-9559.436570958333
2019-07-20,160527.96875,53403.98375000001,48553.47541666666,20337.147083333333,36103.24958333333,2130.110833333333,30.041666666666668,80.25,50.25,0.5208333333333334,6.745833333333334,235.875,1.5141666666666664,168.74667170833334,0.0,168.74670833333332,11.5,5.0,7.0,2019.0,1.0,0.0,168.74667170833334,9631.678125,-9462.931453291667
2019-07-21,154289.55000000002,52739.925833333335,45364.017499999994,19975.13375,34235.559583333335,1974.9120833333334,29.75,81.33333333333333,47.166666666666664,0.46249999999999997,7.8,211.33333333333334,2.82875,142.86540486666667,0.0,142.86533333333333,11.5,6.0,7.0,2019.0,1.0,1.468774405578418,144.3341792722451,9257.373,-9113.038820727756
2019-07-22,160249.74916666668,56065.7125,47531.64708333334,19989.669166666667,34701.97625,1960.7470833333334,30.408333333333335,80.29166666666667,60.708333333333336,0.25416666666666665,6.279166666666666,218.66666666666666,1.3954166666666667,148.67452929166666,0.0,148.67454166666667,11.5,0.0,7.0,2019.0,0.0,0.0,148.67452929166666,9614.98495,-9466.310420708332
2019-07-23,163871.80041666667,58132.29125,49338.229583333334,19654.902916666666,34816.15791666667,1930.2220833333333,31.620833333333334,76.95833333333333,65.79166666666667,0.19166666666666665,6.233333333333333,231.625,1.1566666666666665,157.63007023333333,0.0,157.63004166666667,11.5,1.0,7.0,2019.0,0.0,0.0,157.63007023333333,9832.308025,-9674.677954766667
2019-07-24,164564.32666666666,58312.52541666667,48971.84166666667,18716.935416666667,36611.39791666667,1951.6241666666667,31.525000000000002,74.375,46.208333333333336,0.2833333333333333,9.170833333333333,247.58333333333334,3.9770833333333333,166.747860375,0.0,166.74779166666667,11.5,2.0,7.0,2019.0,0.0,3.522309556470049,170.27016993147006,9873.8596,-9703.58943006853
2019-07-25,154769.10416666666,51612.56416666667,46931.817083333335,18293.849583333333,35853.25875,2077.6158333333333,27.620833333333334,86.125,95.375,0.45416666666666666,6.641666666666667,110.83333333333333,2.6629166666666664,68.66124366666666,0.0,68.66129166666666,11.5,3.0,7.0,2019.0,0.0,3.133732510288065,71.79497617695473,9286.14625,-9214.351273823044
2019-07-26,149301.15041666667,49975.83541666667,45062.44458333333,18399.966666666667,33795.019166666665,2067.884583333333,27.270833333333332,87.20833333333333,95.95833333333333,1.1208333333333333,10.4125,166.79166666666666,1.9625000000000001,97.45372537499999,0.0,97.45370833333334,11.5,4.0,7.0,2019.0,0.0,0.0,97.45372537499999,8958.069024999999,-8860.615299625
2019-07-27,144074.09458333332,47356.115,43785.435,17909.100000000002,33001.004583333335,2022.4383333333333,26.6375,89.75,98.08333333333333,0.25,13.495833333333332,112.58333333333333,4.3999999999999995,88.08298277916667,0.0,88.08300000000001,11.5,5.0,7.0,2019.0,1.0,9.449924497027892,97.53290727619456,8644.445675,-8546.912767723805
2019-07-28,137977.52666666667,45574.72583333333,42345.71916666667,17295.80791666667,30731.149166666666,2030.1258333333333,28.125,86.5,88.79166666666667,0.3041666666666667,14.208333333333334,192.95833333333334,4.93875,134.64856377083333,0.0,134.64858333333333,11.5,6.0,7.0,2019.0,1.0,28.875444044352992,163.5240078151863,8278.6516,-8115.127592184814
2019-07-29,144436.05708333335,50740.99291666667,42150.184166666666,17141.4325,32360.850833333334,2042.5962499999998,29.233333333333334,78.95833333333333,48.916666666666664,0.05416666666666667,14.362499999999999,237.41666666666666,4.630416666666666,174.91188395833333,0.0,174.91191666666666,11.5,0.0,7.0,2019.0,0.0,20.53803920896205,195.4499231672954,8666.163425,-8470.713501832704
2019-07-30,148336.99875,54036.849583333336,40510.995833333334,18221.859583333335,33412.045,2155.249166666667,28.920833333333334,78.25,79.5,0.03333333333333333,12.420833333333334,214.33333333333334,3.7554166666666666,145.48362658333335,0.0,145.48358333333334,11.5,1.0,7.0,2019.0,0.0,6.493942443987195,151.97756902732053,8900.219925,-8748.24235597268
2019-07-31,152481.59333333335,54031.182499999995,39623.611666666664,19194.909166666668,37553.6975,2078.1929166666664,29.0625,78.45833333333333,97.375,0.020833333333333332,9.670833333333333,165.54166666666666,1.8270833333333334,84.22916423333334,0.0,84.22920833333333,11.5,2.0,7.0,2019.0,0.0,0.06964008916323729,84.29880432249657,9148.8956,-9064.596795677504
2019-08-01,153522.64125000002,54482.33791666667,39695.245833333334,19493.895,37740.885,2110.2774999999997,29.34166666666667,81.58333333333333,75.95833333333333,0.08750000000000001,9.195833333333333,221.45833333333334,2.6775,125.21159936125001,0.0,125.21158333333334,11.5,3.0,8.0,2019.0,0.0,0.18121713534522185,125.39281649659523,9211.358474999999,-9085.965658503404
2019-08-02,151085.08333333334,52192.18666666667,40589.270416666666,19528.122916666667,36596.14083333333,2179.3629166666665,28.75,85.25,90.08333333333333,0.5375,7.083333333333333,199.125,2.026666666666667,126.627645875,0.0,126.62766666666668,11.5,4.0,8.0,2019.0,0.0,0.02951428898033837,126.65716016398034,9065.105,-8938.447839836019
2019-08-03,148275.635,51041.03916666666,40042.82541666667,19632.874166666665,35320.2125,2238.6858333333334,28.3125,88.08333333333333,95.25,0.2833333333333333,8.216666666666667,173.25,3.0225000000000004,125.43903429166666,0.0,125.43900000000001,11.5,5.0,8.0,2019.0,1.0,6.327407407407407,131.76644169907408,8896.5381,-8764.771658300926
2019-08-04,145236.80708333335,51286.23541666666,38435.07041666667,19412.205833333333,33910.32708333333,2192.9679166666665,28.891666666666666,87.41666666666667,89.16666666666667,0.17500000000000002,4.2625,211.58333333333334,2.52625,91.53554513333334,0.0,91.535625,11.5,6.0,8.0,2019.0,1.0,2.706169867398263,94.24171500073159,8714.208424999999,-8619.966709999268
2019-08-05,153817.09125,54899.700000000004,40759.82583333333,19981.2225,35884.10041666667,2292.244166666667,29.233333333333334,85.95833333333333,78.41666666666667,0.7708333333333334,5.645833333333333,219.625,1.2883333333333333,158.09386895833333,0.0,158.09391666666667,11.5,0.0,8.0,2019.0,0.0,0.0,158.09386895833333,9229.025475,-9070.931606041666
2019-08-06,150320.2825,52064.45875,41529.4575,19509.58166666667,34935.79125,2280.9933333333333,27.941666666666666,89.0,96.0,0.8625000000000002,8.5625,146.16666666666666,1.675,120.52901616666666,0.0,120.529,11.5,1.0,8.0,2019.0,0.0,0.0,120.52901616666666,9019.21695,-8898.687933833333
2019-08-07,145525.85874999998,50743.392499999994,41569.244166666664,17198.270416666666,33796.2075,2218.7458333333334,28.183333333333334,88.08333333333333,74.5,0.29166666666666663,5.575,145.41666666666666,1.7216666666666667,131.6101209,0.0,131.610125,11.5,2.0,8.0,2019.0,0.0,0.0,131.6101209,8731.551525,-8599.9414041
2019-08-08,144987.24708333335,53153.942500000005,40511.85916666667,15928.08,33210.21958333333,2183.1445833333332,30.145833333333332,78.375,75.83333333333333,0.020833333333333332,9.2125,227.16666666666666,3.0325,166.1957419625,0.0,166.19575,11.5,3.0,8.0,2019.0,0.0,0.2583068129858254,166.45404877548583,8699.234825,-8532.780776224514
2019-08-09,144969.90625,51198.464166666665,39231.457083333335,18324.65625,33930.86583333334,2284.4620833333333,29.320833333333336,74.5,77.0,0.03333333333333333,21.425,193.5,6.76125,157.99859581666666,0.0,157.99870833333333,11.5,4.0,8.0,2019.0,0.0,154.4727313100137,312.47132712668036,8698.194375,-8385.72304787332
2019-08-10,148638.06166666668,52857.145,39032.11041666667,19729.059583333332,34715.32083333333,2304.4258333333332,28.775000000000002,79.58333333333333,74.58333333333333,0.07083333333333335,18.837500000000002,223.66666666666666,4.912916666666667,146.09432980416668,0.0,146.09437499999999,11.5,5.0,8.0,2019.0,1.0,67.444596650663,213.5389264548297,8918.2837,-8704.74477354517
2019-08-11,149070.03708333333,53542.27916666667,39307.66625,19527.101666666666,34331.17833333334,2361.8129166666668,29.575,78.95833333333333,51.5,0.012500000000000002,7.9375,234.58333333333334,2.6141666666666667,178.27392389583335,0.0,178.27391666666665,11.5,6.0,8.0,2019.0,1.0,0.005105452674897092,178.2790293485082,8944.202224999999,-8765.923195651492
2019-08-12,155870.73875,56615.348750000005,41302.380833333336,18935.670833333334,36804.895416666666,2212.4424999999997,29.308333333333334,79.91666666666667,94.16666666666667,0.31666666666666665,9.316666666666666,198.41666666666666,1.8129166666666665,156.14627358333334,0.0,156.14629166666666,11.5,0.0,8.0,2019.0,0.0,0.02450188614540466,156.17077546947874,9352.244325,-9196.073549530522
2019-08-13,153928.95249999998,54477.730416666665,42273.292916666665,17721.684583333332,37346.29833333333,2109.9441666666667,29.087500000000002,83.66666666666667,85.58333333333333,0.8375,9.004166666666666,191.79166666666666,1.9116666666666668,151.97985670833333,0.0,151.979875,11.5,1.0,8.0,2019.0,0.0,0.5066985596707818,152.4865552680041,9235.737149999999,-9083.250594731995
2019-08-14,150127.73333333334,52107.517499999994,40594.785833333335,17832.164583333335,37410.2325,2183.0333333333333,28.354166666666668,88.0,94.20833333333333,0.11666666666666665,4.016666666666667,187.91666666666666,1.7212500000000002,118.43258215583334,0.0,118.43254166666667,11.5,2.0,8.0,2019.0,0.0,0.027631344307270236,118.4602135001406,9007.663999999999,-8889.203786499858
2019-08-15,137279.37916666668,47671.06083333333,34566.82541666667,17744.678333333333,35231.847916666666,2064.9683333333332,29.0125,82.0,96.875,0.4666666666666666,14.029166666666667,191.29166666666666,4.363333333333333,143.40115077916667,0.0,143.401125,11.5,3.0,8.0,2019.0,0.0,9.93561362597165,153.33676440513833,8236.76275,-8083.425985594861
2019-08-16,144923.53,48164.11083333333,37865.74958333333,18933.68,37873.954999999994,2086.0354166666666,27.900000000000002,84.0,76.83333333333333,0.39166666666666666,17.325,203.0,5.22,137.30244220833333,0.0,137.30241666666666,11.5,4.0,8.0,2019.0,0.0,32.99503223593965,170.29747444427298,8695.4118,-8525.114325555727
2019-08-17,142139.98083333333,43741.06208333333,40967.067083333335,18503.326250000002,36624.94708333333,2303.58,26.145833333333332,89.5,97.58333333333333,0.35000000000000003,20.729166666666668,91.5,3.8954166666666663,48.50216977916667,0.0,48.502125,11.5,5.0,8.0,2019.0,1.0,7.005932841792408,55.50810262095907,8528.39885,-8472.89074737904
2019-08-18,135123.7525,39936.78166666667,40910.43041666666,17325.084166666667,34796.018749999996,2155.4379166666668,26.875,87.04166666666667,98.54166666666667,1.2916666666666667,10.104166666666666,150.83333333333334,3.4270833333333335,104.34872522916667,0.0,104.34875,11.5,6.0,8.0,2019.0,1.0,5.623578303612255,109.97230353277892,8107.42515,-7997.452846467221
2019-08-19,144471.31083333332,45470.76666666666,42504.612916666665,18075.0225,36248.53958333333,2172.366666666667,27.991666666666664,84.04166666666667,24.208333333333332,0.05416666666666667,4.954166666666667,243.75,2.7145833333333336,155.70757205833334,0.0,155.70758333333333,11.5,0.0,8.0,2019.0,0.0,0.1873540809327847,155.89492613926612,8668.27865,-8512.383723860734
2019-08-20,150216.87125,49258.901666666665,43101.870416666665,19117.632916666666,36515.51125,2222.9558333333334,28.537499999999998,81.79166666666667,32.916666666666664,0.03333333333333333,9.570833333333333,247.20833333333334,3.2045833333333333,184.18095872083333,0.0,184.18087500000001,11.5,1.0,8.0,2019.0,0.0,4.319794010059443,188.5007527308928,9013.012275,-8824.511522269107
2019-08-21,153986.92583333334,51092.48541666666,43546.94666666666,20451.178333333333,36632.85666666667,2263.4587500000002,29.3125,77.83333333333333,37.625,0.0,9.870833333333334,267.7916666666667,2.5516666666666667,202.83040257083334,0.0,202.83041666666668,11.5,2.0,8.0,2019.0,0.0,2.6573426497485144,205.48774522058184,9239.215549999999,-9033.727804779419
2019-08-22,154152.38166666668,51612.89166666666,43850.81125,20509.145,35832.99083333334,2346.5429166666668,28.604166666666668,84.16666666666667,82.41666666666667,0.03333333333333333,6.291666666666667,225.04166666666666,2.1841666666666666,192.76568517916667,0.0,192.76566666666668,11.5,3.0,8.0,2019.0,0.0,0.057887345679012346,192.82357252484567,9249.142899999999,-9056.319327475154
2019-08-23,155769.0741666667,54535.93083333334,44081.64083333333,19397.81625,35510.760833333334,2242.9241666666667,29.204166666666666,82.29166666666667,60.958333333333336,0.16666666666666666,3.525,234.41666666666666,1.7079166666666667,180.6619615,0.0,180.66195833333333,11.5,4.0,8.0,2019.0,0.0,0.0,180.6619615,9346.14445,-9165.4824885
2019-08-24,152266.7525,53335.53541666667,42531.979166666664,18323.46125,35901.682916666665,2174.094583333333,29.079166666666666,82.54166666666667,83.04166666666667,0.1625,5.783333333333334,208.375,1.5091666666666665,158.602231625,0.0,158.60220833333332,11.5,5.0,8.0,2019.0,1.0,0.0,158.602231625,9136.005149999999,-8977.402918374999
2019-08-25,146164.68833333332,49876.90583333333,41807.65333333333,17533.507083333334,34756.455,2190.1683333333335,27.5125,88.04166666666667,96.0,0.5375,8.170833333333333,149.91666666666666,2.375,113.14179695,0.0,113.14179166666666,11.5,6.0,8.0,2019.0,1.0,0.0014599336991312198,113.14325688369912,8769.8813,-8656.738043116302
2019-08-26,153260.17416666666,52090.6975,43247.18666666667,18280.46416666667,37365.980833333335,2275.844583333333,28.84583333333333,83.04166666666667,58.458333333333336,0.025000000000000005,8.629166666666666,239.20833333333334,2.21375,168.17346493333332,0.0,168.17345833333334,11.5,0.0,8.0,2019.0,0.0,0.04249022633744853,168.21595515967078,9195.61045,-9027.394494840328
2019-08-27,159863.78291666668,56094.68125,43305.394583333335,18944.27875,39153.56125,2365.8675,29.808333333333334,80.04166666666667,64.875,0.004166666666666667,6.3374999999999995,237.91666666666666,2.1720833333333336,187.329224375,0.0,187.32920833333333,11.5,1.0,8.0,2019.0,0.0,3.6579789666209528e-06,187.329228032979,9591.826975,-9404.497746967021
2019-08-28,163300.77333333335,57806.701250000006,43521.41458333333,19318.621666666666,40416.3525,2237.6820833333336,30.454166666666666,78.29166666666667,43.666666666666664,0.016666666666666666,8.450000000000001,250.5,2.920833333333333,200.53113607083333,0.0,200.53112499999997,11.5,2.0,8.0,2019.0,0.0,1.22146073388203,201.75259680471538,9798.0464,-9596.293803195285
2019-08-29,165268.11125,57776.20875,44562.27125,19443.936666666665,41136.864166666666,2348.83,30.1375,80.375,48.75,0.041666666666666664,9.120833333333334,223.58333333333334,2.2425,181.66814104166667,0.0,181.66808333333333,11.5,3.0,8.0,2019.0,0.0,0.0049988568815729165,181.67313989854824,9916.086675,-9734.41353510145
2019-08-30,164733.05250000002,57181.05958333333,44547.23375000001,19937.02625,40707.1875,2360.5416666666665,30.175,80.875,52.666666666666664,0.0375,5.129166666666667,230.0,1.3629166666666668,170.7880851625,0.0,170.788125,11.5,4.0,8.0,2019.0,0.0,0.0,170.7880851625,9883.98315,-9713.1950648375
2019-08-31,162517.07458333333,57879.239166666666,43662.902083333334,20049.385416666668,38713.4175,2212.1304166666664,30.483333333333334,77.95833333333333,80.75,0.26666666666666666,5.3625,215.45833333333334,1.2829166666666667,180.54958925833333,0.0,180.549625,11.5,5.0,8.0,2019.0,1.0,0.0,180.54958925833333,9751.024475,-9570.474885741665
2019-09-01,150735.68208333335,52869.986249999994,41309.56083333333,19302.983333333334,35002.822916666664,2250.3279166666666,28.6375,85.58333333333333,94.875,0.19583333333333333,9.983333333333333,170.29166666666666,2.3520833333333333,101.44858978333333,0.0,101.44866666666667,11.5,6.0,9.0,2019.0,1.0,0.09522833790580704,101.54381812123914,9044.140925,-8942.59710687876
2019-09-02,150533.22541666668,54451.517499999994,40477.68583333333,19334.1975,34038.316666666666,2231.5070833333334,29.558333333333334,83.20833333333333,72.41666666666667,0.05416666666666667,4.245833333333334,208.5,1.185,180.0451193625,0.0,180.04516666666666,11.5,0.0,9.0,2019.0,0.0,0.0,180.0451193625,9031.993525,-8851.948405637499
2019-09-03,155727.93708333335,57002.72125,42205.04583333333,19216.454166666666,35044.294583333336,2259.4233333333336,30.1875,79.70833333333333,47.083333333333336,0.22916666666666666,5.083333333333333,222.45833333333334,1.1345833333333333,155.37345521666666,0.0,155.3735,11.5,1.0,9.0,2019.0,0.0,0.0,155.37345521666666,9343.676225,-9188.302769783333
2019-09-04,155736.70958333332,56830.62416666667,41989.73458333333,19209.34833333333,35448.18875,2258.813333333333,29.0625,84.58333333333333,95.66666666666667,0.325,8.854166666666666,199.95833333333334,2.40375,136.183673975,0.0,136.18362499999998,11.5,2.0,9.0,2019.0,0.0,0.04849422725194327,136.23216820225193,9344.202575,-9207.970406797747
2019-09-05,155909.15666666665,55819.655,42166.837916666664,19391.170833333334,36343.324166666665,2188.17125,29.462500000000002,82.08333333333333,63.0,0.025000000000000005,7.7875000000000005,217.625,1.84375,160.85812629166665,0.0,160.85808333333333,11.5,3.0,9.0,2019.0,0.0,0.0,160.85812629166665,9354.5494,-9193.691273708333
2019-09-06,158169.77291666667,56194.105416666665,42539.566666666666,19580.869583333333,37566.62,2288.61125,29.729166666666668,80.95833333333333,84.66666666666667,0.016666666666666666,7.7749999999999995,220.125,1.2995833333333333,175.32126594583335,0.0,175.32129166666667,11.5,4.0,9.0,2019.0,0.0,0.0,175.32126594583335,9490.186375,-9314.865109054166
2019-09-07,155744.27291666667,55646.71833333333,42159.15916666667,18659.960000000003,36994.25666666667,2284.1766666666667,28.825,84.79166666666667,97.0,0.08750000000000001,9.112499999999999,184.5,1.5216666666666665,141.40862108333334,0.0,141.40870833333335,11.5,5.0,9.0,2019.0,1.0,0.0,141.40862108333334,9344.656375,-9203.247753916667
2019-09-08,150016.14958333332,54116.07958333333,40018.730416666665,17920.486666666668,35827.754166666666,2133.0983333333334,29.15416666666667,83.41666666666667,66.95833333333333,0.008333333333333333,6.329166666666667,220.54166666666666,1.7545833333333334,190.922510075,0.0,190.9225,11.5,6.0,9.0,2019.0,1.0,0.0,190.922510075,9000.968975,-8810.046464925
2019-09-09,152819.26791666666,55047.26666666666,40478.808750000004,18382.67541666667,36751.92083333333,2158.5987499999997,30.166666666666668,78.125,43.666666666666664,0.004166666666666667,4.858333333333333,236.41666666666666,2.021666666666667,183.51046666666664,0.0,183.51041666666666,11.5,0.0,9.0,2019.0,0.0,0.0,183.51046666666664,9169.156075,-8985.645608333334
2019-09-10,161757.00416666668,58877.18833333333,41267.76291666667,19214.903333333332,40171.49791666667,2225.65125,30.65416666666667,74.0,4.708333333333333,0.0,5.4750000000000005,244.66666666666666,2.11625,197.24084999166666,0.0,197.2407916666667,11.5,1.0,9.0,2019.0,0.0,0.001657864654778235,197.24250785632145,9705.42025,-9508.177742143678
2019-09-11,161070.72291666668,58776.30541666667,41262.5575,19454.629166666666,39351.044583333336,2226.1858333333334,31.245833333333334,73.29166666666667,19.291666666666668,0.016666666666666666,5.8,233.33333333333334,1.7308333333333332,190.90446059166666,0.0,190.90449999999998,11.5,2.0,9.0,2019.0,0.0,0.0,190.90446059166666,9664.243375,-9473.338914408332
2019-09-12,157601.86708333335,59800.817083333335,39164.33583333334,18726.741666666665,37731.4275,2178.5454166666664,30.229166666666668,79.45833333333333,58.5,0.025000000000000005,13.370833333333332,204.58333333333334,2.5429166666666667,158.56976107916668,0.0,158.56975,11.5,3.0,9.0,2019.0,0.0,0.28322616598079575,158.85298724514746,9456.112025,-9297.259037754853
2019-09-13,156632.48625,57552.42791666667,40105.57666666667,18610.409166666668,38358.66583333333,2005.405,29.854166666666668,77.58333333333333,50.541666666666664,0.024999999999999998,10.808333333333332,219.79166666666666,2.7495833333333333,182.322673725,0.0,182.32275,11.5,4.0,9.0,2019.0,0.0,0.08336814128943759,182.40604186628943,9397.949175,-9215.543133133711
2019-09-14,156924.58958333332,56911.07083333333,40803.888750000006,19064.619166666667,38097.754166666666,2047.256666666667,28.733333333333334,78.70833333333333,67.83333333333333,0.02916666666666667,12.108333333333334,180.16666666666666,2.815,139.63108795000002,0.0,139.631125,11.5,5.0,9.0,2019.0,1.0,0.27049577046182,139.90158372046182,9415.475375,-9275.573791279538
2019-09-15,152391.82416666666,54865.70458333333,40221.909583333334,19344.3225,35879.808750000004,2080.07875,28.079166666666666,83.20833333333333,82.33333333333333,0.21666666666666667,8.345833333333333,178.625,1.1770833333333333,143.16746177666667,0.0,143.1675,11.5,6.0,9.0,2019.0,1.0,0.0,143.16746177666667,9143.50945,-9000.341988223334
2019-09-16,157719.5425,56199.33583333334,42382.346249999995,19691.351666666666,37429.53916666666,2016.9662500000002,29.295833333333334,81.04166666666667,30.875,0.016666666666666666,5.416666666666667,211.75,2.4754166666666664,188.26774905833335,0.0,188.26770833333333,11.5,0.0,9.0,2019.0,0.0,0.16027286236854135,188.42802192070187,9463.17255,-9274.744528079298
2019-09-17,155730.53833333333,55755.14208333333,42362.92458333333,18777.029583333333,36686.00625,2149.434583333333,29.241666666666664,79.625,31.416666666666668,0.08333333333333333,7.766666666666667,211.375,2.0437499999999997,170.57779622500001,0.0,170.57775,11.5,1.0,9.0,2019.0,0.0,0.0,170.57779622500001,9343.8323,-9173.254503775
2019-09-18,151291.28125,53882.517916666664,42156.825833333336,17897.095416666667,35217.181666666664,2137.66125,28.52916666666667,79.75,33.25,0.125,11.245833333333332,187.08333333333334,2.247916666666667,170.1792734625,0.0,170.17929166666667,11.5,2.0,9.0,2019.0,0.0,0.007862597165066288,170.18713605966505,9077.476874999998,-8907.289738940335
2019-09-19,150768.15416666665,52282.22833333333,42195.76291666667,19305.434583333332,34767.40625,2217.3195833333334,26.9375,79.66666666666667,32.916666666666664,0.041666666666666664,12.737499999999999,200.5,2.844583333333333,160.15420145416667,0.0,160.15425000000002,11.5,3.0,9.0,2019.0,0.0,1.1759824531321448,161.33018390729882,9046.089249999999,-8884.7590660927
2019-09-20,152909.05583333332,53158.49166666667,42209.13875,19861.2575,35240.85208333333,2439.3166666666666,27.054166666666664,83.375,24.916666666666668,0.32083333333333336,6.95,198.58333333333334,2.32625,184.6225406041667,0.0,184.622625,11.5,4.0,9.0,2019.0,0.0,0.4259838248742569,185.04852442904095,9174.54335,-8989.494825570959
2019-09-21,152335.07291666666,53039.52708333333,42475.3425,19217.977083333335,35311.38375,2290.8433333333332,27.804166666666664,80.08333333333333,21.625,0.02916666666666667,6.066666666666666,190.33333333333334,1.5337500000000002,171.688380975,0.0,171.6883333333333,11.5,5.0,9.0,2019.0,1.0,0.0,171.688380975,9140.104374999999,-8968.415994025
2019-09-22,142316.69999999998,47304.34291666667,40963.87708333333,17894.655,34068.769583333335,2085.0570833333336,27.125,82.70833333333333,32.083333333333336,0.5791666666666667,8.729166666666666,176.45833333333334,3.2183333333333333,162.51862362083332,0.0,162.51854166666666,11.5,6.0,9.0,2019.0,1.0,0.6699916552354823,163.18861527606882,8539.001999999999,-8375.813384723931
2019-09-23,147820.76833333334,48740.10166666666,42628.5675,18667.097083333334,35847.4425,1937.5583333333334,26.766666666666666,80.41666666666667,30.833333333333332,0.08333333333333333,7.9750000000000005,189.58333333333334,2.3583333333333334,166.79391352500002,0.0,166.79391666666666,11.5,0.0,9.0,2019.0,0.0,0.004673754000914488,166.7985872790009,8869.2461,-8702.447512720999
2019-09-24,146159.76666666666,49394.911666666674,42221.555,18092.709166666667,34603.20208333333,1847.38875,27.0625,80.16666666666667,24.791666666666668,0.12083333333333333,8.608333333333333,199.79166666666666,2.7391666666666663,183.48939315416666,0.0,183.489375,11.5,1.0,9.0,2019.0,0.0,0.2126367741197989,183.70202992828646,8769.586,-8585.883970071713
2019-09-25,142735.49458333335,49734.81958333333,40989.415,16694.0825,33511.269166666665,1805.9087499999998,27.258333333333336,80.83333333333333,34.916666666666664,0.15,11.295833333333334,188.79166666666666,3.5195833333333333,183.20236079166668,0.0,183.202375,11.5,2.0,9.0,2019.0,0.0,4.100979995427527,187.30334078709419,8564.129675,-8376.826334212905
2019-09-26,139753.4425,48150.14958333334,40704.15083333333,15884.06125,33017.86833333333,1997.212083333333,27.579166666666666,76.45833333333333,65.20833333333333,0.07916666666666666,15.870833333333332,166.875,3.5733333333333337,160.668633695,0.0,160.668625,11.5,3.0,9.0,2019.0,0.0,6.336919638774577,167.00555333377457,8385.20655,-8218.200996666224
2019-09-27,136965.46958333332,45514.378333333334,39565.42791666667,15881.447083333333,34020.675833333335,1983.5383333333332,26.641666666666666,78.16666666666667,49.541666666666664,0.020833333333333332,13.0,140.04166666666666,3.86125,125.20530362916666,0.0,125.20533333333333,11.5,4.0,9.0,2019.0,0.0,3.3444901120256056,128.54979374119227,8217.928175,-8089.378381258807
2019-09-28,132240.1875,42047.45333333333,38993.635416666664,14581.441250000002,34653.62375,1964.0333333333335,25.554166666666664,82.91666666666667,44.5,0.19166666666666665,12.799999999999999,150.83333333333334,3.8200000000000003,176.4618540225,0.0,176.461875,11.5,5.0,9.0,2019.0,1.0,7.917369055784181,184.37922307828418,7934.41125,-7750.032026921715
2019-09-29,123870.89,37351.73583333333,37551.573333333334,13519.742916666668,33605.41458333333,1842.425,25.004166666666666,83.70833333333333,48.666666666666664,0.08333333333333333,11.666666666666666,120.0,2.8216666666666668,53.1619243625,0.0,53.161875,11.5,6.0,9.0,2019.0,1.0,1.1718747142203927,54.33379907672039,7432.2534000000005,-7377.919600923279
2019-09-30,132506.26916666667,41773.245416666665,38881.10041666667,15010.03125,34987.79791666667,1854.0920833333332,25.354166666666668,83.375,46.458333333333336,0.25,7.875,170.04166666666666,2.5283333333333333,143.06441225166665,0.0,143.06445833333333,11.5,0.0,9.0,2019.0,0.0,0.049281607224508465,143.11369385889117,7950.37615,-7807.262456141109
2019-10-01,132817.51833333334,40380.32625,39189.512083333335,15667.231666666667,35764.00083333333,1816.4487499999998,25.133333333333336,85.29166666666667,63.333333333333336,0.1875,7.516666666666667,155.125,1.7079166666666667,136.96720569583331,0.0,136.96725,11.5,1.0,10.0,2019.0,0.0,0.0,136.96720569583331,7969.0511,-7832.083894304166
2019-10-02,130016.87333333334,38424.7975,39060.847083333334,16298.839166666667,34300.83083333333,1931.5566666666666,26.495833333333334,79.58333333333333,20.833333333333332,0.008333333333333333,5.308333333333334,191.25,1.2158333333333333,185.3264189216667,0.0,185.32633333333334,11.5,2.0,10.0,2019.0,0.0,0.0,185.3264189216667,7801.0124,-7615.685981078333
2019-10-03,137033.24166666667,40699.34375,40969.69541666666,17107.16125,36204.144583333335,2052.895,27.483333333333334,72.91666666666667,25.291666666666668,0.0,4.5249999999999995,207.41666666666666,1.7325,199.93526909458333,0.0,199.93525,11.5,3.0,10.0,2019.0,0.0,0.0,199.93526909458333,8221.994499999999,-8022.059230905416
2019-10-04,137779.58083333334,40227.199166666665,41473.32708333333,17284.297083333335,36710.402916666666,2084.3554166666668,26.179166666666664,72.45833333333333,26.041666666666668,0.2041666666666667,8.216666666666667,182.08333333333334,2.46125,188.67332295166668,0.0,188.67329166666664,11.5,4.0,10.0,2019.0,0.0,0.0,188.67332295166668,8266.77485,-8078.101527048333
2019-10-05,138108.33083333334,40986.89125,41603.487916666665,17426.725416666668,35969.620833333334,2121.6054166666668,26.09166666666667,66.20833333333333,2.375,0.0,10.383333333333333,223.0,2.7379166666666666,213.85898083708332,0.0,213.85891666666666,11.5,5.0,10.0,2019.0,1.0,0.4211679240969364,214.28014876118027,8286.49985,-8072.21970123882
2019-10-06,133598.22541666668,40447.724583333336,40056.78,16854.89875,34255.14291666667,1983.68,26.400000000000002,62.25,16.833333333333332,0.0,8.225,222.33333333333334,2.6758333333333333,211.83510391833332,0.0,211.83512499999998,11.5,6.0,10.0,2019.0,1.0,0.01346462048468221,211.848568538818,8015.8935249999995,-7804.044956461182
2019-10-07,133672.37083333332,41319.370416666665,41244.019583333335,15883.935416666667,33443.20083333333,1781.8458333333335,26.3125,62.5,37.125,0.0,10.866666666666667,187.0,3.0525,207.88850061625,0.0,207.88845833333335,11.5,0.0,10.0,2019.0,0.0,0.3184259830818473,208.20692659933184,8020.342250000001,-7812.135323400667
2019-10-08,127637.77041666668,39064.119166666664,38435.402916666666,14899.94,33668.92916666667,1569.3774999999998,26.3875,56.75,0.041666666666666664,0.0,7.054166666666667,219.08333333333334,2.151666666666667,214.05282791666664,0.0,214.05283333333333,11.5,1.0,10.0,2019.0,0.0,0.007552469135802451,214.06038038580246,7658.266224999999,-7444.205844614197
2019-10-09,135272.79833333334,42155.17458333333,41317.072916666664,14784.581666666667,35340.23416666667,1675.7341666666669,25.525000000000002,61.083333333333336,10.583333333333334,0.0,6.325,185.95833333333334,1.8429166666666668,168.27645041666668,0.0,168.27645833333332,11.5,2.0,10.0,2019.0,0.0,0.0,168.27645041666668,8116.3679,-7948.091449583332
2019-10-10,139784.16666666666,43138.550416666665,43406.542083333334,15824.460833333333,35587.11875,1827.4962500000001,26.474999999999998,59.166666666666664,10.541666666666666,0.0,5.895833333333333,177.0,2.1283333333333334,188.90177891666667,0.0,188.90170833333332,11.5,3.0,10.0,2019.0,0.0,0.0,188.90177891666667,8387.05,-8198.148221083333
2019-10-11,140786.23541666666,43362.668333333335,42985.45875,16944.53875,35578.137083333335,1915.4312499999999,26.59166666666667,53.791666666666664,7.416666666666667,0.0,5.683333333333334,198.66666666666666,1.92875,197.34957125000003,0.0,197.3495,11.5,4.0,10.0,2019.0,0.0,0.0,197.34957125000003,8447.174125,-8249.824553749999
2019-10-12,141526.57666666666,43228.074166666665,43429.09875,17054.465833333332,35872.98,1941.9579166666665,27.34583333333333,56.708333333333336,5.416666666666667,0.0,6.595833333333334,205.75,2.2333333333333334,198.33258333333333,0.0,198.33258333333333,11.5,5.0,10.0,2019.0,1.0,0.003979881115683571,198.33656321444903,8491.5946,-8293.25803678555
2019-10-13,136454.72,41398.760833333334,42649.4625,16633.134583333333,33820.354166666664,1953.0062500000001,27.758333333333336,52.166666666666664,19.0,0.0,6.825,200.08333333333334,2.0058333333333334,195.5607995833333,0.0,195.56079166666666,11.5,6.0,10.0,2019.0,1.0,0.0,195.5607995833333,8187.283199999999,-7991.7224004166665
2019-10-14,143070.11125,43161.4825,44865.62125,17099.357083333332,35916.39041666667,2027.2583333333332,26.983333333333334,58.166666666666664,23.666666666666668,0.0,7.495833333333334,205.66666666666666,2.2525,205.01419333333334,0.0,205.01420833333336,11.5,0.0,10.0,2019.0,0.0,0.00029315272062185,205.01448648605398,8584.206675,-8379.192188513945
2019-10-15,144324.88375,43550.958333333336,45904.61375,17023.846666666668,35779.42125,2066.0425,27.15833333333333,61.75,7.916666666666667,0.0,6.229166666666667,186.95833333333334,2.23625,197.324024,0.0,197.32408333333333,11.5,1.0,10.0,2019.0,0.0,0.0010322359396433376,197.32505623593966,8659.493025,-8462.167968764059
2019-10-16,144691.40416666667,43805.89166666666,46625.69166666667,17335.766666666666,34875.83833333333,2048.2166666666667,27.625,57.833333333333336,6.25,0.0,6.283333333333334,188.75,1.9091666666666667,193.19600325,0.0,193.19595833333332,11.5,2.0,10.0,2019.0,0.0,0.0,193.19600325,8681.48425,-8488.28824675
2019-10-17,144093.06125,43536.86875,47198.51416666667,17380.125,33903.455,2074.1,27.020833333333332,61.25,11.5,0.0,7.3999999999999995,182.29166666666666,2.3475,185.19273983333335,0.0,185.19275000000002,11.5,3.0,10.0,2019.0,0.0,0.0024386716963877334,185.19517850502973,8645.583675,-8460.38849649497
2019-10-18,141597.61000000002,41483.70875,46117.52166666667,17807.900416666667,34136.69583333333,2051.784166666667,26.370833333333334,65.125,17.708333333333332,0.11249999999999999,8.933333333333334,174.54166666666666,2.401666666666667,188.06971433333334,0.0,188.06970833333332,11.5,4.0,10.0,2019.0,0.0,0.1049728509373571,188.1746871842707,8495.8566,-8307.68191281573
2019-10-19,136950.89875,40715.68916666667,44092.45208333334,17714.085416666665,32403.777916666662,2024.8933333333334,25.570833333333336,66.75,29.875,0.10416666666666667,5.816666666666666,179.0,1.4141666666666666,201.36144266666668,0.0,201.36145833333333,11.5,5.0,10.0,2019.0,1.0,0.0,201.36144266666668,8217.053925,-8015.692482333333
2019-10-20,129869.23125,38711.20166666667,41307.541666666664,17207.514166666668,30665.02125,1977.95125,25.733333333333334,49.291666666666664,12.625,0.0,9.308333333333334,203.54166666666666,2.7583333333333333,220.75527641666667,0.0,220.7552916666667,11.5,6.0,10.0,2019.0,1.0,0.04251989026063099,220.79779630692732,7792.153875,-7571.356078693072
2019-10-21,130083.16291666667,38705.127499999995,41017.098333333335,17182.482500000002,31308.80125,1869.6537500000002,24.983333333333334,51.333333333333336,11.041666666666666,0.0,10.808333333333332,202.08333333333334,3.2845833333333334,221.64341850000002,0.0,221.64341666666667,11.5,0.0,10.0,2019.0,0.0,3.022531378600824,224.66594987860083,7804.989774999999,-7580.323825121399
2019-10-22,131257.11583333332,38627.003749999996,42002.66416666666,17350.970416666667,31367.963333333333,1908.5129166666666,24.40416666666667,48.375,7.708333333333333,0.0,11.950000000000001,201.54166666666666,3.4616666666666664,217.25475500000002,0.0,217.25470833333335,11.5,1.0,10.0,2019.0,0.0,6.068208561957018,223.32296356195704,7875.42695,-7652.103986438043
2019-10-23,130167.36791666667,39038.950000000004,41436.695,16517.443333333333,31264.234583333335,1910.0458333333333,24.375,54.0,0.0,0.0,8.5375,199.04166666666666,2.19125,218.97437875,0.0,218.97441666666668,11.5,2.0,10.0,2019.0,0.0,0.005347279378143568,218.97972602937816,7810.042075,-7591.062348970622
2019-10-24,127849.73,39166.23,41071.535833333335,14550.935,31296.944166666668,1764.0841666666665,24.2,64.66666666666667,2.25,0.0,6.7124999999999995,195.08333333333334,2.6054166666666667,206.18274808333334,0.0,206.18279166666665,11.5,3.0,10.0,2019.0,0.0,0.04221141975308643,206.22495950308644,7670.983799999999,-7464.758840496914
2019-10-25,127018.33875,39816.11833333333,40023.917083333334,13645.49,31865.806249999998,1667.0070833333332,24.379166666666666,62.708333333333336,5.375,0.0,7.1625000000000005,180.08333333333334,2.3691666666666666,195.123776375,0.0,195.12379166666665,11.5,4.0,10.0,2019.0,0.0,0.15856692958390495,195.28234330458392,7621.100324999999,-7425.817981695415
2019-10-26,121914.06958333333,37526.2325,37880.18708333333,14284.591666666667,30665.27666666667,1557.7841666666666,24.570833333333336,60.583333333333336,2.5833333333333335,0.0,6.191666666666666,187.5,1.5745833333333332,200.79584624999998,0.0,200.79583333333335,11.5,5.0,10.0,2019.0,1.0,7.607453132144167e-05,200.7959223245313,7314.844174999999,-7114.048252675469
2019-10-27,112146.46500000001,34646.85666666667,33747.36,14427.288333333332,27711.27625,1613.6812499999999,24.55,57.875,0.0,0.0,9.195833333333333,192.16666666666666,2.027083333333333,212.44241533333332,0.0,212.44241666666667,11.5,6.0,10.0,2019.0,1.0,0.022229766803840884,212.46464510013718,6728.787899999999,-6516.323254899863
2019-10-28,109278.32208333333,32372.090833333332,32078.245,14704.957916666666,28492.707916666666,1630.319166666667,24.162499999999998,58.875,38.458333333333336,0.0,7.491666666666667,182.45833333333334,1.7616666666666667,206.37014654166668,0.0,206.370125,11.5,0.0,10.0,2019.0,0.0,5.715592135344857e-08,206.37014659882257,6556.6993250000005,-6350.329178401177
2019-10-29,113721.72375,34375.445,33592.21833333333,14701.621250000002,29317.26875,1735.1704166666666,24.458333333333332,64.79166666666667,95.16666666666667,0.0,5.579166666666667,134.29166666666666,1.1424999999999998,133.343958625,0.0,133.34391666666667,11.5,1.0,10.0,2019.0,0.0,0.0,133.343958625,6823.303424999999,-6689.9594663749995
2019-10-30,118410.30125,36512.38291666667,35539.09208333333,15065.057083333333,29492.788333333334,1800.9799999999998,25.400000000000002,63.458333333333336,67.5,0.0,7.675,147.33333333333334,1.4954166666666666,168.43803283333332,0.0,168.43804166666666,11.5,2.0,10.0,2019.0,0.0,0.03613745999085503,168.4741702933242,7104.618074999999,-6936.143904706675
2019-10-31,121748.33041666668,37412.5,37275.0725,15355.354583333334,29874.843333333334,1830.5566666666666,24.333333333333332,66.375,0.16666666666666666,0.0,7.925,181.58333333333334,1.8,203.623328625,0.0,203.62333333333333,11.5,3.0,10.0,2019.0,0.0,0.15950531550068575,203.7828339405007,7304.8998249999995,-7101.116991059499
2019-11-01,124232.23416666668,37906.86875,38498.81416666667,15633.077916666667,30369.675,1823.7979166666667,24.858333333333334,65.125,15.125,0.0,6.733333333333333,179.25,1.6633333333333333,186.44101641666666,0.0,186.44108333333335,11.5,4.0,11.0,2019.0,0.0,0.0024049497027892,186.44342136636945,7453.93405,-7267.49062863363
2019-11-02,125014.34999999999,37400.95291666667,38886.77458333333,15440.386666666667,31494.84,1791.3925,24.400000000000002,69.04166666666667,48.083333333333336,0.008333333333333333,9.241666666666667,158.625,1.8029166666666667,143.56776145833334,0.0,143.56779166666666,11.5,5.0,11.0,2019.0,1.0,0.0026820987654320957,143.57044355709877,7500.861,-7357.290556442901
2019-11-03,122914.87958333333,36521.45541666667,38469.64875,15367.48375,30804.617083333334,1751.6725,23.808333333333334,70.75,33.625,0.0,9.0875,157.875,2.549583333333333,185.80467083333335,0.0,185.804625,11.5,6.0,11.0,2019.0,1.0,0.463941986739826,186.26861282007314,7374.892775,-7188.624162179926
2019-11-04,127753.59208333334,37538.56875,40105.10958333333,15450.145833333334,32918.57166666666,1741.1966666666667,23.6875,62.708333333333336,2.6666666666666665,0.0,12.566666666666668,170.20833333333334,3.4904166666666665,203.45266333333333,0.0,203.45266666666666,11.5,0.0,11.0,2019.0,0.0,4.767131801554641,208.21979513488796,7665.215525,-7456.9957298651125
2019-11-05,130385.3925,37195.03291666667,41420.16375,15235.78875,34776.99916666667,1757.4066666666668,22.941666666666666,56.666666666666664,0.0,0.0,12.520833333333334,178.125,3.1291666666666664,211.90499541666668,0.0,211.905,11.5,1.0,11.0,2019.0,0.0,3.5483688271604947,215.45336424382717,7823.12355,-7607.670185756172
2019-11-06,131555.09,37210.20375,41932.07583333333,14775.630833333335,35847.385,1789.7929166666665,23.354166666666668,58.791666666666664,11.875,0.0,7.7749999999999995,157.79166666666666,2.4008333333333334,182.786685,0.0,182.78666666666666,11.5,2.0,11.0,2019.0,0.0,0.05884830818472794,182.8455333081847,7893.3054,-7710.459866691815
2019-11-07,127844.36791666667,34761.30958333333,41280.205,14254.595416666665,35736.49916666667,1811.76,22.129166666666666,71.45833333333333,55.166666666666664,0.05833333333333333,9.6875,116.125,2.4904166666666665,109.5248795,0.0,109.524875,11.5,3.0,11.0,2019.0,0.0,0.18913288751714682,109.71401238751714,7670.662075,-7560.948062612482
2019-11-08,127377.52333333333,35051.035833333335,40852.362916666665,14244.815,35487.60166666666,1741.7083333333333,21.900000000000002,73.58333333333333,28.583333333333332,0.03333333333333333,7.129166666666666,139.16666666666666,2.69125,181.225625,0.0,181.22558333333333,11.5,4.0,11.0,2019.0,0.0,0.017879629629629603,181.24350462962965,7642.6514,-7461.407895370371
2019-11-09,126682.6375,35590.199166666665,41278.23666666667,13286.306666666665,34761.81875,1766.0775,21.849999999999998,60.0,0.041666666666666664,0.0,11.216666666666667,171.70833333333334,3.580416666666667,208.32205725000003,0.0,208.322,11.5,5.0,11.0,2019.0,1.0,0.8882833790580705,209.2103406290581,7600.95825,-7391.747909370942
2019-11-10,123651.60791666666,34461.28083333333,40911.07791666667,13759.19625,32863.487916666665,1656.5645833333335,20.866666666666667,60.375,4.208333333333333,0.0,9.504166666666666,167.91666666666666,2.7137499999999997,207.89686675,0.0,207.89683333333335,11.5,6.0,11.0,2019.0,1.0,0.02502726337448559,207.9218940133745,7419.096474999999,-7211.174580986625
2019-11-11,128884.59500000002,35648.80625,42859.168333333335,13860.788333333332,34886.775416666664,1629.0575,20.308333333333334,58.958333333333336,57.416666666666664,0.0,8.424999999999999,162.66666666666666,2.5925,201.85628691666668,0.0,201.8562916666667,11.5,0.0,11.0,2019.0,0.0,0.17938277320530419,202.03566968987198,7733.0757,-7531.040030310128
2019-11-12,131380.6175,35753.13208333334,43290.22875,14224.372916666667,36428.39708333334,1684.4883333333335,19.650000000000002,61.583333333333336,29.958333333333332,0.0,8.166666666666666,168.91666666666666,2.5533333333333332,209.8403665,0.0,209.84033333333332,11.5,1.0,11.0,2019.0,0.0,0.026127972107910357,209.86649447210792,7882.837049999999,-7672.9705555278915
2019-11-13,132658.38166666668,36274.0925,43994.10791666667,13964.662083333335,36676.75541666667,1748.7629166666666,20.683333333333334,66.70833333333333,81.45833333333333,0.0,6.991666666666667,152.16666666666666,1.7541666666666667,164.31651404166666,0.0,164.31658333333334,11.5,2.0,11.0,2019.0,0.0,0.0,164.31651404166666,7959.5028999999995,-7795.186385958333
2019-11-14,132181.73458333334,35621.620833333334,43955.920000000006,13738.313333333334,37093.44708333333,1772.4345833333334,21.454166666666666,68.70833333333333,71.5,0.0,6.5625,140.125,1.8054166666666667,156.87318666666667,0.0,156.87320833333334,11.5,3.0,11.0,2019.0,0.0,0.0,156.87318666666667,7930.9040749999995,-7774.030888333334
2019-11-15,131703.36416666667,35675.11625,43462.769166666665,13891.079166666668,36908.42333333333,1765.9775,20.995833333333334,71.625,43.291666666666664,0.0,8.9625,136.54166666666666,2.685,175.7200571666667,0.0,175.72008333333335,11.5,4.0,11.0,2019.0,0.0,0.05589083219021491,175.77594799885688,7902.20185,-7726.425902001142
2019-11-16,131011.28541666667,35561.85791666667,43386.90833333333,14023.941250000002,36273.11625,1765.462083333333,21.962500000000002,64.41666666666667,1.2916666666666667,0.0,14.041666666666666,158.08333333333334,4.882083333333333,201.367170125,0.0,201.36720833333334,11.5,5.0,11.0,2019.0,1.0,15.917123628257889,217.28429375325788,7860.677124999999,-7643.392831246742
2019-11-17,126688.99541666667,34124.19541666666,42393.43958333333,13669.669166666667,34808.837916666664,1692.8520833333332,21.683333333333334,60.541666666666664,43.583333333333336,0.0,18.395833333333332,161.375,5.32625,209.29565854166665,0.0,209.29575,11.5,6.0,11.0,2019.0,1.0,53.623251886145404,262.9189104278121,7601.339724999999,-7338.420814572187
2019-11-18,132305.64791666667,35802.43125,43966.66333333333,13825.762083333333,37023.872083333335,1686.9179166666665,19.895833333333332,63.791666666666664,39.333333333333336,0.0,12.629166666666668,161.16666666666666,3.5720833333333335,207.91248166666665,0.0,207.9125,11.5,0.0,11.0,2019.0,0.0,4.371813271604938,212.28429493827161,7938.338875,-7726.054580061728
2019-11-19,134573.39791666667,36256.39166666667,44964.78833333333,14014.142083333334,37624.3375,1713.7408333333333,19.433333333333334,66.125,15.416666666666666,0.0,9.254166666666666,160.625,1.9308333333333334,207.53521345833335,0.0,207.53520833333334,11.5,1.0,11.0,2019.0,0.0,4.572473708276191e-07,207.5352139155807,8074.403875,-7866.868661084419
2019-11-20,134877.93541666667,36529.974583333336,45114.99958333333,14001.722083333334,37513.94666666666,1717.2933333333333,19.162499999999998,65.25,21.916666666666668,0.0,5.833333333333333,155.41666666666666,1.7083333333333333,198.75312866666664,0.0,198.75320833333333,11.5,2.0,11.0,2019.0,0.0,5.715592135344857e-08,198.75312872382258,8092.676124999999,-7893.922996276177
2019-11-21,134961.5825,36682.0475,45479.99333333334,14315.819166666666,36717.934166666666,1765.7883333333332,19.608333333333334,67.5,59.625,0.0,7.083333333333333,145.20833333333334,2.1395833333333334,192.44593679166667,0.0,192.445875,11.5,3.0,11.0,2019.0,0.0,0.0,192.44593679166667,8097.69495,-7905.249013208333
2019-11-22,135573.13125,36938.39333333333,45743.418750000004,14432.849166666667,36702.47791666666,1755.99125,20.620833333333334,64.91666666666667,71.25,0.0,6.55,151.625,2.10125,191.07429854166665,0.0,191.07429166666668,11.5,4.0,11.0,2019.0,0.0,0.0003935756744398682,191.0746921173411,8134.387875,-7943.313182882659
2019-11-23,133599.9375,36380.167083333334,45507.135416666664,14200.861666666666,35806.86875,1704.90625,20.654166666666665,62.125,70.41666666666667,0.0,10.625,121.625,3.5354166666666664,137.88414504166667,0.0,137.88416666666666,11.5,5.0,11.0,2019.0,1.0,1.834091963877458,139.71823700554413,8015.99625,-7876.278012994455
2019-11-24,128736.67958333333,35010.707083333335,44320.1775,13684.706666666667,34040.551666666666,1680.537916666667,20.675,64.41666666666667,80.29166666666667,0.0,11.133333333333333,117.625,2.6575,140.85776395833332,0.0,140.85779166666666,11.5,6.0,11.0,2019.0,1.0,0.10908636259716509,140.9668503209305,7724.200775,-7583.233924679069
2019-11-25,133839.69625,36206.65458333333,45572.00708333333,13960.366666666667,36432.369166666664,1668.3,20.058333333333334,66.54166666666667,31.75,0.0,6.595833333333334,136.375,1.5804166666666666,183.41200970833333,0.0,183.41204166666668,11.5,0.0,11.0,2019.0,0.0,0.0,183.41200970833333,8030.381774999999,-7846.969765291666
2019-11-26,134953.3975,36175.192083333335,46397.041666666664,14103.150833333333,36561.18958333333,1716.8220833333332,20.145833333333332,66.66666666666667,66.625,0.0375,9.533333333333333,113.16666666666667,2.4291666666666667,143.76098670833332,0.0,143.761,11.5,1.0,11.0,2019.0,0.0,0.3589350137174212,144.11992172205075,8097.203849999999,-7953.083928277949
2019-11-27,134580.40291666667,35625.52375,46544.925416666665,14294.417500000001,36414.823333333334,1700.7133333333334,19.716666666666665,68.25,38.583333333333336,0.0,7.05,114.16666666666667,3.20375,153.913249375,0.0,153.91320833333333,11.5,2.0,11.0,2019.0,0.0,1.6361464334705074,155.5493958084705,8074.824174999999,-7919.274779191529
2019-11-28,132453.08416666667,34055.93958333333,46528.37375,14350.820833333333,35860.04708333333,1657.9041666666665,18.341666666666665,82.75,47.958333333333336,0.9208333333333334,13.445833333333333,98.16666666666667,2.6341666666666668,130.24936549999998,0.0,130.24937500000001,11.5,3.0,11.0,2019.0,0.0,0.8520597850937356,131.10142528509374,7947.18505,-7816.083624714906
2019-11-29,133647.82375,35024.807916666665,46550.45208333334,14340.878750000002,36028.932916666665,1702.7516666666668,17.7625,82.0,15.458333333333334,0.0,6.0874999999999995,136.20833333333334,1.99625,131.35049558333333,0.0,131.35045833333334,11.5,4.0,11.0,2019.0,0.0,0.0,131.35049558333333,8018.869425,-7887.518929416667
2019-11-30,132713.995,34922.620416666665,46355.44,14324.212083333334,35379.8325,1731.89125,16.995833333333334,78.08333333333333,0.875,0.0,8.820833333333333,148.29166666666666,2.91,196.83434975,0.0,196.83433333333335,11.5,5.0,11.0,2019.0,1.0,0.0583753429355281,196.89272509293554,7962.8396999999995,-7765.946974907064
2019-12-01,124554.80791666667,33276.950000000004,44398.65,14068.873333333335,31146.94875,1663.385,15.533333333333333,73.83333333333333,0.0,0.0,8.487499999999999,152.375,2.7191666666666667,206.11457491666667,0.0,206.11462500000002,11.5,6.0,12.0,2019.0,1.0,0.036078646547782325,206.15065356321443,7473.288475,-7267.137821436786
2019-12-02,128567.63041666667,34790.43208333333,45586.138750000006,14290.88375,32187.813333333335,1712.3633333333335,15.4,69.5,0.0,0.0,9.829166666666667,152.08333333333334,3.3295833333333333,209.71953120833334,0.0,209.7195,11.5,0.0,12.0,2019.0,0.0,0.8454995999085505,210.5650308082419,7714.057825,-7503.492794191759
2019-12-03,130679.44166666667,35613.41125,45869.03083333333,14589.89875,32953.95083333333,1653.1499999999999,15.137500000000001,66.25,4.208333333333333,0.0,10.816666666666668,152.79166666666666,3.0420833333333337,211.7969167916667,0.0,211.79691666666668,11.5,1.0,12.0,2019.0,0.0,1.4357454275262918,213.23266221919297,7840.766500000001,-7627.533837780807
2019-12-04,132317.2175,36210.9825,46316.9375,14266.64125,33812.245,1710.4158333333335,15.291666666666666,71.875,77.91666666666667,0.0,6.391666666666667,149.25,1.8525,201.17847954166666,0.0,201.17845833333334,11.5,2.0,12.0,2019.0,0.0,0.0,201.17847954166666,7939.033049999999,-7737.854570458333
2019-12-05,133421.88625,36587.200000000004,46756.87,14146.085416666667,34208.72833333333,1723.00125,15.458333333333334,74.08333333333333,76.875,0.0,6.620833333333334,145.25,1.3808333333333334,187.801358875,0.0,187.80129166666666,11.5,3.0,12.0,2019.0,0.0,0.0,187.801358875,8005.313174999999,-7817.511816124999
2019-12-06,134475.12,37206.394583333335,46429.90916666667,14173.834166666667,34936.09541666667,1728.8875,15.391666666666666,81.95833333333333,92.625,0.0,6.4750000000000005,137.95833333333334,1.9458333333333335,164.027394775,0.0,164.02733333333333,11.5,4.0,12.0,2019.0,0.0,0.0,164.027394775,8068.5072,-7904.479805225
2019-12-07,133618.88458333333,37044.57375,46200.56833333333,13952.695416666667,34716.13875,1704.9070833333333,16.041666666666668,78.75,0.0,0.0,5.6875,147.29166666666666,1.2008333333333334,201.240257125,0.0,201.24029166666665,11.5,5.0,12.0,2019.0,1.0,0.0,201.240257125,8017.133075000001,-7815.892817874999
2019-12-08,128727.30249999999,35441.04916666667,44944.075000000004,13734.26,32907.6275,1700.2908333333335,15.695833333333333,78.45833333333333,0.0,0.0,6.945833333333333,146.04166666666666,1.8533333333333333,201.894523875,0.0,201.89458333333332,11.5,6.0,12.0,2019.0,1.0,0.0,201.894523875,7723.63815,-7521.7436261249995
2019-12-09,133995.67541666667,36647.97083333333,46357.05458333334,14123.234166666667,35179.19541666667,1688.2216666666666,15.299999999999999,72.79166666666667,7.333333333333333,0.0,6.179166666666667,146.29166666666666,1.6204166666666666,202.84452106666666,0.0,202.84445833333334,11.5,0.0,12.0,2019.0,0.0,0.0,202.84452106666666,8039.740525,-7836.896003933332
2019-12-10,137351.37833333333,37632.10083333334,47078.725,14462.475,36549.3925,1628.6850000000002,15.137500000000001,69.875,2.4166666666666665,0.0,7.366666666666667,145.91666666666666,1.4216666666666666,203.27410766666665,0.0,203.274125,11.5,1.0,12.0,2019.0,0.0,0.0,203.27410766666665,8241.0827,-8037.808592333334
2019-12-11,138468.15833333333,37892.863333333335,47050.84166666667,14553.240416666667,37289.84083333333,1681.3716666666667,15.729166666666666,70.54166666666667,57.833333333333336,0.0,6.120833333333334,129.25,1.7516666666666667,153.73713870833333,0.0,153.73716666666667,11.5,2.0,12.0,2019.0,0.0,0.0,153.73713870833333,8308.0895,-8154.352361291666
2019-12-12,135804.69458333333,35736.73166666667,46133.86791666667,14600.880416666667,37746.761666666665,1586.4533333333331,15.637500000000001,78.20833333333333,90.33333333333333,0.24583333333333335,13.329166666666666,61.916666666666664,2.8354166666666667,121.16034230833333,0.0,121.160375,11.5,3.0,12.0,2019.0,0.0,6.7744872542295385,127.93482956256287,8148.281674999999,-8020.346845437437
2019-12-13,128390.77875,31385.3275,43588.533749999995,13913.07625,37909.24083333334,1594.5983333333334,15.095833333333333,86.625,57.25,0.15416666666666667,12.345833333333333,101.16666666666667,2.9945833333333334,62.2816091125,0.0,62.28158333333334,11.5,4.0,12.0,2019.0,0.0,2.547827846364882,64.82943695886489,7703.446725000001,-7638.617288041135
2019-12-14,131216.32249999998,34797.50833333333,44381.06291666667,14007.6775,36427.15625,1602.9195833333333,12.979166666666666,84.625,63.041666666666664,0.0,4.954166666666667,95.79166666666667,1.9833333333333334,102.41153851666667,0.0,102.41158333333334,11.5,5.0,12.0,2019.0,1.0,0.0,102.41153851666667,7872.979349999999,-7770.567811483333
2019-12-15,126609.11458333333,34387.21625,42781.76291666667,13972.217916666666,33892.36625,1575.5504166666667,13.229166666666666,80.33333333333333,12.791666666666666,0.0,8.095833333333333,140.04166666666666,2.85875,157.28059216666668,0.0,157.28062500000001,11.5,6.0,12.0,2019.0,1.0,0.010853566529492438,157.29144573319616,7596.546875,-7439.255429266804
2019-12-16,131849.66375,36399.00541666667,43763.427083333336,13705.361666666666,36392.357083333336,1589.5120833333333,12.429166666666667,80.08333333333333,1.125,0.0,10.225,143.70833333333334,3.0375,145.97793173333335,0.0,145.97799999999998,11.5,0.0,12.0,2019.0,0.0,0.054267489711934125,146.03219922304527,7910.979824999999,-7764.947625776954
2019-12-17,134347.31583333333,37479.62375,44068.7125,13981.264166666668,37192.802083333336,1624.9125000000001,11.799999999999999,79.58333333333333,10.541666666666666,0.0,10.049999999999999,144.54166666666666,3.044583333333333,201.29379341666666,0.0,201.29375000000002,11.5,1.0,12.0,2019.0,0.0,0.07770067443987194,201.37149409110654,8060.83895,-7859.467455908893
2019-12-18,136274.66416666665,38253.067083333335,44304.7525,14097.196666666665,37929.652916666666,1689.9937499999999,11.970833333333333,78.20833333333333,30.666666666666668,0.0,9.379166666666666,143.16666666666666,2.0879166666666666,201.0887231375,0.0,201.08870833333333,11.5,2.0,12.0,2019.0,0.0,0.21595993369913125,201.30468307119915,8176.47985,-7975.1751669288
2019-12-19,138228.77041666667,38617.18791666667,45214.182916666665,14125.218333333332,38570.15458333333,1702.02625,11.533333333333333,79.83333333333333,79.16666666666667,0.0,5.4375,126.625,1.3358333333333334,176.23107334583335,0.0,176.23108333333334,11.5,3.0,12.0,2019.0,0.0,0.0,176.23107334583335,8293.726225,-8117.495151654166
2019-12-20,140258.04333333333,39539.32041666666,45831.42916666667,14033.495,39126.14083333333,1727.6583333333335,13.045833333333334,78.70833333333333,49.375,0.0,5.083333333333333,137.79166666666666,1.6466666666666665,197.07542258333334,0.0,197.07541666666665,11.5,4.0,12.0,2019.0,0.0,0.0,197.07542258333334,8415.4826,-8218.407177416666
2019-12-21,139050.8575,39055.15791666667,45731.21583333333,13999.837083333334,38511.034166666665,1753.6133333333335,13.454166666666666,81.20833333333333,62.291666666666664,0.008333333333333333,6.154166666666666,51.166666666666664,2.7866666666666666,127.41567008958333,0.0,127.41562499999999,11.5,5.0,12.0,2019.0,1.0,0.004637860082304503,127.42030794966564,8343.05145,-8215.631142050335
2019-12-22,135380.08041666666,38231.026666666665,44847.53541666667,13633.49125,36984.79625,1683.2299999999998,12.5375,83.625,0.7083333333333334,0.0,10.112499999999999,146.08333333333334,3.4583333333333335,197.71808342916665,0.0,197.71816666666666,11.5,6.0,12.0,2019.0,1.0,1.0117410836762692,198.72982451284292,8122.804825,-7924.075000487156
2019-12-23,140988.29624999998,40008.19375,46381.07958333333,13983.692083333333,38876.61583333334,1738.7154166666667,11.829166666666666,81.95833333333333,12.833333333333334,0.0,10.525,148.45833333333334,2.5820833333333333,210.14764691666664,0.0,210.14766666666665,11.5,0.0,12.0,2019.0,0.0,0.15972365112025608,210.30737056778693,8459.297775000001,-8248.990404432212
2019-12-24,142317.63875,40553.27583333333,46359.05708333334,13941.752916666666,39750.815416666665,1712.7341666666669,9.625,90.5,38.208333333333336,0.0,6.245833333333334,114.54166666666667,2.1933333333333334,130.98726509833332,0.0,130.98725000000002,11.5,1.0,12.0,2019.0,0.0,0.0024398148148148057,130.98970491314813,8539.058325,-8408.068620086851
2019-12-25,141022.19041666665,41118.332083333335,45780.46625,14192.610833333332,38186.807916666665,1743.97375,8.75,86.91666666666667,27.625,0.0,9.708333333333334,125.5,3.2449999999999997,201.19376880416667,0.0,201.19375,11.5,2.0,12.0,2019.0,0.0,0.13774182670324644,201.33151063086993,8461.331424999998,-8259.99991436913
2019-12-26,142365.28958333333,42074.777916666666,45117.81958333333,14188.117916666668,39235.07666666667,1749.49875,8.466666666666667,84.41666666666667,2.8333333333333335,0.0,11.170833333333334,145.66666666666666,3.1625,198.4569802625,0.0,198.45695833333332,11.5,3.0,12.0,2019.0,0.0,1.5344802812071328,199.99146054370715,8541.917374999999,-8341.925914456293
2019-12-27,143138.66333333333,42597.18,44898.36375,14297.89625,39597.9575,1747.2654166666669,7.304166666666667,87.875,22.416666666666668,0.0,7.216666666666666,126.41666666666667,2.2091666666666665,170.8069106375,0.0,170.80695833333334,11.5,4.0,12.0,2019.0,0.0,0.0,170.8069106375,8588.3198,-8417.512889362499
2019-12-28,141744.03375,42227.86125,44676.05958333333,14327.742916666668,38765.098333333335,1747.27125,6.683333333333334,89.95833333333333,43.625,0.0,6.5249999999999995,124.25,2.1095833333333336,167.42698502666667,0.0,167.427,11.5,5.0,12.0,2019.0,1.0,0.0,167.42698502666667,8504.642025,-8337.215039973333
2019-12-29,138517.61875,41331.0525,44101.34416666667,14381.081250000001,37022.066666666666,1682.0737499999998,7.345833333333334,86.125,36.125,0.0,5.216666666666667,136.79166666666666,2.00125,137.9910784425,0.0,137.99112499999998,11.5,6.0,12.0,2019.0,1.0,0.0,137.9910784425,8311.057125,-8173.066046557499
2019-12-30,142501.22416666665,42756.85916666667,45335.02708333333,14685.385416666666,38015.74791666667,1708.2058333333334,6.8999999999999995,89.45833333333333,50.5,0.0,6.841666666666666,116.08333333333333,2.44875,121.267522565,0.0,121.26754166666667,11.5,0.0,12.0,2019.0,0.0,0.006640317786922717,121.27416288278692,8550.07345,-8428.799287117212
2019-12-31,143558.20958333332,43068.902500000004,45123.6325,14556.530416666666,39126.69375,1682.4516666666668,7.6125,77.54166666666667,53.125,0.0,6.825,143.875,1.8054166666666667,157.78438875333333,0.0,157.78437499999998,11.5,1.0,12.0,2019.0,0.0,0.03647993827160493,157.82086869160494,8613.492574999998,-8455.671706308394
2020-01-01,139712.45541666666,42977.183333333334,42742.14666666667,14442.1025,37867.77916666667,1683.2433333333336,10.05,78.91666666666667,79.45833333333333,0.0,8.104166666666666,133.125,2.62875,190.99582569791667,0.0,190.9958333333333,11.5,2.0,1.0,2020.0,0.0,0.01125257201646091,191.00707826993312,8382.747324999998,-8191.740246730066
2020-01-02,140326.46875,41889.39958333333,43156.67833333334,14024.639583333332,39597.93083333333,1657.8220833333335,12.9625,78.54166666666667,27.875,0.0,8.579166666666667,136.625,2.1370833333333334,188.16712989458335,0.0,188.16716666666665,11.5,3.0,1.0,2020.0,0.0,0.13748931184270688,188.30461920642605,8419.588125,-8231.283505793574
2020-01-03,141101.98416666666,41605.30333333334,43622.05541666667,13742.002916666666,40389.49875,1743.12625,14.033333333333333,78.16666666666667,11.416666666666666,0.004166666666666667,6.483333333333333,136.91666666666666,1.375,176.45288035833335,0.0,176.45287499999998,11.5,4.0,1.0,2020.0,0.0,0.0,176.45288035833335,8466.11905,-8289.666169641665
2020-01-04,140559.67083333334,41552.722916666666,43521.57666666667,14149.44625,39676.770833333336,1659.155,13.450000000000001,81.79166666666667,24.625,0.020833333333333332,5.429166666666667,123.16666666666667,2.2654166666666664,183.52679005583332,0.0,183.52675,11.5,5.0,1.0,2020.0,1.0,0.010283036122542293,183.53707309195588,8433.58025,-8250.043176908044
2020-01-05,136092.76375,39810.70916666667,42401.42125,13667.753333333334,38578.784999999996,1634.0974999999999,13.329166666666666,73.91666666666667,33.333333333333336,0.0,9.075000000000001,140.5,2.0295833333333335,191.78520828541664,0.0,191.78516666666667,11.5,6.0,1.0,2020.0,1.0,0.0,191.78520828541664,8165.565825000001,-7973.780616714583
2020-01-06,141080.02875,40666.019166666665,44383.22708333333,14038.410000000002,40265.50833333334,1726.8641666666665,13.495833333333335,76.45833333333333,86.66666666666667,0.0,6.670833333333333,71.08333333333333,2.2025,69.09821987708334,0.0,69.09820833333333,11.5,0.0,1.0,2020.0,0.0,0.3600832761774122,69.45830315326074,8464.801725,-8395.34342184674
2020-01-07,141886.19375,40383.090833333335,45303.340416666666,14452.932916666667,39988.5225,1758.305833333333,13.995833333333332,83.25,82.79166666666667,0.08750000000000001,9.845833333333333,74.08333333333333,2.7154166666666666,115.68521706208334,0.0,115.68520833333332,11.5,1.0,1.0,2020.0,0.0,0.48794084362139917,116.17315790570473,8513.171625,-8396.998467094296
2020-01-08,138947.68916666668,39413.24875,44488.57166666666,13777.770833333334,39540.988333333335,1727.1125,12.866666666666667,91.70833333333333,69.33333333333333,0.7291666666666666,9.241666666666667,57.833333333333336,2.807916666666667,57.24071835479166,0.0,57.24075,11.5,2.0,1.0,2020.0,0.0,0.06487660036579786,57.30559495515746,8336.86135,-8279.555755044843
2020-01-09,140821.05458333335,40247.79083333333,44129.62375,13916.355000000001,40752.3425,1774.9420833333334,10.5375,78.0,2.2916666666666665,0.0,11.975,154.83333333333334,3.5083333333333333,213.2121950645833,0.0,213.21225,11.5,3.0,1.0,2020.0,0.0,1.4059578760859626,214.61815294066932,8449.263275,-8234.645122059332
2020-01-10,142725.19208333333,41512.57958333333,44075.88416666666,14410.954166666668,40936.79083333333,1788.98625,10.079166666666667,77.54166666666667,0.16666666666666666,0.0,11.683333333333332,158.375,3.2137499999999997,218.81515907666667,0.0,218.81516666666667,11.5,4.0,1.0,2020.0,0.0,0.8727674325560127,219.6879265092227,8563.511525,-8343.823598490777
2020-01-11,142554.5429166667,41150.550833333335,44763.34958333333,14372.9525,40473.27125,1794.4170833333335,10.362499999999999,77.04166666666667,17.375,0.0,9.3375,149.29166666666666,2.0595833333333333,180.32134642083335,0.0,180.321375,11.5,5.0,1.0,2020.0,1.0,0.0017860082304526706,180.32313242906378,8553.272575,-8372.949442570936
2020-01-12,139155.71541666667,39424.354583333334,45043.2725,14261.895416666666,38645.40416666667,1780.7866666666666,11.833333333333334,77.95833333333333,24.833333333333332,0.0,8.445833333333333,154.20833333333334,2.2025,202.14969360125,0.0,202.14975,11.5,6.0,1.0,2020.0,1.0,0.01587568587105623,202.16556928712103,8349.342924999999,-8147.177355712879
2020-01-13,140984.11000000002,38747.53208333333,45916.5975,14672.324166666667,39908.246250000004,1739.4116666666666,14.625,82.625,45.791666666666664,0.6916666666666668,10.470833333333333,121.25,3.9375,133.178198725,0.0,133.17825,11.5,0.0,1.0,2020.0,0.0,5.085664037494284,138.26386276249428,8459.0466,-8320.782737237505
2020-01-14,139108.20041666666,39169.582083333335,43576.82,14805.360416666668,39826.10166666666,1730.335,13.987499999999999,86.41666666666667,48.291666666666664,0.012500000000000002,8.6,110.0,2.1933333333333334,114.90313445583332,0.0,114.903125,11.5,1.0,1.0,2020.0,0.0,0.002370427526291717,114.90550488335963,8346.492025,-8231.58652011664
2020-01-15,137295.44208333333,39985.912083333336,43272.285833333335,14539.290833333333,37858.38916666667,1639.5654166666666,12.470833333333333,82.91666666666667,3.2083333333333335,0.0,8.604166666666666,156.875,2.143333333333333,216.23075584583333,0.0,216.23066666666668,11.5,2.0,1.0,2020.0,0.0,0.03214654778235024,216.2629023936157,8237.726525,-8021.463622606384
2020-01-16,134424.54708333334,38186.628333333334,43410.94541666666,14405.250416666668,36783.63458333333,1638.0874999999999,12.458333333333334,89.58333333333333,63.916666666666664,0.46249999999999997,7.691666666666666,85.625,1.9520833333333334,136.20814484041668,0.0,136.20816666666667,11.5,3.0,1.0,2020.0,0.0,0.005825102880658433,136.21396994329731,8065.472825,-7929.258855056702
2020-01-17,137970.86291666667,38915.119166666664,44256.87083333333,14373.59125,38732.442083333335,1692.8400000000001,13.066666666666668,88.125,34.5,0.025000000000000005,7.591666666666666,121.375,2.125,138.82301469166666,0.0,138.823,11.5,4.0,1.0,2020.0,0.0,0.0,138.82301469166666,8278.251774999999,-8139.428760308333
2020-01-18,139570.76666666666,39609.27958333333,44541.71125,14567.19375,39134.67291666667,1717.9066666666668,12.516666666666666,88.95833333333333,52.625,0.008333333333333333,6.333333333333333,120.29166666666667,1.5916666666666668,139.28042974958333,0.0,139.28041666666667,11.5,5.0,1.0,2020.0,1.0,0.0,139.28042974958333,8374.246,-8234.965570250415
2020-01-19,135771.52458333332,38492.4325,43716.92125000001,14361.582499999999,37543.025416666664,1657.5629166666668,11.762500000000001,82.45833333333333,0.9583333333333334,0.0,9.308333333333332,164.625,2.920833333333333,204.30793422916668,0.0,204.308,11.5,6.0,1.0,2020.0,1.0,0.026630144032921785,204.33456437319958,8146.291474999999,-7941.9569106268
2020-01-20,138372.135,38872.9925,44161.270416666666,14354.360833333332,39320.745,1662.765,12.166666666666666,83.75,69.25,0.0,8.241666666666667,136.0,2.1508333333333334,166.83335142916667,0.0,166.83329166666667,11.5,0.0,1.0,2020.0,0.0,0.0,166.83335142916667,8302.3281,-8135.494748570833
2020-01-21,145094.77833333335,40568.88041666667,46504.996666666666,15089.262916666667,41176.755833333336,1754.8808333333334,12.883333333333333,85.58333333333333,43.916666666666664,0.0,5.8,155.875,2.3808333333333334,196.84705812916664,0.0,196.84708333333333,11.5,1.0,1.0,2020.0,0.0,0.001438271604938264,196.8484964007716,8705.6867,-8508.838203599227
2020-01-22,144613.06583333333,40552.32208333333,46480.565833333334,15207.579166666668,40630.92875,1741.67375,12.541666666666666,81.79166666666667,13.0,0.0,10.116666666666667,164.0,3.4879166666666666,224.02788237291668,0.0,224.02783333333332,11.5,2.0,1.0,2020.0,0.0,1.115548696844993,225.14343106976165,8676.78395,-8451.640518930239
2020-01-23,144969.53166666668,40009.45125,46981.20958333334,14973.668333333333,41255.924166666664,1749.2804166666667,12.487499999999999,66.41666666666667,25.083333333333332,0.0,17.954166666666666,173.29166666666666,4.93875,238.26364512083333,0.0,238.26362500000002,11.5,3.0,1.0,2020.0,0.0,30.711900377229075,268.97554549806244,8698.1719,-8429.196354501937
2020-01-24,146321.20958333332,40628.26708333333,47441.7725,15040.609583333333,41456.292083333334,1754.2695833333335,12.841666666666667,60.0,63.791666666666664,0.0,17.741666666666667,173.75,4.220833333333333,237.89406458333335,0.0,237.89404166666668,11.5,4.0,1.0,2020.0,0.0,12.386761945587565,250.2808265289209,8779.272575,-8528.991748471079
2020-01-25,146270.44166666668,40739.784166666665,47757.54791666666,14998.687916666668,41001.552083333336,1772.8716666666667,11.799999999999999,74.125,13.041666666666666,0.0,7.704166666666667,163.625,2.1350000000000002,226.4652674375,0.0,226.46525,11.5,5.0,1.0,2020.0,1.0,0.0,226.4652674375,8776.226499999999,-8549.7612325625
2020-01-26,137516.52875,38253.67416666667,44462.21708333333,14610.26375,38505.997500000005,1684.3779166666666,13.579166666666666,79.5,18.791666666666668,0.0,6.983333333333333,163.83333333333334,2.154166666666667,221.92286395,0.0,221.922875,11.5,6.0,1.0,2020.0,1.0,8.687700045722347e-06,221.92287263770004,8250.991725,-8029.068852362299
2020-01-27,144078.01041666666,39625.77916666667,46486.29,14863.805416666668,41365.63416666666,1736.50125,14.045833333333334,76.5,54.666666666666664,0.016666666666666666,8.1875,105.45833333333333,3.7770833333333336,136.7582392,0.0,136.75825,11.5,0.0,1.0,2020.0,0.0,5.389681927297668,142.14792112729768,8644.680624999999,-8502.532703872703
2020-01-28,146056.77958333332,39079.574166666665,47605.75041666667,15224.382916666667,42385.340833333335,1761.7300000000002,14.245833333333332,83.45833333333333,42.041666666666664,0.6666666666666666,13.1875,117.25,2.99375,163.06741861,0.0,163.067375,11.5,1.0,1.0,2020.0,0.0,5.792325617283951,168.85974422728395,8763.406775,-8594.547030772716
2020-01-29,145772.92625,39225.794583333336,47325.128333333334,14820.630833333335,42647.51708333333,1753.8541666666667,13.320833333333333,81.91666666666667,34.25,0.020833333333333332,6.5874999999999995,158.54166666666666,2.5075,164.25880740083332,0.0,164.25883333333334,11.5,2.0,1.0,2020.0,0.0,0.0,164.25880740083332,8746.375575,-8582.116767599166
2020-01-30,146538.73083333333,39379.69708333333,47117.045000000006,15153.530833333332,43130.44416666667,1758.0133333333333,12.591666666666667,76.5,1.5416666666666667,0.0,11.170833333333334,175.875,3.284166666666667,220.10015422499998,0.0,220.10012500000002,11.5,3.0,1.0,2020.0,0.0,2.1805486396890728,222.28070286468906,8792.323849999999,-8570.04314713531
2020-01-31,147671.46125,40355.82916666667,47161.957083333335,15032.347500000002,43440.58625,1680.7425,12.15,74.41666666666667,0.9583333333333334,0.0,9.241666666666667,179.95833333333334,1.9712500000000002,220.29323884583334,0.0,220.29329166666665,11.5,4.0,1.0,2020.0,0.0,0.031733710562414266,220.32497255639575,8860.287675,-8639.962702443603
2020-02-01,145640.75625,39756.08833333333,46715.68791666667,15004.222083333334,42420.67916666667,1744.0791666666667,12.333333333333334,74.04166666666667,1.5,0.0,7.708333333333333,179.04166666666666,2.3379166666666666,211.78369110833333,0.0,211.78375000000003,11.5,5.0,2.0,2020.0,1.0,0.0003158436213991683,211.78400695195475,8738.445375,-8526.661368048046
2020-02-02,141074.43125,38504.14625,45855.7425,14670.808333333334,40326.04625,1717.68875,11.733333333333334,76.16666666666667,0.2916666666666667,0.0,10.108333333333333,186.66666666666666,2.9125,235.8386542791667,0.0,235.838625,11.5,6.0,2.0,2020.0,1.0,0.6246506630086875,236.46330494217537,8464.465875,-8228.002570057824
2020-02-03,146344.22041666668,40043.56916666667,47795.03291666667,14915.102916666665,41850.7825,1739.7325,12.025,74.29166666666667,0.5833333333333334,0.0,8.266666666666667,188.25,2.1350000000000002,235.48080006666666,0.0,235.48079166666665,11.5,0.0,2.0,2020.0,0.0,0.0,235.48080006666666,8780.653225,-8545.172424933333
2020-02-04,148376.41708333333,41459.24833333333,47751.94875,15027.567083333333,42366.605833333335,1771.0458333333333,13.0625,74.20833333333333,9.0,0.0,8.079166666666667,179.41666666666666,2.6258333333333335,230.51614514583332,0.0,230.51608333333334,11.5,1.0,2.0,2020.0,0.0,0.04950920210333792,230.56565434793666,8902.585024999998,-8672.019370652064
2020-02-05,149207.61166666666,41892.59333333333,47317.61916666667,14936.957916666666,43316.79708333333,1743.64375,12.879166666666668,74.20833333333333,16.125,0.0,10.270833333333334,183.375,3.0504166666666666,228.12217114166666,0.0,228.12212499999998,11.5,2.0,2.0,2020.0,0.0,0.2522472565157749,228.37441839818246,8952.4567,-8724.082281601817
2020-02-06,150135.49291666667,42095.10166666666,47719.38375,15337.479166666666,43236.34166666667,1747.1879166666668,11.691666666666668,74.70833333333333,2.5416666666666665,0.0,8.200000000000001,187.5,2.3354166666666667,233.03518838750003,0.0,233.03516666666667,11.5,3.0,2.0,2020.0,0.0,0.004715134887974383,233.03990352238796,9008.129575,-8775.089671477612
2020-02-07,150090.07333333333,42476.47666666666,46828.64124999999,15461.755833333335,43587.15375,1736.04625,12.766666666666666,70.83333333333333,6.833333333333333,0.004166666666666667,6.695833333333333,170.79166666666666,2.6125,209.0889909,0.0,209.08891666666668,11.5,4.0,2.0,2020.0,0.0,0.1773946044810243,209.26638550448104,9005.4044,-8796.138014495518
2020-02-08,147697.86333333334,41784.300833333335,45805.645833333336,15548.345000000001,42825.739166666666,1733.8329166666665,12.391666666666666,75.04166666666667,0.16666666666666666,0.0,8.529166666666667,192.95833333333334,2.89875,236.9889629375,0.0,236.989,11.5,5.0,2.0,2020.0,1.0,0.4461937585733882,237.43515669607336,8861.871799999999,-8624.436643303927
2020-02-09,141942.565,40299.00208333333,44499.69291666666,15321.905833333332,40147.64166666667,1674.3216666666667,12.783333333333333,75.20833333333333,24.0,0.0,7.995833333333334,196.41666666666666,2.1245833333333333,236.87140893749998,0.0,236.87141666666665,11.5,6.0,2.0,2020.0,1.0,0.0,236.87140893749998,8516.5539,-8279.6824910625
2020-02-10,147528.07083333333,41579.06166666667,46955.36666666667,15617.787916666666,41670.29083333333,1705.5625,13.233333333333334,73.04166666666667,42.083333333333336,0.0,9.133333333333333,199.33333333333334,1.8145833333333332,238.93090345833335,0.0,238.93083333333334,11.5,0.0,2.0,2020.0,0.0,0.0,238.93090345833335,8851.68425,-8612.753346541665
2020-02-11,150070.3075,42306.183333333334,48121.6025,15284.422083333333,42596.37541666667,1761.725416666667,13.512500000000001,72.45833333333333,5.958333333333333,0.0,8.583333333333334,199.66666666666666,1.9583333333333333,237.94823725,0.0,237.94825,11.5,1.0,2.0,2020.0,0.0,0.0,237.94823725,9004.218449999998,-8766.27021275
2020-02-12,150374.30416666667,42025.208333333336,48563.22833333333,15193.293749999999,42835.67375,1756.8991666666668,15.924999999999999,68.375,29.25,0.0,13.245833333333332,194.83333333333334,3.8841666666666668,233.09859716666665,0.0,233.098625,11.5,2.0,2.0,2020.0,0.0,2.9749123228166443,236.0735094894833,9022.45825,-8786.384740510517
2020-02-13,151211.36208333334,41618.706666666665,49189.58375,15220.197083333333,43446.089166666665,1736.7866666666666,19.266666666666666,57.291666666666664,9.166666666666666,0.0,18.845833333333335,197.0,4.935833333333334,231.69087711249998,0.0,231.69083333333333,11.5,3.0,2.0,2020.0,0.0,18.271791266575217,249.9626683790752,9072.681725,-8822.719056620925
2020-02-14,150874.01458333334,41048.81041666667,49035.674999999996,14831.690833333334,44100.35791666667,1857.4816666666666,18.541666666666668,51.375,0.0,0.0,21.629166666666666,205.70833333333334,5.40375,244.3241337375,0.0,244.32420833333333,11.5,4.0,2.0,2020.0,0.0,54.66270901920439,298.98684275670445,9052.440875,-8753.454032243295
2020-02-15,150837.55375,40999.73208333333,49248.13083333333,14870.23375,43900.90666666667,1818.5495833333334,17.520833333333332,46.75,0.0,0.0,16.412499999999998,208.83333333333334,4.49,245.36833170833333,0.0,245.36833333333334,11.5,5.0,2.0,2020.0,1.0,15.905443072702333,261.2737747810357,9050.253224999999,-8788.979450218963
2020-02-16,146797.77416666667,40162.24,48077.00833333333,14464.926249999999,42353.801666666666,1739.7975,17.170833333333334,59.833333333333336,0.16666666666666666,0.0,10.229166666666666,210.54166666666666,2.8562499999999997,242.0574005,0.0,242.05741666666665,11.5,6.0,2.0,2020.0,1.0,0.7919320416095107,242.84933254160953,8807.86645,-8565.01711745839
2020-02-17,151708.90541666668,41171.21791666667,49601.519166666665,14791.980833333333,44348.987499999996,1795.1995833333333,17.491666666666667,55.75,0.5416666666666666,0.0,10.770833333333334,212.75,3.5533333333333332,242.15404145833335,0.0,242.15404166666667,11.5,0.0,2.0,2020.0,0.0,2.3152898376771835,244.46933129601052,9102.534324999999,-8858.064993703989
2020-02-18,154324.445,41804.542083333334,50408.54791666666,15038.274583333334,45310.362916666665,1762.7191666666668,17.004166666666666,48.041666666666664,1.7916666666666667,0.0,13.4125,215.625,2.99375,244.99268633333335,0.0,244.99270833333333,11.5,1.0,2.0,2020.0,0.0,2.8217581732967543,247.8144445066301,9259.466699999999,-9011.65225549337
2020-02-19,154490.63083333333,41331.42916666667,50765.74083333334,15017.342083333335,45670.30958333333,1705.8104166666665,18.229166666666668,54.416666666666664,62.166666666666664,0.0,14.866666666666667,190.875,4.749583333333333,211.614856,0.0,211.61479166666666,11.5,2.0,2.0,2020.0,0.0,11.048968792866942,222.66382479286696,9269.43785,-9046.774025207133
2020-02-20,153729.58166666667,39598.86541666667,51965.07041666666,15188.6825,45232.3825,1744.5820833333335,20.045833333333334,61.875,41.708333333333336,0.08750000000000001,20.087500000000002,192.41666666666666,5.89375,219.16304295833334,0.0,219.163125,11.5,3.0,2.0,2020.0,0.0,62.2849127229081,281.44795568124147,9223.774899999999,-8942.326944318758
2020-02-21,150694.94666666668,36888.66583333333,51693.105416666665,15307.1075,45124.85916666667,1681.2066666666667,16.26666666666667,83.45833333333333,60.541666666666664,0.5583333333333333,18.241666666666667,116.75,4.595,64.81038107083333,0.0,64.81041666666667,11.5,4.0,2.0,2020.0,0.0,20.118817501143116,84.92919857197644,9041.6968,-8956.767601428024
2020-02-22,150371.57916666666,37916.16916666667,51333.645416666666,14784.34875,44639.40583333333,1698.0104166666667,17.849999999999998,79.16666666666667,52.875,0.029166666666666664,8.804166666666667,142.625,2.5783333333333336,161.31257647916667,0.0,161.31258333333332,11.5,5.0,2.0,2020.0,1.0,0.15382721764974847,161.4664036968164,9022.29475,-8860.828346303182
2020-02-23,145895.91,36998.760833333334,50295.105,14035.04875,42935.143749999996,1631.850416666667,17.55,82.29166666666667,24.583333333333332,0.10833333333333332,7.233333333333333,179.91666666666666,1.9616666666666667,205.18020241666667,0.0,205.18020833333333,11.5,6.0,2.0,2020.0,1.0,0.0,205.18020241666667,8753.754599999998,-8548.574397583334
2020-02-24,150426.36541666667,38661.23875,50989.83625,13918.641666666668,45175.57666666667,1681.0716666666667,17.641666666666666,78.375,14.291666666666666,0.004166666666666667,7.95,198.625,3.0841666666666665,209.1630679583333,0.0,209.1630416666667,11.5,0.0,2.0,2020.0,0.0,0.47230024005486987,209.6353681983882,9025.581925,-8815.946556801611
2020-02-25,150936.89875,38739.03,50603.652916666666,13835.071666666665,46058.34583333333,1700.7979166666667,18.045833333333334,74.58333333333333,4.75,0.0,9.245833333333334,209.75,2.775,228.29104858333332,0.0,228.2910416666667,11.5,1.0,2.0,2020.0,0.0,0.6182469135802467,228.9092954969136,9056.213925,-8827.304629503085
2020-02-26,151073.11125,38991.3025,50445.29625000001,14070.462083333332,46044.61833333334,1521.4316666666666,18.579166666666666,73.625,12.875,0.0,6.645833333333333,209.33333333333334,2.5079166666666666,223.94652474999998,0.0,223.94658333333334,11.5,2.0,2.0,2020.0,0.0,0.01296507773205303,223.95948982773203,9064.386675,-8840.427185172268
2020-02-27,152089.305,38776.02,51103.39041666666,14225.944583333332,46379.29833333333,1604.6508333333334,19.129166666666666,76.29166666666667,49.833333333333336,0.0,8.091666666666667,200.91666666666666,2.9791666666666665,207.08404737499998,0.0,207.08404166666665,11.5,3.0,2.0,2020.0,0.0,0.2588252171925011,207.34287259219252,9125.3583,-8918.015427407807
2020-02-28,152852.29458333334,38921.902083333334,51315.917916666665,14411.863333333333,46546.86791666667,1655.7429166666668,20.279166666666665,73.5,78.75,0.0,15.841666666666667,170.91666666666666,4.8620833333333335,185.67556416666665,0.0,185.675625,11.5,4.0,2.0,2020.0,0.0,15.16249822816644,200.8380623948331,9171.137675,-8970.299612605168
2020-02-29,149563.92291666666,36307.620833333334,50931.86708333334,14459.667500000001,46134.767916666664,1729.9975000000002,18.724999999999998,82.125,47.583333333333336,0.37916666666666665,14.775,136.29166666666666,4.595416666666667,144.07505058333334,0.0,144.07504166666666,11.5,5.0,2.0,2020.0,1.0,11.802863397347968,155.8779139806813,8973.835375,-8817.957461019318
2020-03-01,140316.83875,33619.472916666666,47667.18833333333,14040.845833333333,43323.260833333334,1666.0695833333332,19.150000000000002,80.125,17.208333333333332,0.0,8.5875,208.54166666666666,2.3962499999999998,189.17543291666667,0.0,189.17549999999997,11.5,6.0,3.0,2020.0,1.0,0.10514603337905816,189.28057895004574,8419.010325,-8229.729746049954
2020-03-02,147983.08708333332,37236.5075,49374.5625,14653.565,45077.37041666667,1641.08125,19.695833333333333,78.25,11.25,0.008333333333333333,6.2375,203.95833333333334,1.72875,212.82692962500002,0.0,212.826875,11.5,0.0,3.0,2020.0,0.0,0.0,212.82692962500002,8878.985224999999,-8666.158295375
2020-03-03,151054.87083333332,38375.16291666667,50411.55833333333,14414.970416666665,46267.57750000001,1585.600416666667,19.604166666666668,69.91666666666667,4.25,0.0,7.791666666666667,215.66666666666666,2.3829166666666666,222.84693066666668,0.0,222.84687499999998,11.5,1.0,3.0,2020.0,0.0,0.0007395976223136682,222.847670264289,9063.29225,-8840.444579735711
2020-03-04,149512.8175,37457.96625,50006.6675,13891.738749999999,46523.481250000004,1632.9654166666667,19.195833333333333,72.375,27.291666666666668,0.041666666666666664,8.641666666666667,195.375,2.6283333333333334,205.47428904166668,0.0,205.47429166666666,11.5,2.0,3.0,2020.0,0.0,0.048163180155464114,205.52245222182214,8970.769049999999,-8765.246597778178
2020-03-05,146758.86250000002,34716.2725,49973.92958333334,13982.284166666666,46537.68166666667,1548.6945833333332,18.216666666666665,79.20833333333333,48.708333333333336,0.5416666666666666,13.933333333333335,177.16666666666666,4.209583333333334,206.46200716666667,0.0,206.462,11.5,3.0,3.0,2020.0,0.0,7.818256401463192,214.28026356812987,8805.53175,-8591.251486431871
2020-03-06,141207.92083333334,31183.31708333333,48722.72625,13594.282500000001,45984.20916666667,1723.3862499999998,16.375,85.95833333333333,79.79166666666667,0.9708333333333333,18.224999999999998,103.625,3.79125,92.64023875,0.0,92.64025,11.5,4.0,3.0,2020.0,0.0,35.74241609510745,128.38265484510745,8472.47525,-8344.092595154892
2020-03-07,142244.06958333333,33339.347499999996,48478.18958333333,13437.322083333333,45111.824166666665,1877.3858333333335,15.883333333333333,84.5,44.416666666666664,0.07083333333333333,10.6625,132.58333333333334,2.5866666666666664,165.53784970833334,0.0,165.5379166666667,11.5,5.0,3.0,2020.0,1.0,0.43765209190672155,165.97550180024007,8534.644175,-8368.66867319976
2020-03-08,138571.3425,32969.88416666666,47558.363333333335,13597.380416666667,42876.785833333335,1568.9279166666668,16.491666666666667,78.79166666666667,27.041666666666668,0.0,7.241666666666667,223.0,3.1354166666666665,227.78307470833332,0.0,227.78308333333334,11.5,6.0,3.0,2020.0,1.0,0.7626310013717421,228.5457057097051,8314.28055,-8085.734844290295
2020-03-09,140083.47083333333,32578.50458333333,47919.0375,13554.135833333334,44447.91416666666,1583.87875,17.045833333333334,67.125,0.0,0.0,14.041666666666666,249.0,4.2625,253.16665791666665,0.0,253.16662499999998,11.5,0.0,3.0,2020.0,0.0,17.857134373571103,271.02379229023774,8405.008249999999,-8133.984457709762
2020-03-10,127895.90999999999,28253.46541666667,40845.29708333333,13093.473333333333,44198.90208333333,1504.7700000000002,17.125,67.625,21.041666666666668,0.0,6.3999999999999995,238.625,1.8283333333333334,240.0772829166667,0.0,240.07729166666664,11.5,1.0,3.0,2020.0,0.0,3.6579789666209528e-06,240.07728657464563,7673.7546,-7433.6773134253535
2020-03-11,133473.59041666667,28708.5625,43729.89124999999,13862.520416666666,45554.16,1618.4583333333333,18.724999999999998,73.79166666666667,61.166666666666664,0.10833333333333334,14.283333333333333,172.75,3.15875,204.75163720833334,0.0,204.75154166666667,11.5,2.0,3.0,2020.0,0.0,3.040364483310471,207.7920016916438,8008.415424999999,-7800.623423308356
2020-03-12,141312.44541666665,31466.829583333336,47140.04541666667,14501.404166666667,46589.11791666667,1615.0475,19.6375,66.70833333333333,23.041666666666668,0.0,13.241666666666667,222.0,3.185833333333333,220.82067208333333,0.0,220.82066666666665,11.5,3.0,3.0,2020.0,0.0,6.10113563100137,226.9218077143347,8478.746724999999,-8251.824917285665
2020-03-13,143253.19083333333,32568.75833333333,47462.93541666667,14879.182916666667,46605.42166666667,1736.89375,18.7375,64.5,19.833333333333332,0.4166666666666667,8.354166666666666,245.16666666666666,2.8395833333333336,234.09716458333332,0.0,234.097125,11.5,4.0,3.0,2020.0,0.0,0.12295113168724277,234.2201157150206,8595.19145,-8360.97133428498
2020-03-14,141908.56708333333,33102.23166666667,47060.77333333334,14022.27375,46024.12375,1699.16375,16.379166666666666,82.08333333333333,50.5,0.17500000000000002,10.154166666666667,178.5,2.15,140.59470645833332,0.0,140.59475,11.5,5.0,3.0,2020.0,1.0,0.0,140.59470645833332,8514.514024999999,-8373.919318541666
2020-03-15,138170.75583333333,32283.398750000004,46196.665,14076.843333333332,43953.94666666666,1659.9041666666665,16.333333333333332,77.79166666666667,48.25,0.004166666666666667,5.529166666666666,210.25,1.7770833333333333,193.71541866666666,0.0,193.71545833333334,11.5,6.0,3.0,2020.0,1.0,0.0,193.71541866666666,8290.24535,-8096.5299313333335
2020-03-16,145203.55666666667,33869.67041666667,48193.707083333335,15015.722083333334,46440.99875,1683.4579166666665,17.995833333333334,74.5,35.916666666666664,0.0,9.6,226.04166666666666,2.1966666666666668,230.20443333333333,0.0,230.20450000000002,11.5,0.0,3.0,2020.0,0.0,5.715592135344857e-08,230.20443339048927,8712.213399999999,-8482.00896660951
2020-03-17,148437.42208333334,34803.56125,49081.83625,15619.1725,47208.865,1723.9875,18.945833333333333,71.20833333333333,0.0,0.0,10.674999999999999,255.16666666666666,2.779166666666667,246.5843725,0.0,246.58441666666667,11.5,1.0,3.0,2020.0,0.0,1.2777745770461826,247.8621470770462,8906.245325,-8658.383177922953
2020-03-18,148891.92291666666,35678.13125,48093.878333333334,15816.08875,47570.675833333335,1733.1520833333334,20.458333333333332,67.20833333333333,18.041666666666668,0.0,11.008333333333333,248.33333333333334,2.8674999999999997,239.31115316666668,0.0,239.31112499999998,11.5,2.0,3.0,2020.0,0.0,1.281988797439415,240.59314196410608,8933.515374999999,-8692.922233035893
2020-03-19,148565.87583333332,36159.0075,47909.81916666666,15433.81,47325.22541666666,1738.0129166666666,20.791666666666668,71.29166666666667,49.333333333333336,0.008333333333333333,7.691666666666666,240.95833333333334,2.5829166666666667,228.718021875,0.0,228.718125,11.5,3.0,3.0,2020.0,0.0,0.07178555098308184,228.7898074259831,8913.95255,-8685.162742574017
2020-03-20,147367.38166666668,36363.81916666667,47496.29833333333,15131.4375,46608.513750000006,1767.3116666666667,21.179166666666667,68.75,55.166666666666664,0.016666666666666666,8.1,219.125,1.9070833333333335,209.19088458333331,0.0,209.190875,11.5,4.0,3.0,2020.0,0.0,0.0,209.19088458333331,8842.0429,-8632.852015416667
2020-03-21,144837.11041666666,35501.375,47161.12583333333,14982.879583333333,45490.40083333334,1701.32875,21.675,70.20833333333333,28.416666666666668,0.06666666666666667,5.316666666666666,242.08333333333334,1.6595833333333332,224.11415179166667,0.0,224.11412500000003,11.5,5.0,3.0,2020.0,1.0,0.0,224.11415179166667,8690.226625,-8466.112473208334
2020-03-22,125864.11625,30845.58875,40370.90791666667,13124.804583333333,40058.92791666667,1463.8858333333335,21.995833333333334,68.20833333333333,20.333333333333332,0.0,8.049999999999999,254.54166666666666,2.9858333333333333,232.55751083333334,0.0,232.55754166666668,11.5,6.0,3.0,2020.0,1.0,1.2681444901691814,233.8256553235025,7551.8469749999995,-7318.021319676497
2020-03-23,129270.25833333335,30732.02333333333,41091.987499999996,13396.902916666666,42447.44458333334,1601.8999999999999,22.525000000000002,61.0,34.25,0.0,5.575,258.1666666666667,1.8916666666666666,228.63827083333334,0.0,228.63829166666667,11.5,0.0,3.0,2020.0,0.0,9.87654320987625e-05,228.63836959876542,7756.215499999999,-7527.577130401234
2020-03-24,123097.30625000001,29475.593333333334,38869.340833333335,13020.96625,40160.05708333333,1571.3500000000001,23.662499999999998,63.791666666666664,70.16666666666667,0.029166666666666664,7.425,201.83333333333334,2.2825,189.58793791666668,0.0,189.588,11.5,1.0,3.0,2020.0,0.0,0.0018728852309099165,189.58981080189758,7385.838374999999,-7196.248564198103
2020-03-25,114511.11541666667,27865.147500000003,34625.8775,13253.77125,37296.356250000004,1469.9604166666668,23.833333333333332,62.583333333333336,50.708333333333336,0.0,10.075000000000001,236.45833333333334,2.8654166666666665,216.43292716666667,0.0,216.43291666666667,11.5,2.0,3.0,2020.0,0.0,0.8087599451303151,217.24168711179698,6870.666925,-6653.425237888202
2020-03-26,108968.88791666667,26183.397500000003,31447.585000000003,13424.456666666667,36468.543333333335,1444.9058333333332,23.520833333333332,61.25,88.20833333333333,0.0,12.716666666666667,172.16666666666666,3.5233333333333334,153.914383875,0.0,153.91441666666665,11.5,3.0,3.0,2020.0,0.0,2.6029812528577967,156.5173651278578,6538.133275,-6381.615909872143
2020-03-27,107002.75708333333,23694.96541666667,31436.72375,13782.220416666665,36599.840416666666,1489.0054166666666,21.379166666666666,73.66666666666667,76.625,0.25,10.7125,111.375,2.5575,127.58556812500001,0.0,127.58558333333333,11.5,4.0,3.0,2020.0,0.0,0.4459387288523092,128.0315068538523,6420.165424999999,-6292.133918146147
2020-03-28,108197.105,23965.797916666666,32065.400416666667,13834.475,36831.80458333333,1499.625,21.295833333333334,68.5,2.9583333333333335,0.004166666666666667,10.454166666666667,266.0416666666667,3.545,232.38272062500002,0.0,232.3827083333333,11.5,5.0,3.0,2020.0,1.0,1.5262769775948783,233.9089976025949,6491.8263,-6257.9173023974045
2020-03-29,108320.49416666666,24686.78583333333,32161.239166666666,13366.29625,36690.73875,1415.43375,21.920833333333334,58.666666666666664,3.0416666666666665,0.0,14.458333333333334,259.5,4.1875,240.07500365916667,0.0,240.07500000000002,11.5,6.0,3.0,2020.0,1.0,13.844018118427071,253.91902177759377,6499.22965,-6245.310628222406
2020-03-30,109550.10583333333,25368.859166666665,32440.90291666667,13383.712916666665,36892.558333333334,1464.0733333333335,21.900000000000002,55.0,41.75,0.0,12.104166666666666,269.875,3.8529166666666668,243.38639777291667,0.0,243.3864166666667,11.5,0.0,3.0,2020.0,0.0,13.227607110196617,256.6140048831133,6573.00635,-6316.392345116886
2020-03-31,111324.45291666668,25893.3175,32706.008749999997,14018.020416666666,37224.41166666667,1482.6937500000001,22.745833333333334,56.541666666666664,45.541666666666664,0.004166666666666667,11.408333333333333,241.41666666666666,3.294583333333333,211.33625487083336,0.0,211.3362083333333,11.5,1.0,3.0,2020.0,0.0,4.368683813443073,215.70493868427639,6679.467174999999,-6463.762236315723
2020-04-01,112220.375,26224.482916666664,33552.566666666666,14038.996249999998,36919.174999999996,1485.1537500000002,23.883333333333336,56.208333333333336,12.333333333333334,0.0,7.4375,257.0416666666667,2.8529166666666668,223.09525200416667,0.0,223.09529166666667,11.5,2.0,4.0,2020.0,0.0,0.26472473708276173,223.35997674124943,6733.2225,-6509.86252325875
2020-04-02,114169.92458333333,26867.42625,34496.89208333333,14035.114166666666,37374.1675,1396.3245833333333,23.28333333333333,52.916666666666664,23.25,0.0,14.758333333333333,259.2916666666667,4.155833333333333,245.74925790833333,0.0,245.7492083333333,11.5,3.0,4.0,2020.0,0.0,12.20068930041152,257.94994720874485,6850.1954749999995,-6592.245527791255
2020-04-03,114805.69583333335,27003.32083333333,35087.11,14060.014583333332,37300.29833333333,1354.9529166666666,22.391666666666666,44.416666666666664,11.875,0.0,12.012500000000001,280.375,3.9499999999999997,252.3451269375,0.0,252.34504166666667,11.5,4.0,4.0,2020.0,0.0,11.93690929355281,264.2820362310528,6888.34175,-6624.059713768947
2020-04-04,114486.21791666666,27100.024166666666,35028.432916666665,13917.7575,37044.22875,1395.7758333333334,23.208333333333332,47.958333333333336,0.9166666666666666,0.0,11.766666666666666,277.2083333333333,3.4254166666666666,246.82880474166666,0.0,246.82879166666666,11.5,5.0,4.0,2020.0,1.0,3.950478166438041,250.7792829081047,6869.173075,-6618.393792091895
2020-04-05,113193.0125,27015.403333333335,34837.94625,13857.565833333334,36048.2875,1433.8108333333332,24.016666666666666,52.875,13.625,0.0,8.987499999999999,252.91666666666666,2.1195833333333334,231.57452714583334,0.0,231.57450000000003,11.5,6.0,4.0,2020.0,1.0,0.0048123571101966085,231.57933950294353,6791.58075,-6560.001410497057
2020-04-06,113492.29125000001,27576.781666666666,35570.191249999996,13730.382916666667,35171.82666666667,1443.1079166666668,26.204166666666666,45.833333333333336,13.791666666666666,0.0,10.033333333333333,269.7083333333333,3.299583333333333,232.32668058333334,0.0,232.32670833333336,11.5,0.0,4.0,2020.0,0.0,2.4302729766803837,234.75695356001373,6809.537475,-6574.780521439986
2020-04-07,112352.1475,27545.021666666667,35743.454999999994,14223.750833333334,33395.441249999996,1444.4783333333332,24.974999999999998,46.041666666666664,43.125,0.016666666666666666,13.691666666666668,261.6666666666667,3.0775,234.93559802083334,0.0,234.93554166666664,11.5,1.0,4.0,2020.0,0.0,0.3675026863283035,235.30310070716163,6741.12885,-6505.825749292838
2020-04-08,111348.24583333333,27357.879166666666,35466.89083333333,13699.270416666666,33408.51125,1415.6954166666667,24.879166666666666,46.291666666666664,10.041666666666666,0.0,11.875,273.2916666666667,3.629583333333333,240.17311259041665,0.0,240.173125,11.5,2.0,4.0,2020.0,0.0,2.7176049382716045,242.89071752868827,6680.8947499999995,-6438.004032471312
2020-04-09,110731.32375,28274.631666666668,36082.30375,13184.885,31825.659166666665,1363.845,24.412499999999998,46.458333333333336,36.791666666666664,0.0,10.595833333333333,280.2083333333333,3.57375,243.39628486125,0.0,243.39620833333333,11.5,3.0,4.0,2020.0,0.0,2.5082894947416543,245.90457435599163,6643.879424999999,-6397.974850644008
2020-04-10,111892.37874999999,28891.597083333338,36540.972499999996,14197.510416666666,31165.22708333333,1097.0733333333333,25.7375,46.541666666666664,48.625,0.0,8.366666666666665,266.875,2.3908333333333336,223.16568199999998,0.0,223.165625,11.5,4.0,4.0,2020.0,0.0,0.029191643804298107,223.1948736438043,6713.542724999999,-6490.347851356196
2020-04-11,115315.79916666668,29454.60875,36976.34291666667,14476.87625,33058.355,1349.6154166666668,27.712500000000002,41.875,22.416666666666668,0.0,8.133333333333333,269.5,2.90375,232.862198285,0.0,232.86225000000002,11.5,5.0,4.0,2020.0,1.0,1.1996180269775947,234.0618163119776,6918.947949999999,-6684.886133688022
2020-04-12,115826.41083333333,29667.857083333332,37324.012083333335,14083.198333333334,33377.17375,1374.1716666666669,28.0,42.041666666666664,70.54166666666667,0.0,11.333333333333334,279.5833333333333,3.801666666666667,236.63615612708335,0.0,236.63616666666667,11.5,6.0,4.0,2020.0,1.0,5.758360082304527,242.3945162093879,6949.58465,-6707.190133790612
2020-04-13,119291.78791666667,30775.6975,37689.15083333333,14856.98625,34426.19541666666,1543.7575,29.3125,41.083333333333336,69.33333333333333,0.0,10.904166666666667,266.5,3.2737499999999997,228.94076425,0.0,228.94070833333333,11.5,0.0,4.0,2020.0,0.0,8.502807841792409,237.4435720917924,7157.507275,-6920.063702908207
2020-04-14,121942.39958333333,31876.117916666666,38030.72666666666,15541.451666666666,34876.48166666667,1617.6208333333334,30.125,41.0,90.95833333333333,0.0,8.716666666666667,252.91666666666666,1.84375,209.40056702083334,0.0,209.4005,11.5,1.0,4.0,2020.0,0.0,0.0001929012345679,209.4007599220679,7316.543975,-7107.143215077932
2020-04-15,121120.21999999999,32216.972916666666,38190.08875,14273.193333333335,35208.846666666665,1231.1175,30.445833333333336,37.541666666666664,67.33333333333333,0.0,10.208333333333334,235.66666666666666,2.8091666666666666,210.97756616666666,0.0,210.977625,11.5,2.0,4.0,2020.0,0.0,0.042063728852309086,211.01962989551896,7267.213199999999,-7056.193570104481
2020-04-16,122318.58374999999,32846.92916666667,38362.433750000004,14364.297083333333,35569.80541666667,1175.1170833333333,30.3625,36.041666666666664,44.041666666666664,0.0,10.2,254.625,4.019583333333333,224.74478333750002,0.0,224.74483333333333,11.5,3.0,4.0,2020.0,0.0,4.3089239826246,229.05370732012463,7339.115024999999,-7110.061317679875
2020-04-17,122428.01000000001,32381.12125,38755.105833333335,14547.649166666668,35601.17791666667,1142.9554166666667,29.65416666666667,33.708333333333336,64.08333333333333,0.0,12.75,204.125,2.1954166666666666,182.87317691666667,0.0,182.87320833333334,11.5,4.0,4.0,2020.0,0.0,0.0020611568358481877,182.87523807350252,7345.6806,-7162.805361926497
2020-04-18,119573.73958333333,30599.596250000002,38438.84416666667,14095.199583333333,35258.06875,1182.03,29.070833333333336,38.0,32.166666666666664,0.0,13.841666666666667,242.5,3.0908333333333338,216.445775275,0.0,216.44579166666665,11.5,5.0,4.0,2020.0,1.0,1.0763830018289897,217.522158276829,7174.424375,-6956.902216723171
2020-04-19,117659.22166666666,31294.359166666665,37256.81458333333,13801.698750000001,34075.6275,1230.72,27.891666666666666,43.041666666666664,53.041666666666664,0.0,9.783333333333333,247.75,3.513333333333333,227.62010566666666,0.0,227.620125,11.5,6.0,4.0,2020.0,1.0,1.38371284865112,229.0038185153178,7059.5533,-6830.5494814846825
2020-04-20,117939.6025,30143.966249999998,37996.88916666667,13525.792916666667,35035.46,1237.4941666666666,26.866666666666664,44.958333333333336,52.625,0.016666666666666666,7.625,184.29166666666666,3.4658333333333338,186.797934425,0.0,186.79795833333333,11.5,0.0,4.0,2020.0,0.0,35.3558993484225,222.15383377342252,7076.37615,-6854.222316226577
2020-04-21,115739.5075,29827.71416666667,38363.58458333334,11388.731249999999,34946.270416666666,1213.2045833333334,26.116666666666664,51.458333333333336,15.791666666666666,0.0,8.395833333333334,270.7083333333333,2.9012499999999997,223.91132852833334,0.0,223.91133333333335,11.5,1.0,4.0,2020.0,0.0,0.46972725194330134,224.38105578027663,6944.370449999999,-6719.989394219723
2020-04-22,118983.02041666668,31595.023749999997,39192.53958333333,11867.923333333332,35088.14666666667,1239.3875,27.570833333333336,41.416666666666664,28.583333333333332,0.0,7.791666666666667,281.5,2.44625,232.3533976825,0.0,232.35341666666667,11.5,2.0,4.0,2020.0,0.0,0.896210848193873,233.24960853069388,7138.9812249999995,-6905.731616469307
2020-04-23,119697.74958333332,31869.11333333333,39271.22041666667,12077.88125,35190.325833333336,1289.2075,28.954166666666666,37.666666666666664,60.708333333333336,0.0,10.112499999999999,213.16666666666666,2.689166666666667,176.35139808333335,0.0,176.35141666666667,11.5,3.0,4.0,2020.0,0.0,1.747522462277092,178.09892054561044,7181.8649749999995,-7003.76605445439
2020-04-24,119493.37333333334,32736.21041666667,39323.316666666666,11589.049583333333,34565.35916666667,1279.43625,28.9375,41.166666666666664,12.5,0.0,6.9624999999999995,258.0833333333333,1.1579166666666667,207.10366305083335,0.0,207.103625,11.5,4.0,4.0,2020.0,0.0,0.0,207.10366305083335,7169.6024,-6962.498736949167
2020-04-25,118514.02833333334,33089.82791666667,38391.096249999995,11855.75625,33878.275,1299.0725,28.479166666666668,42.791666666666664,34.458333333333336,0.020833333333333332,8.137500000000001,238.45833333333334,1.8441666666666665,206.93912595833334,0.0,206.93916666666667,11.5,5.0,4.0,2020.0,1.0,0.0,206.93912595833334,7110.8417,-6903.902574041666
2020-04-26,112645.04416666667,29371.556249999998,38410.894583333335,11573.66125,31917.822916666668,1371.1066666666666,26.90416666666667,58.208333333333336,22.333333333333332,0.041666666666666664,14.5,221.20833333333334,3.6975,199.77141716666665,0.0,199.771375,11.5,6.0,4.0,2020.0,1.0,4.659837562871513,204.43125472953818,6758.702649999999,-6554.271395270462
2020-04-27,112231.9525,28284.710000000003,38405.67791666667,12018.823333333334,32108.19125,1414.5516666666665,25.429166666666664,68.70833333333333,24.083333333333332,0.11666666666666665,16.3875,219.54166666666666,3.85875,180.39312675,0.0,180.39316666666664,11.5,0.0,4.0,2020.0,0.0,7.583171753543667,187.9762985035437,6733.91715,-6545.940851496456
2020-04-28,116600.07125,31140.435833333333,39387.54958333333,11757.408333333333,32869.809166666666,1444.8675,26.441666666666666,63.666666666666664,21.916666666666668,0.008333333333333333,8.975,243.70833333333334,2.018333333333333,203.15028900416667,0.0,203.15025,11.5,1.0,4.0,2020.0,0.0,0.09704892546867855,203.24733792963534,6996.004274999999,-6792.756937070364
2020-04-29,117569.23,33357.11083333333,39928.473333333335,12351.14125,30500.384166666667,1432.1191666666666,28.662499999999998,54.75,7.333333333333333,0.0,7.1625000000000005,255.29166666666666,1.8420833333333333,215.57949781416667,0.0,215.57941666666667,11.5,2.0,4.0,2020.0,0.0,0.0002341106538637375,215.57973192482052,7054.1538,-6838.57406807518
2020-04-30,121047.63916666666,34610.58083333333,40053.943333333336,13109.321666666665,31784.290416666667,1489.505,29.474999999999998,50.958333333333336,42.25,0.008333333333333333,10.825000000000001,241.54166666666666,2.182916666666667,213.26692670833333,0.0,213.26691666666667,11.5,3.0,4.0,2020.0,0.0,0.17351280292638316,213.4404395112597,7262.8583499999995,-7049.41791048874
2020-05-01,119852.61541666667,34834.293750000004,39531.475,12225.82,31736.274999999998,1524.7516666666668,30.570833333333336,53.708333333333336,19.25,0.0,10.645833333333334,258.4166666666667,3.1695833333333336,220.1630816208333,0.0,220.163125,11.5,4.0,5.0,2020.0,0.0,3.830163122999543,223.99324474383286,7191.156924999999,-6967.163680256166
2020-05-02,122809.9975,35596.84875,40644.03291666667,12275.7675,32750.656666666666,1542.6925,29.36666666666667,56.666666666666664,24.166666666666668,0.0375,18.4375,259.4166666666667,3.95125,224.20443354166665,0.0,224.204375,11.5,5.0,5.0,2020.0,1.0,5.926946959304985,230.13138050097166,7368.59985,-7138.468469499028
2020-05-03,121628.17583333334,32800.79125,40418.77333333333,13768.375,33121.57625,1518.6595833333333,27.683333333333334,64.45833333333333,66.29166666666667,0.9083333333333333,13.666666666666666,158.5,3.3074999999999997,177.71954029166668,0.0,177.7195416666667,11.5,6.0,5.0,2020.0,1.0,11.27026514631916,188.98980543798584,7297.690549999999,-7108.700744562014
2020-05-04,123251.58583333333,32387.043333333335,39931.760416666664,14589.842083333335,34628.45916666667,1714.4833333333333,27.21666666666667,66.25,29.166666666666668,0.0,6.9624999999999995,272.0,1.76375,207.20980541666665,0.0,207.209875,11.5,0.0,5.0,2020.0,0.0,0.0029367855509830794,207.21274220221764,7395.09515,-7187.8824077977815
2020-05-05,125430.59041666666,33665.37291666667,40273.37291666667,14363.380833333335,35550.043750000004,1578.4195833333333,28.795833333333334,49.625,33.291666666666664,0.0,7.7250000000000005,234.125,2.4879166666666666,215.32211383333333,0.0,215.32216666666667,11.5,1.0,5.0,2020.0,0.0,0.06268369913122998,215.38479753246455,7525.835425,-7310.450627467536
2020-05-06,125769.27625,34020.58458333334,41201.505,13108.08,35922.98875,1516.1175,28.625,45.375,25.458333333333332,0.0,7.545833333333333,244.45833333333334,2.36625,214.68503954166667,0.0,214.68508333333332,11.5,2.0,5.0,2020.0,0.0,0.20109699359853692,214.88613653526522,7546.156575,-7331.270438464734
2020-05-07,126683.91083333333,34289.229583333334,41236.744166666664,13668.981666666667,35837.88458333333,1651.0708333333332,28.65833333333333,44.166666666666664,15.625,0.0,10.245833333333334,274.25,2.6908333333333334,227.47543966041667,0.0,227.47541666666666,11.5,3.0,5.0,2020.0,0.0,1.1453395633287609,228.62077922374544,7601.0346500000005,-7372.413870776254
2020-05-08,131653.39958333332,37964.18916666667,41827.395833333336,13986.067083333333,36275.39708333334,1600.3491666666666,30.691666666666666,39.75,5.083333333333333,0.0,9.387500000000001,275.4583333333333,2.2733333333333334,220.79803114166666,0.0,220.79795833333333,11.5,4.0,5.0,2020.0,0.0,0.021658436213991775,220.81968957788067,7899.203974999999,-7678.384285422118
2020-05-09,135664.97125,39779.440833333334,42108.40416666667,15146.79125,36869.62666666667,1760.7058333333334,31.6375,40.791666666666664,22.166666666666668,0.0,9.916666666666666,266.9583333333333,2.484166666666667,219.56676302083335,0.0,219.5667083333333,11.5,5.0,5.0,2020.0,1.0,0.08685939643347056,219.6536224172668,8139.898275,-7920.244652582733
2020-05-10,126957.26125,34077.40125,40205.831666666665,15234.878333333334,35625.144166666665,1814.0024999999998,29.662499999999998,54.291666666666664,39.5,0.03333333333333333,13.204166666666666,230.16666666666666,2.999166666666667,210.00873216666665,0.0,210.00866666666664,11.5,6.0,5.0,2020.0,1.0,4.482405064014633,214.4911372306813,7617.435675,-7402.944537769319
2020-05-11,126344.86958333333,33422.525,39711.1675,14307.542083333334,37044.33541666667,1859.2979166666667,29.170833333333334,56.75,37.083333333333336,0.012499999999999999,11.158333333333333,248.91666666666666,3.3229166666666665,202.04646441666668,0.0,202.0465,11.5,0.0,5.0,2020.0,0.0,2.511161351165981,204.55762576783263,7580.692175,-7376.134549232167
2020-05-12,133834.52166666667,36652.92416666667,42047.76625,15980.80625,37279.162083333336,1873.8620833333334,29.420833333333334,54.666666666666664,25.958333333333332,0.0,10.033333333333333,264.9583333333333,1.5912499999999998,208.13729266666667,0.0,208.13729166666667,11.5,1.0,5.0,2020.0,0.0,0.0005293209876543209,208.13782198765432,8030.0713,-7821.933478012345
2020-05-13,136210.22041666668,38562.3325,42062.60916666667,16227.910416666666,37735.76458333333,1621.6033333333332,29.741666666666664,55.416666666666664,60.208333333333336,0.012499999999999999,7.695833333333333,207.83333333333334,1.78,184.6574485,0.0,184.6575,11.5,2.0,5.0,2020.0,0.0,0.10463677411979884,184.7620852741198,8172.613225,-7987.85113972588
2020-05-14,136537.87041666667,38560.651666666665,42028.5925,16299.003749999998,38042.40791666667,1607.2158333333334,30.53333333333333,53.208333333333336,19.583333333333332,0.0,7.320833333333333,238.41666666666666,2.4208333333333334,214.23510404166666,0.0,214.2351666666667,11.5,3.0,5.0,2020.0,0.0,0.1584675354366712,214.39357157710333,8192.272224999999,-7977.878653422897
2020-05-15,138333.86541666667,40168.29041666666,41729.86,16555.927083333332,38174.56791666667,1705.2175,31.458333333333332,40.541666666666664,8.708333333333334,0.0,12.216666666666667,268.1666666666667,4.297916666666667,220.62455641666668,0.0,220.624625,11.5,4.0,5.0,2020.0,0.0,11.03115540695016,231.65571182361683,8300.031925,-8068.376213176383
2020-05-16,140049.29333333333,42079.73708333333,41687.01875,17029.118749999998,37588.635416666664,1664.7833333333335,31.541666666666668,32.583333333333336,3.875,0.0,12.395833333333334,280.4166666666667,4.545,228.78108125000003,0.0,228.781125,11.5,5.0,5.0,2020.0,1.0,26.39663328760859,255.1777145376086,8402.9576,-8147.779885462391
2020-05-17,137207.70375000002,42185.074583333335,41219.63416666666,17026.375833333335,35141.74875,1634.8675,31.8,31.541666666666668,30.666666666666668,0.0,8.833333333333334,236.79166666666666,2.9920833333333334,215.94087245833336,0.0,215.94083333333333,11.5,6.0,5.0,2020.0,1.0,2.7929707361682667,218.7338431945016,8232.462225,-8013.7283818054975
2020-05-18,139374.96375,43524.395833333336,41946.659583333334,17954.858333333334,34074.767916666664,1874.28125,31.3875,30.458333333333332,11.791666666666666,0.0,10.1875,271.5,3.2550000000000003,227.21681645833334,0.0,227.2167916666667,11.5,0.0,5.0,2020.0,0.0,7.371350537265662,234.58816699559898,8362.497825,-8127.9096580044
2020-05-19,140017.35124999998,44663.63291666666,42092.0825,17035.028333333332,34203.7725,2022.8345833333333,32.104166666666664,21.958333333333332,8.375,0.0,7.758333333333333,257.375,3.3983333333333334,221.49498925,0.0,221.49504166666668,11.5,1.0,5.0,2020.0,0.0,6.936580246913581,228.43156949691357,8401.041075,-8172.6095055030855
2020-05-20,138234.06166666668,45127.01583333333,42050.481250000004,12772.856249999999,36394.17791666667,1889.5287500000002,30.77916666666667,25.583333333333332,0.0,0.0,12.708333333333334,288.0416666666667,4.389583333333333,230.77796216666664,0.0,230.77791666666667,11.5,2.0,5.0,2020.0,0.0,15.189847107910381,245.96780927457704,8294.0437,-8048.075890725423
2020-05-21,139665.34125,46134.106250000004,43107.761666666665,11285.613749999999,37686.39875,1451.4608333333333,32.225,25.958333333333332,0.0,0.0,13.674999999999999,289.75,5.067083333333334,230.8594339166667,0.0,230.85945833333335,11.5,3.0,5.0,2020.0,0.0,46.67744198673983,277.5368759034065,8379.920475,-8102.383599096594
2020-05-22,146251.00083333332,48262.32916666666,43679.57958333333,13756.8025,38973.87458333333,1578.4158333333335,34.02916666666667,25.958333333333332,0.5,0.0,6.416666666666667,282.75,2.527083333333333,219.20333129166667,0.0,219.20337500000002,11.5,4.0,5.0,2020.0,0.0,1.3372331961591215,220.54056448782578,8775.06005,-8554.519485512174
2020-05-23,150035.39833333335,49525.49958333333,43994.98458333333,15588.914166666667,39239.910833333335,1686.0895833333334,34.61666666666667,27.625,14.166666666666666,0.0,8.775,243.54166666666666,4.240833333333334,205.46712695833332,0.0,205.46708333333333,11.5,5.0,5.0,2020.0,1.0,12.216872885230911,217.68399984356427,9002.1239,-8784.439900156436
2020-05-24,150539.88791666666,50012.362499999996,44316.331249999996,16490.16625,38093.48,1627.5491666666667,35.583333333333336,25.041666666666668,8.625,0.0,12.554166666666667,261.9583333333333,4.3175,218.98916725,0.0,218.98920833333332,11.5,6.0,5.0,2020.0,1.0,16.97191129401006,235.96107854401006,9032.393275,-8796.43219645599
2020-05-25,153293.75375,50966.055,45503.01458333334,16124.834583333335,39212.666666666664,1487.1812499999999,35.74166666666667,22.166666666666668,0.9583333333333334,0.0,12.8375,284.8333333333333,4.267083333333333,222.04551279166665,0.0,222.04558333333333,11.5,0.0,5.0,2020.0,0.0,17.268113054412442,239.31362584607913,9197.625225,-8958.311599153922
2020-05-26,154678.54916666666,51864.40458333333,45451.56125,16700.73375,39371.53875,1290.3125,36.92916666666667,18.833333333333332,16.541666666666668,0.0,11.020833333333334,267.2083333333333,5.278333333333333,214.90453087499998,0.0,214.90454166666666,11.5,1.0,5.0,2020.0,0.0,52.14639894833105,267.05092982333105,9280.71295,-9013.66202017667
2020-05-27,152273.8975,50786.14083333334,45214.08416666667,15186.842083333335,39880.261666666665,1206.5674999999999,36.50833333333333,20.75,10.291666666666666,0.0,9.870833333333334,263.875,4.289166666666667,211.62153445833334,0.0,211.62154166666667,11.5,2.0,5.0,2020.0,0.0,17.585810013717424,229.20734447205075,9136.43385,-8907.226505527948
2020-05-28,144980.145,45697.99041666667,44546.934166666666,13803.35125,39367.644583333335,1564.2233333333334,32.975,41.458333333333336,58.0,0.004166666666666667,19.558333333333334,212.75,4.60375,202.22772108333334,0.0,202.22766666666666,11.5,3.0,5.0,2020.0,0.0,18.65705178326475,220.88477286659807,8698.8087,-8477.923927133403
2020-05-29,141855.28416666668,41738.854583333334,44583.576250000006,15038.268333333333,38755.875,1738.7083333333333,30.104166666666668,57.625,56.333333333333336,0.17500000000000002,20.683333333333334,195.66666666666666,6.049166666666667,198.95225416666665,0.0,198.95229166666664,11.5,4.0,5.0,2020.0,0.0,69.75565557841792,268.7079097450846,8511.31705,-8242.609140254915
2020-05-30,139283.27583333335,39722.2925,44587.60958333333,15555.568333333335,37634.370416666665,1783.4354166666665,28.183333333333334,61.291666666666664,57.291666666666664,0.225,12.133333333333333,189.125,3.4658333333333338,159.64042741666665,0.0,159.64045833333333,11.5,5.0,5.0,2020.0,1.0,4.817931069958847,164.4583584866255,8356.99655,-8192.538191513375
2020-05-31,131276.65083333335,35651.705,43739.12666666667,14771.341666666667,35350.662083333336,1763.81375,26.866666666666664,69.16666666666667,38.375,0.008333333333333333,7.566666666666666,240.625,1.4654166666666668,178.77396729166665,0.0,178.77395833333333,11.5,6.0,5.0,2020.0,1.0,0.0,178.77396729166665,7876.59905,-7697.825082708333
2020-06-01,133840.09333333335,39165.61,41687.792083333334,16098.6775,35170.365,1717.64875,27.8125,67.29166666666667,36.75,0.0,6.545833333333333,267.5833333333333,2.3245833333333334,211.95902416666664,0.0,211.95904166666665,11.5,0.0,6.0,2020.0,0.0,0.0730474965706447,212.0320716632373,8030.405599999999,-7818.373528336763
2020-06-02,133828.80583333332,41368.512500000004,39798.675833333335,16268.598333333333,34686.318333333336,1706.7016666666666,29.016666666666666,61.541666666666664,21.416666666666668,0.0,6.495833333333334,240.75,2.14,201.43884425,0.0,201.43891666666664,11.5,1.0,6.0,2020.0,0.0,0.0,201.43884425,8029.72835,-7828.289505749999
2020-06-03,131662.08458333332,42854.645,35457.1175,17086.378333333334,34581.66291666667,1682.2816666666668,29.979166666666668,57.75,12.75,0.0,6.1499999999999995,263.125,2.3645833333333335,195.77139479166667,0.0,195.77145833333336,11.5,2.0,6.0,2020.0,0.0,0.0034716506630086707,195.77486644232968,7899.725074999999,-7703.9502085576705
2020-06-04,129809.84583333333,41996.13625,33506.95041666667,17165.29291666667,35405.57166666666,1735.8945833333335,29.6125,56.833333333333336,70.75,0.0,7.066666666666666,197.41666666666666,2.4220833333333336,161.81897729166667,0.0,161.81895833333334,11.5,3.0,6.0,2020.0,0.0,0.15198559670781894,161.9709628883745,7788.590749999999,-7626.619787111625
2020-06-05,129089.98833333333,39046.10125,35406.677083333336,16189.442916666667,36663.54,1784.225416666667,29.05,59.75,14.333333333333334,0.0,8.233333333333333,259.625,2.9129166666666664,195.94280766666668,0.0,195.94291666666666,11.5,4.0,6.0,2020.0,0.0,1.0944513603109283,197.0372590269776,7745.3993,-7548.362040973022
2020-06-06,132820.08208333334,40675.76291666667,36606.1475,17813.662083333333,36025.00708333334,1699.5024999999998,29.520833333333332,58.166666666666664,42.875,0.0,7.645833333333333,242.33333333333334,1.9795833333333333,196.78435345833336,0.0,196.7843333333333,11.5,5.0,6.0,2020.0,1.0,0.6562072473708275,197.44056070570414,7969.204924999999,-7771.764364294296
2020-06-07,132028.90541666668,40735.23708333333,36950.17833333334,17882.07,34618.505,1842.9145833333332,30.59166666666667,58.875,15.166666666666666,0.049999999999999996,8.416666666666666,243.375,1.6966666666666665,200.77571241666666,0.0,200.77575000000002,11.5,6.0,6.0,2020.0,1.0,0.0,200.77571241666666,7921.734325,-7720.958612583333
2020-06-08,140792.41291666668,45243.207083333335,38670.59291666667,18244.76,36682.69666666666,1951.1579166666668,30.825,59.833333333333336,10.625,0.004166666666666667,6.870833333333334,249.54166666666666,2.4320833333333334,198.76370129166665,0.0,198.76379166666666,11.5,0.0,6.0,2020.0,0.0,0.5399177526291723,199.30361904429583,8447.544775,-8248.241155955704
2020-06-09,148120.745,49167.85041666666,40167.081666666665,18945.585,37732.48375,2107.744166666667,33.079166666666666,51.458333333333336,8.166666666666666,0.0,6.466666666666666,254.83333333333334,2.51125,191.82587312500002,0.0,191.825875,11.5,1.0,6.0,2020.0,0.0,0.3965437814357567,192.22241690643577,8887.2447,-8695.022283093564
2020-06-10,150478.71291666667,52114.42166666667,40568.66375,19168.634166666667,36470.43041666666,2156.56375,33.74583333333333,51.916666666666664,15.0,0.0,7.495833333333334,237.95833333333334,1.5108333333333333,188.567886625,0.0,188.5678333333333,11.5,2.0,6.0,2020.0,0.0,0.03328863740283493,188.60117526240285,9028.722775,-8840.121599737597
2020-06-11,147675.395,53664.4475,39389.737499999996,18737.205416666668,33750.238333333335,2133.765,33.55833333333333,53.416666666666664,6.916666666666667,0.0,6.429166666666667,253.08333333333334,2.2604166666666665,192.38172258333336,0.0,192.38166666666666,11.5,3.0,6.0,2020.0,0.0,0.024070416095107443,192.40579299942843,8860.5237,-8668.117907000571
2020-06-12,147958.82583333334,55571.184166666666,39470.09875,18023.083333333332,32869.22625,2025.2329166666666,33.800000000000004,51.708333333333336,12.541666666666666,0.0,9.0375,243.29166666666666,1.9179166666666667,191.0922104166667,0.0,191.09220833333333,11.5,4.0,6.0,2020.0,0.0,0.0020941358024691293,191.09430455246914,8877.52955,-8686.43524544753
2020-06-13,145798.78625,54349.17625,38120.93708333333,17549.885416666668,33733.76666666667,2045.0175,33.645833333333336,54.583333333333336,15.708333333333334,0.0,9.041666666666666,249.875,2.049166666666667,170.15131979166668,0.0,170.15129166666665,11.5,5.0,6.0,2020.0,1.0,0.00015683584819387082,170.15147662751488,8747.927174999999,-8577.775698372485
2020-06-14,142523.41583333333,53749.40583333333,36470.924999999996,16954.99625,33311.416666666664,2036.6720833333331,33.670833333333334,55.833333333333336,23.0,0.0,8.612499999999999,247.625,2.375833333333333,166.06145108333334,0.0,166.0615,11.5,6.0,6.0,2020.0,1.0,0.016077789208962027,166.07752887254227,8551.40495,-8385.327421127457
2020-06-15,149173.43125,56723.66916666667,37310.23166666667,16842.295416666668,36198.5775,2098.659166666667,34.34583333333333,47.333333333333336,7.708333333333333,0.0,8.691666666666666,257.0833333333333,2.27625,201.87025683333331,0.0,201.87025000000003,11.5,0.0,6.0,2020.0,0.0,0.2690144604481024,202.13927129378143,8950.405875,-8748.266603706217
2020-06-16,151026.27791666667,57749.42458333333,38130.75708333334,16822.29375,36198.17875,2125.6266666666666,33.84166666666667,48.125,12.5,0.004166666666666667,9.416666666666666,248.66666666666666,2.3312500000000003,187.33574195833333,0.0,187.33575,11.5,1.0,6.0,2020.0,0.0,0.13170861911294016,187.46745057744627,9061.576675,-8874.109224422553
2020-06-17,151694.60708333334,58837.53541666667,37647.8075,17111.202083333334,36092.995416666665,2005.0675,33.887499999999996,51.541666666666664,4.75,0.0,11.554166666666667,266.7083333333333,2.797916666666667,201.12428775,0.0,201.12429166666666,11.5,2.0,6.0,2020.0,0.0,0.9257590877914953,202.05004683779148,9101.676425,-8899.62637816221
2020-06-18,152924.64125000002,59835.46041666667,37898.96375,17222.946666666667,36041.579999999994,1925.6899999999998,34.62916666666667,50.125,8.041666666666666,0.0,10.120833333333334,273.8333333333333,2.5191666666666666,202.77908549999998,0.0,202.779125,11.5,3.0,6.0,2020.0,0.0,0.7935231481481481,203.57260864814816,9175.478475,-8971.905866351852
2020-06-19,154425.77625,59254.69125,38386.339166666665,17993.375,36723.05375,2068.3166666666666,34.96666666666667,52.958333333333336,27.625,0.0,11.200000000000001,239.25,3.6666666666666665,194.65292533333334,0.0,194.65291666666667,11.5,4.0,6.0,2020.0,0.0,13.203792924096938,207.8567182574303,9265.546574999998,-9057.689856742569
2020-06-20,152712.00208333333,56335.61625,39049.31041666667,18123.717083333333,37055.715416666666,2147.6429166666667,33.72083333333333,53.375,27.291666666666668,0.05000000000000001,12.029166666666667,240.41666666666666,3.98875,177.338507625,0.0,177.3384166666667,11.5,5.0,6.0,2020.0,1.0,9.673338991769548,187.01184661676953,9162.720125,-8975.70827838323
2020-06-21,145831.105,53031.574583333335,37900.496666666666,17749.298333333332,35074.25666666667,2075.477083333333,33.395833333333336,54.0,13.375,0.0,8.966666666666667,260.125,2.2883333333333336,195.11445133333334,0.0,195.11445833333335,11.5,6.0,6.0,2020.0,1.0,0.007832933241883867,195.1222842665752,8749.8663,-8554.744015733424
2020-06-22,149437.07916666666,54011.244583333326,39481.20958333334,17651.795000000002,36159.30416666666,2133.5241666666666,31.8875,60.875,14.708333333333334,0.041666666666666664,7.175,241.83333333333334,2.12875,170.818965125,0.0,170.8189583333333,11.5,0.0,6.0,2020.0,0.0,0.0007030178326474569,170.81966814283268,8966.22475,-8795.405081857167
2020-06-23,153797.84333333335,56376.85999999999,40058.93083333333,18200.312083333334,37034.45041666667,2127.2866666666664,31.541666666666668,64.0,34.125,0.08333333333333333,14.308333333333332,228.5,4.182083333333334,184.32045266666668,0.0,184.32045833333333,11.5,1.0,6.0,2020.0,0.0,4.370732053040695,188.69118471970737,9227.8706,-9039.179415280292
2020-06-24,154620.56666666668,55013.90416666667,41242.84583333333,19061.242916666666,37262.448333333334,2040.1258333333333,30.329166666666666,72.0,56.625,0.12916666666666668,11.75,198.79166666666666,2.4204166666666667,148.428482625,0.0,148.428375,11.5,2.0,6.0,2020.0,0.0,0.0051532350251486,148.43363586002513,9277.233999999999,-9128.800364139975
2020-06-25,153018.20958333332,53635.34625,42234.294583333336,18191.35583333333,37058.72791666666,1898.485,31.895833333333332,66.16666666666667,21.208333333333332,0.0,5.5375000000000005,263.875,1.6195833333333332,185.92200995833332,0.0,185.92204166666667,11.5,3.0,6.0,2020.0,0.0,0.056803440786465514,185.9788133991198,9181.092575,-8995.11376160088
2020-06-26,151654.01583333334,54658.6775,41203.1725,17441.093333333334,36513.96083333333,1837.11125,32.4,64.5,30.0,0.05833333333333333,9.995833333333334,214.54166666666666,3.6070833333333336,160.37400158333332,0.0,160.37408333333335,11.5,4.0,6.0,2020.0,0.0,8.58283744855967,168.956839031893,9099.24095,-8930.284110968107
2020-06-27,153266.89833333335,56274.4275,40999.277500000004,17860.383333333335,36361.520416666666,1771.2895833333332,33.733333333333334,56.541666666666664,45.083333333333336,0.004166666666666667,13.554166666666667,217.625,5.362916666666667,173.19944183333334,0.0,173.19949999999997,11.5,5.0,6.0,2020.0,1.0,35.07318078417924,208.2726226175126,9196.0139,-8987.741277382487
2020-06-28,149146.38083333333,56934.35,39950.964166666665,16760.265416666665,33720.800833333335,1780.0,35.041666666666664,51.125,31.625,0.008333333333333333,13.904166666666667,221.91666666666666,4.835416666666666,170.31812404166666,0.0,170.31820833333333,11.5,6.0,6.0,2020.0,1.0,67.79012951531779,238.10825355698447,8948.78285,-8710.674596443016
2020-06-29,152152.08125000002,56248.33458333334,41340.13291666666,17445.304583333334,35166.39,1951.9191666666666,34.4125,53.666666666666664,19.083333333333332,0.020833333333333332,12.8375,247.5,4.31125,170.75736520833334,0.0,170.757375,11.5,0.0,6.0,2020.0,0.0,21.549309556470046,192.30667476480338,9129.124875,-8936.818200235197
2020-06-30,155117.66624999998,58645.275,40831.83041666667,18484.02375,35082.925833333335,2073.61125,32.19583333333333,63.333333333333336,28.208333333333332,0.0,12.245833333333332,259.625,3.3954166666666663,172.95741945833333,0.0,172.95737499999998,11.5,1.0,6.0,2020.0,0.0,1.677761774119799,174.6351812324531,9307.059974999998,-9132.424793767546
2020-07-01,158325.18833333332,60896.6175,40582.67958333334,19347.258333333335,35433.668750000004,2064.9641666666666,33.37083333333333,59.375,9.333333333333334,0.0,8.4125,257.6666666666667,2.2708333333333335,184.0720159583333,0.0,184.07204166666668,11.5,2.0,7.0,2020.0,0.0,0.033204103795153185,184.1052200621285,9499.5113,-9315.406079937871
2020-07-02,160470.90958333333,62810.75916666666,41136.244166666664,19531.042083333334,34978.431666666664,2014.4325,35.145833333333336,52.625,8.833333333333334,0.004166666666666667,8.204166666666667,254.41666666666666,3.3804166666666666,188.08730620833333,0.0,188.08737499999998,11.5,3.0,7.0,2020.0,0.0,3.0284495313214452,191.1157557396548,9628.254575,-9437.138819260346
2020-07-03,160142.10375,63348.068750000006,41271.160416666666,19387.54125,34097.63291666666,2037.6983333333335,35.05833333333333,55.916666666666664,9.666666666666666,0.0,12.391666666666666,267.7916666666667,3.43375,186.52942145833333,0.0,186.529375,11.5,4.0,7.0,2020.0,0.0,4.955386945587562,191.48480840392088,9608.526225,-9417.04141659608
2020-07-04,153889.29958333334,59899.365,40313.387083333335,18767.8825,32889.737916666665,2018.9279166666665,33.1,63.541666666666664,12.5,0.0,14.5,249.25,2.36625,162.42888804166668,0.0,162.428875,11.5,5.0,7.0,2020.0,1.0,0.16143941472336534,162.59032745639004,9233.357974999999,-9070.76764754361
2020-07-05,136086.51291666666,47812.77458333334,36978.205416666664,18333.9375,30948.180416666666,2013.4158333333335,29.941666666666666,69.5,60.75,0.1708333333333333,11.612499999999999,220.04166666666666,2.2675,148.1351785,0.0,148.13520833333334,11.5,6.0,7.0,2020.0,1.0,1.3732642889803388,149.50844278898032,8165.190774999999,-8015.682332211019
2020-07-06,143900.39541666667,53868.27958333333,36764.96625,17923.301666666666,33316.74083333334,2027.1070833333333,30.65833333333333,70.29166666666667,52.833333333333336,0.012500000000000002,10.829166666666666,243.45833333333334,2.858333333333333,178.7214092083333,0.0,178.72145833333332,11.5,0.0,7.0,2020.0,0.0,0.09901223136716962,178.82042143970048,8634.023725,-8455.2033035603
2020-07-07,147145.07625,53778.00625,37581.47541666667,18274.187083333334,35395.79458333333,2115.6154166666665,29.275000000000002,74.08333333333333,71.375,0.0625,15.0875,190.375,5.817916666666666,139.4025575,0.0,139.40254166666668,11.5,1.0,7.0,2020.0,0.0,39.952093678555094,179.3546511785551,8828.704575,-8649.349923821444
2020-07-08,148049.96291666667,52495.69458333333,38379.635416666664,19018.962083333332,35967.400416666664,2188.271666666667,28.816666666666666,81.625,82.91666666666667,0.22499999999999998,12.495833333333332,164.41666666666666,2.7504166666666667,113.02933928333334,0.0,113.02933333333333,11.5,2.0,7.0,2020.0,0.0,1.2277681184270692,114.2571074017604,8882.997775,-8768.74066759824
2020-07-09,149838.91333333333,55184.20333333333,39199.8375,18607.310833333333,34703.09333333333,2144.4691666666668,30.241666666666664,77.41666666666667,85.375,0.09166666666666667,8.237499999999999,183.45833333333334,3.3841666666666668,128.46057104166667,0.0,128.460625,11.5,3.0,7.0,2020.0,0.0,3.0242015317786923,131.48477257344535,8990.334799999999,-8858.850027426555
2020-07-10,150107.19375,57266.19666666666,39230.785833333335,18156.820833333335,33501.06291666667,1952.3254166666666,32.74166666666667,63.166666666666664,84.58333333333333,0.06666666666666667,10.570833333333333,232.25,5.257499999999999,174.4504520416667,0.0,174.450375,11.5,4.0,7.0,2020.0,0.0,46.894899977137634,221.3453520188043,9006.431625,-8785.086272981196
2020-07-11,145353.70875,52854.535,39206.848333333335,17797.15875,33600.86208333333,1894.3054166666668,31.900000000000002,64.45833333333333,23.333333333333332,0.0375,12.033333333333333,242.29166666666666,2.9379166666666667,174.043818,0.0,174.0438333333333,11.5,5.0,7.0,2020.0,1.0,6.1916718678555105,180.23548986785553,8721.222525,-8540.987035132144
2020-07-12,135499.27125,46303.72291666667,37618.95083333333,17868.225416666664,31847.243333333332,1861.1274999999998,31.691666666666666,66.45833333333333,54.041666666666664,0.020833333333333332,7.8625,230.45833333333334,2.3945833333333333,147.958832125,0.0,147.95875,11.5,6.0,7.0,2020.0,1.0,0.01800457247370828,147.97683669747371,8129.956275,-7981.979438302526
2020-07-13,146136.70083333334,52129.30833333333,40055.265,17505.423749999998,34504.49125,1942.2108333333333,31.941666666666666,64.54166666666667,48.791666666666664,0.004166666666666667,8.25,237.16666666666666,3.151666666666667,182.3556517083333,0.0,182.355625,11.5,0.0,7.0,2020.0,0.0,0.3536228852309098,182.70927459356423,8768.20205,-8585.492775406436
2020-07-14,153098.45083333334,57093.97583333333,40687.81958333334,18405.130416666667,34864.191249999996,2047.33375,33.266666666666666,60.208333333333336,58.416666666666664,0.0,7.483333333333333,254.95833333333334,2.3629166666666666,179.11104475000002,0.0,179.11104166666667,11.5,1.0,7.0,2020.0,0.0,0.0011754686785550876,179.11222021867854,9185.90705,-9006.794829781322
2020-07-15,152274.92083333334,58241.206249999996,40019.939999999995,18647.559166666666,33302.832916666666,2063.382916666667,31.925,67.625,16.0,0.004166666666666667,14.883333333333333,258.875,3.4924999999999997,173.02306770833334,0.0,173.02312500000002,11.5,2.0,7.0,2020.0,0.0,2.2808995198902604,175.30396722822357,9136.49525,-8961.191282771777
2020-07-16,151462.05125,59315.25125,38776.81291666667,19121.28125,32126.84041666667,2121.8683333333333,30.75,72.66666666666667,56.75,0.19166666666666665,14.245833333333332,213.41666666666666,3.84625,172.68872845833334,0.0,172.68879166666667,11.5,3.0,7.0,2020.0,0.0,2.7374852537722902,175.42621371210564,9087.723075,-8912.296861287894
2020-07-17,154737.93875,60089.19583333333,39600.70208333333,19717.375833333335,33223.065833333334,2107.599583333333,31.145833333333332,73.95833333333333,69.33333333333333,0.45,11.533333333333333,209.70833333333334,3.3362499999999997,153.68568000000002,0.0,153.68558333333334,11.5,4.0,7.0,2020.0,0.0,1.4246584362139918,155.110338436214,9284.276325,-9129.165986563787
2020-07-18,156183.75958333333,59159.120416666665,41007.177083333336,20117.250833333335,33850.28625,2049.9275000000002,31.575,74.0,91.0,0.10416666666666667,10.4625,217.58333333333334,1.79125,152.93789570833334,0.0,152.93791666666667,11.5,5.0,7.0,2020.0,1.0,0.008808070416095107,152.94670377874942,9371.025575,-9218.07887122125
2020-07-19,149115.44499999998,55198.63333333333,40779.86541666667,18593.274999999998,32622.945416666666,1920.7233333333334,30.541666666666668,79.875,90.20833333333333,0.5875,9.458333333333334,182.95833333333334,4.019583333333333,99.44811695833333,0.0,99.44808333333333,11.5,6.0,7.0,2020.0,1.0,4.912210219478738,104.36032717781207,8946.9267,-8842.566372822188
2020-07-20,146964.86541666667,51550.27208333334,41554.33541666667,18430.715,33587.43916666667,1842.10375,29.295833333333334,79.0,79.08333333333333,0.6375000000000001,11.262500000000001,223.54166666666666,3.125833333333333,131.33159805833333,0.0,131.331625,11.5,0.0,7.0,2020.0,0.0,7.868055898491083,139.19965395682442,8817.891925,-8678.692271043175
2020-07-21,143264.28875,46386.8225,42157.745,18463.547083333335,34361.96333333333,1894.2108333333333,28.1875,82.08333333333333,49.916666666666664,0.5625,7.2749999999999995,212.70833333333334,2.3733333333333335,127.33185904166668,0.0,127.33183333333334,11.5,1.0,7.0,2020.0,0.0,0.4848374485596707,127.81669649022633,8595.857324999999,-8468.040628509772
2020-07-22,145771.97291666668,45970.83083333333,42908.659999999996,18443.51625,36478.48541666667,1970.4800000000002,27.183333333333334,86.16666666666667,64.375,0.6,8.262500000000001,175.375,3.07875,83.522469,0.0,83.5225,11.5,2.0,7.0,2020.0,0.0,10.866900834476452,94.38936983447645,8746.318375,-8651.929005165524
2020-07-23,148749.32166666668,50600.92208333333,42896.355416666665,17729.165833333333,35474.20375,2048.6745833333334,28.541666666666668,78.58333333333333,13.166666666666666,0.008333333333333333,6.320833333333333,252.41666666666666,2.49875,187.71198554166665,0.0,187.712,11.5,3.0,7.0,2020.0,0.0,0.07764809099222683,187.7896336326589,8924.9593,-8737.169666367341
2020-07-24,150362.025,52894.14833333334,42269.9375,18047.896666666667,35109.24166666667,2040.7966666666669,28.825,78.45833333333333,25.916666666666668,0.06666666666666667,8.366666666666667,224.08333333333334,3.268333333333333,171.87877858333334,0.0,171.87879166666667,11.5,4.0,7.0,2020.0,0.0,0.7077511431184268,172.58652972645177,9021.7215,-8849.134970273548
2020-07-25,150407.99833333332,53996.53208333333,41655.43541666667,18313.36333333333,34380.934583333335,2061.732916666667,28.804166666666664,82.16666666666667,32.833333333333336,0.07916666666666668,10.049999999999999,227.20833333333334,2.8841666666666668,168.08787825,0.0,168.087875,11.5,5.0,7.0,2020.0,1.0,0.7623926611796982,168.8502709111797,9024.4799,-8855.62962908882
2020-07-26,149129.87333333332,55149.33708333334,40415.785833333335,19476.9275,32084.876666666667,2002.9479166666667,29.90416666666667,79.66666666666667,24.625,0.10833333333333334,6.175,249.66666666666666,1.4091666666666667,149.69294589583333,0.0,149.692875,11.5,6.0,7.0,2020.0,1.0,0.0,149.69294589583333,8947.7924,-8798.099454104167
2020-07-27,159420.07708333334,59172.206249999996,42770.941249999996,19545.672916666666,35947.78041666667,1983.4799999999998,31.008333333333336,75.16666666666667,45.333333333333336,0.1125,9.9125,233.75,2.9583333333333335,167.74578120833334,0.0,167.74575,11.5,0.0,7.0,2020.0,0.0,2.081342706904436,169.82712391523776,9565.204625,-9395.377501084762
2020-07-28,162098.81708333333,60480.32916666666,43900.38625,18538.889583333334,37095.90625,2083.3054166666666,31.854166666666668,67.25,73.79166666666667,0.016666666666666666,13.262500000000001,237.16666666666666,2.858333333333333,183.55485931249999,0.0,183.55483333333333,11.5,1.0,7.0,2020.0,0.0,1.587898148148148,185.14275746064814,9725.929025,-9540.786267539352
2020-07-29,157361.24875,58055.41458333333,43256.918333333335,18282.835833333334,35693.659999999996,2072.4204166666664,30.545833333333334,72.20833333333333,99.41666666666667,0.004166666666666667,10.35,171.45833333333334,3.5775,149.42477016666666,0.0,149.42475,11.5,2.0,7.0,2020.0,0.0,4.034656835848195,153.45942700251484,9441.674925,-9288.215497997486
2020-07-30,154090.94791666666,53131.972083333334,44039.13166666666,18706.320416666666,36209.042916666665,2004.4808333333333,28.9375,79.25,68.83333333333333,0.1625,7.820833333333333,195.5,1.5225,145.72338732083333,0.0,145.723375,11.5,3.0,7.0,2020.0,0.0,0.0353708276177412,145.75875814845108,9245.456875,-9099.698116851549
2020-07-31,156598.80125,54314.5075,43883.638750000006,19337.54333333333,37006.167083333334,2056.9425,29.166666666666668,84.125,88.83333333333333,0.3541666666666667,6.8,218.70833333333334,1.8591666666666666,167.41503206666667,0.0,167.41504166666667,11.5,4.0,7.0,2020.0,0.0,0.09166569501600362,167.50669776168266,9395.928075,-9228.421377238317
2020-08-01,154413.80958333335,53873.93375,43532.268749999996,19317.889166666668,35558.375,2131.3441666666668,29.400000000000002,83.79166666666667,92.91666666666667,0.2333333333333333,5.591666666666666,204.58333333333334,1.7666666666666666,128.73353325,0.0,128.73354166666667,11.5,5.0,8.0,2020.0,1.0,0.042195358939186085,128.7757286089392,9264.828575,-9136.052846391061
2020-08-02,150471.50333333333,53796.245416666665,42903.78875,19396.075416666667,32202.756250000002,2172.639583333333,31.1375,75.25,39.0,0.008333333333333333,8.825000000000001,245.33333333333334,2.565,178.92821387499998,0.0,178.92820833333334,11.5,6.0,8.0,2020.0,1.0,0.16326023090992228,179.09147410590992,9028.2902,-8849.19872589409
2020-08-03,151520.24625,55228.2225,40310.94458333334,19898.11333333333,33794.68208333333,2288.2829166666666,31.691666666666666,72.45833333333333,41.291666666666664,0.05416666666666667,8.725,215.04166666666666,3.7445833333333334,171.46061362499998,0.0,171.46062500000002,11.5,0.0,8.0,2020.0,0.0,9.268999371284865,180.72961299628489,9091.214774999999,-8910.485162003715
2020-08-04,152165.01208333333,57242.80958333333,41340.122083333335,18198.923333333332,33049.831666666665,2333.32625,31.679166666666664,73.33333333333333,19.291666666666668,0.0375,8.299999999999999,257.0833333333333,2.5025,173.6006629875,0.0,173.600625,11.5,1.0,8.0,2020.0,0.0,0.08834836534064928,173.68901135284065,9129.900725,-8956.211713647159
2020-08-05,149392.67625,57808.076250000006,40111.46,16028.289166666667,33159.545,2285.305,30.579166666666666,79.16666666666667,59.708333333333336,0.08750000000000001,10.733333333333334,207.25,3.1145833333333335,141.03531510416667,0.0,141.03529166666667,11.5,2.0,8.0,2020.0,0.0,1.5638072702331962,142.59912237439985,8963.560575,-8820.9614526256
2020-08-06,148203.82083333333,54967.574583333335,38434.87,16968.05,35511.42791666667,2321.8995833333333,30.870833333333334,70.875,68.45833333333333,0.004166666666666667,22.97083333333333,248.25,7.140833333333333,190.54280400000002,0.0,190.54274999999998,11.5,3.0,8.0,2020.0,0.0,178.1063533950617,368.64915739506165,8892.229249999999,-8523.580092604938
2020-08-07,155252.48458333334,57412.17166666667,39333.62416666667,18397.635,37829.34291666667,2279.712916666667,29.96666666666667,76.375,53.0,0.0375,16.616666666666667,236.95833333333334,3.7558333333333334,172.6967146375,0.0,172.696625,11.5,4.0,8.0,2020.0,0.0,33.285322187928664,205.98203682542865,9315.149075,-9109.16703817457
2020-08-08,158234.67375,59312.46083333334,39440.8275,18956.659166666668,38279.300416666665,2245.42375,30.804166666666664,78.375,48.708333333333336,0.13749999999999998,3.858333333333333,238.70833333333334,0.9629166666666666,180.23762837499999,0.0,180.23758333333333,11.5,5.0,8.0,2020.0,1.0,0.0,180.23762837499999,9494.080425,-9313.842796625
2020-08-09,151080.26916666667,57164.20875,38286.09458333333,18848.84125,34645.00833333333,2136.117083333333,29.8125,83.33333333333333,98.66666666666667,0.9500000000000001,5.575,195.375,1.2220833333333332,104.55656794166667,0.0,104.55654166666666,11.5,6.0,8.0,2020.0,1.0,0.0,104.55656794166667,9064.81615,-8960.259582058332
2020-08-10,151332.20125,56815.94166666667,39472.85875,19221.448333333334,33714.589166666665,2107.36375,28.77916666666667,86.91666666666667,94.95833333333333,0.09999999999999999,9.1,157.54166666666666,2.0220833333333332,81.19973741666668,0.0,81.19966666666667,11.5,0.0,8.0,2020.0,0.0,0.0,81.19973741666668,9079.932074999999,-8998.732337583333
2020-08-11,152037.3525,56163.0425,38602.905,19675.16,35413.65666666667,2182.585833333333,28.9375,87.25,98.66666666666667,0.6583333333333333,6.233333333333333,144.79166666666666,2.1591666666666667,136.45783229166668,0.0,136.457875,11.5,1.0,8.0,2020.0,0.0,0.00035802469135801676,136.45819031635804,9122.24115,-8985.782959683642
2020-08-12,148255.73791666667,54543.87333333333,36454.612499999996,19130.207083333335,35896.82708333333,2230.2183333333332,29.837500000000002,82.66666666666667,97.29166666666667,0.1416666666666667,11.0625,217.5,3.0704166666666666,119.26979184166667,0.0,119.26983333333334,11.5,2.0,8.0,2020.0,0.0,1.6302369112940107,120.90002875296068,8895.344275,-8774.444246247038
2020-08-13,143642.66416666665,50830.292916666665,35864.458333333336,19305.311666666665,35357.901666666665,2284.7000000000003,26.641666666666666,94.79166666666667,94.79166666666667,3.5250000000000004,8.125,48.708333333333336,2.0029166666666667,58.16047547916667,0.0,58.16054166666667,11.5,3.0,8.0,2020.0,0.0,0.0,58.16047547916667,8618.55985,-8560.399374520834
2020-08-14,143988.01625000002,51491.10125,35800.03625,19309.546666666665,35213.235,2174.0991666666664,27.641666666666666,89.16666666666667,89.95833333333333,0.20833333333333334,12.579166666666666,181.58333333333334,2.6683333333333334,94.65460409583334,0.0,94.65454166666666,11.5,4.0,8.0,2020.0,0.0,1.3792447988111565,96.03384889464449,8639.280975,-8543.247126105356
2020-08-15,138702.75875,51945.28,34049.49791666667,18384.95,32314.0775,2008.9525,28.8875,86.20833333333333,51.333333333333336,0.10833333333333334,10.975,220.58333333333334,3.1816666666666666,137.111825125,0.0,137.11183333333335,11.5,5.0,8.0,2020.0,1.0,4.160996799268405,141.2728219242684,8322.165524999999,-8180.89270307573
2020-08-16,137703.1325,52880.760416666664,34918.472499999996,18317.875,29607.638333333332,1978.3833333333332,28.758333333333336,87.33333333333333,60.416666666666664,0.25833333333333336,9.3375,185.58333333333334,2.341666666666667,153.08595384166668,0.0,153.08587500000002,11.5,6.0,8.0,2020.0,1.0,0.0,153.08595384166668,8262.18795,-8109.101996158333
2020-08-17,146271.39375000002,56418.152916666666,36612.39916666667,18881.08375,32286.540416666667,2073.215833333333,29.15833333333333,85.875,64.04166666666667,0.08750000000000001,9.129166666666666,203.125,2.3158333333333334,156.43324680416666,0.0,156.43325000000002,11.5,0.0,8.0,2020.0,0.0,0.19645118884316426,156.62969799300984,8776.283625,-8619.65392700699
2020-08-18,149015.89625,56217.70416666666,37120.02291666666,19494.472916666666,33986.573333333334,2197.1233333333334,29.8125,83.54166666666667,78.25,0.4041666666666666,5.325,192.79166666666666,1.9745833333333334,135.22638069583334,0.0,135.226375,11.5,1.0,8.0,2020.0,0.0,0.0,135.22638069583334,8940.953775,-8805.727394304167
2020-08-19,143370.61625,49924.47625,36859.9125,19251.782916666667,35122.848333333335,2211.595,27.1125,92.45833333333333,99.95833333333333,0.6958333333333333,6.966666666666666,79.45833333333333,1.73625,33.474651808333334,0.0,33.47466666666667,11.5,2.0,8.0,2020.0,0.0,0.0,33.474651808333334,8602.236975,-8568.762323191666
2020-08-20,137203.42541666667,45989.52458333334,37357.52375,16810.256250000002,34891.87458333333,2154.2462499999997,26.483333333333334,92.66666666666667,98.70833333333333,0.3666666666666667,8.095833333333333,93.04166666666667,2.575833333333333,63.88201673333333,0.0,63.88195833333333,11.5,3.0,8.0,2020.0,0.0,0.027500457247370814,63.90951719058071,8232.205525,-8168.296007809419
2020-08-21,136571.37916666668,45791.339166666665,36298.01791666667,16687.94125,35627.71791666667,2166.3625,28.583333333333332,79.33333333333333,35.125,0.008333333333333333,13.291666666666666,251.04166666666666,3.732083333333333,152.96163695833334,0.0,152.961625,11.5,4.0,8.0,2020.0,0.0,7.988464163237311,160.95010112157064,8194.28275,-8033.332648878429
2020-08-22,137109.57,46930.81541666667,34861.037083333336,17755.499583333334,35397.262083333335,2164.95375,28.620833333333334,75.20833333333333,33.416666666666664,0.004166666666666667,18.125,228.0,4.315,156.02974389166667,0.0,156.02983333333333,11.5,5.0,8.0,2020.0,1.0,14.775162094192957,170.80490598585962,8226.574200000001,-8055.76929401414
2020-08-23,135747.31125,46866.69125,34470.00625,18092.99,34146.95291666667,2170.67,28.09583333333333,81.45833333333333,47.375,0.08333333333333333,17.283333333333335,207.375,4.440833333333333,145.608527425,0.0,145.6085,11.5,6.0,8.0,2020.0,1.0,17.2732896090535,162.8818170340535,8144.838675,-7981.956857965946
2020-08-24,143922.52916666667,50284.121666666666,36713.28625,18534.465,36113.9975,2276.657083333333,27.75,82.375,58.666666666666664,0.03333333333333333,15.479166666666666,170.79166666666666,4.684166666666667,121.59379670833333,0.0,121.59370833333334,11.5,0.0,8.0,2020.0,0.0,22.364355109739368,143.9581518180727,8635.35175,-8491.393598181927
2020-08-25,149546.08958333332,51954.39124999999,38343.011666666665,19028.538333333334,37864.27375,2355.8766666666666,28.491666666666664,80.04166666666667,36.708333333333336,0.0375,10.737499999999999,227.91666666666666,3.044583333333333,150.3241264625,0.0,150.32416666666668,11.5,1.0,8.0,2020.0,0.0,0.4081878143575673,150.73231427685758,8972.765374999999,-8822.033060723143
2020-08-26,151576.74375,53234.02375,39154.57041666666,18159.916666666668,38692.38791666667,2335.8454166666666,28.979166666666668,78.58333333333333,39.5,0.0375,7.512499999999999,221.54166666666666,3.300416666666667,136.8421289875,0.0,136.84216666666666,11.5,2.0,8.0,2020.0,0.0,3.5012002171925025,140.3433292046925,9094.604625,-8954.261295795308
2020-08-27,149834.72583333333,53514.11916666667,38904.831666666665,17353.373333333333,37758.589166666665,2303.8145833333333,28.704166666666666,80.25,70.54166666666667,0.04583333333333334,6.7375,198.75,2.0433333333333334,122.99129950833333,0.0,122.99133333333333,11.5,3.0,8.0,2020.0,0.0,0.36056304298125275,123.35186255131458,8990.08355,-8866.731687448684
2020-08-28,148002.60333333333,51588.17958333334,37535.9125,18511.344583333335,38093.085,2274.07875,28.52916666666667,84.20833333333333,50.666666666666664,0.11666666666666668,5.629166666666666,218.66666666666666,1.7658333333333334,166.61082277916668,0.0,166.610875,11.5,4.0,8.0,2020.0,0.0,0.0,166.61082277916668,8880.1562,-8713.545377220833
2020-08-29,148370.96041666667,50901.62958333333,37359.768749999996,19143.875,38764.00958333333,2201.6779166666665,28.55,83.45833333333333,39.458333333333336,0.075,7.2375,227.75,2.814583333333333,183.87078675,0.0,183.87075000000002,11.5,5.0,8.0,2020.0,1.0,0.62238471650663,184.49317146650662,8902.257625,-8717.764453533493
2020-08-30,142956.77791666667,48406.981250000004,35800.104583333334,19363.694583333334,37282.33,2103.6679166666668,27.96666666666667,78.95833333333333,31.541666666666668,0.09999999999999999,20.1875,206.5,7.052916666666667,164.44688952083334,0.0,164.44683333333333,11.5,6.0,8.0,2020.0,1.0,143.18419690214907,307.6310864229824,8577.406675,-8269.775588577018
2020-08-31,148412.88458333333,49425.92083333334,38606.60833333333,19945.000416666666,38317.699166666665,2117.6558333333332,27.90833333333333,77.41666666666667,51.416666666666664,0.0625,16.179166666666667,184.625,4.131666666666667,152.33444968333333,0.0,152.33445833333334,11.5,0.0,8.0,2020.0,0.0,12.590622085048011,164.92507176838134,8904.773075,-8739.848003231618
2020-09-01,151556.74458333335,51973.96166666667,39610.41291666667,19230.110833333336,38521.39,2220.8695833333336,28.570833333333336,75.04166666666667,36.208333333333336,0.05416666666666667,9.454166666666667,222.70833333333334,2.433333333333333,147.86787495833332,0.0,147.86791666666667,11.5,1.0,9.0,2020.0,0.0,0.015200160036579763,147.88307511836993,9093.404675,-8945.52159988163
2020-09-02,151658.64833333335,53249.18166666667,40565.669583333336,18281.25,37254.86625,2307.6783333333333,28.8625,76.16666666666667,93.125,0.03333333333333333,6.566666666666666,199.70833333333334,1.8854166666666667,171.93886702916666,0.0,171.93891666666664,11.5,2.0,9.0,2020.0,0.0,0.002957418838591675,171.94182444800526,9099.5189,-8927.577075551993
2020-09-03,154022.44708333333,54038.579999999994,41715.77416666666,19350.970416666667,36555.96125,2361.1608333333334,28.4875,83.375,56.833333333333336,0.225,10.383333333333333,183.54166666666666,3.123333333333333,149.10955420416667,0.0,149.10958333333335,11.5,3.0,9.0,2020.0,0.0,1.9357299954275264,151.0452841995942,9241.346824999999,-9090.301540800405
2020-09-04,156026.65333333335,52831.72583333333,42869.48,19916.272083333333,38042.54666666667,2366.6266666666666,28.879166666666666,81.08333333333333,34.25,0.10416666666666667,9.9625,218.16666666666666,2.2970833333333336,167.43436747083334,0.0,167.434375,11.5,4.0,9.0,2020.0,0.0,0.05654046639231825,167.49090793722564,9361.599199999999,-9194.108292062774
2020-09-05,156191.55583333332,51907.68208333334,43976.46458333333,19824.189166666667,38285.0875,2198.1320833333334,28.34166666666667,84.54166666666667,45.666666666666664,0.39999999999999997,4.870833333333334,210.08333333333334,1.7579166666666666,142.16758745833332,0.0,142.16758333333334,11.5,5.0,9.0,2020.0,1.0,0.0,142.16758745833332,9371.493349999999,-9229.325762541666
2020-09-06,149888.59625,49133.420000000006,43034.16291666667,19296.6175,36444.426666666666,1979.9695833333335,28.22083333333333,86.04166666666667,46.041666666666664,0.22083333333333333,5.466666666666666,191.66666666666666,1.0408333333333333,147.17455759166666,0.0,147.174625,11.5,6.0,9.0,2020.0,1.0,0.0,147.17455759166666,8993.315775,-8846.141217408333
2020-09-07,155164.49916666668,52598.52,43815.24,19005.875833333335,37702.520416666666,2042.3425,28.754166666666666,82.91666666666667,42.666666666666664,0.1875,4.504166666666666,203.08333333333334,1.7941666666666667,175.6393202875,0.0,175.63925000000003,11.5,0.0,9.0,2020.0,0.0,0.0,175.6393202875,9309.86995,-9134.2306297125
2020-09-08,159773.48124999998,54653.88208333333,45317.17875,18966.758333333335,38641.42166666667,2194.24125,29.337500000000002,79.0,46.583333333333336,0.016666666666666666,5.420833333333333,219.83333333333334,2.2600000000000002,179.15794969166666,0.0,179.15791666666667,11.5,1.0,9.0,2020.0,0.0,0.18214666209419295,179.34009635376086,9586.408875,-9407.068778646239
2020-09-09,163048.21,57231.85875000001,46110.42166666667,19130.564166666667,38227.49458333333,2347.8708333333334,29.8,73.70833333333333,20.458333333333332,0.0,6.933333333333334,248.08333333333334,1.87875,184.68728036250002,0.0,184.68729166666665,11.5,2.0,9.0,2020.0,0.0,0.004762345679012338,184.692042708179,9782.8926,-9598.20055729182
2020-09-10,163083.94791666666,58462.24041666667,45843.56875,19215.88625,37244.51625,2317.7374999999997,29.808333333333334,71.66666666666667,23.208333333333332,0.0,8.6,241.04166666666666,2.3533333333333335,192.24921091666667,0.0,192.2492083333333,11.5,3.0,9.0,2020.0,0.0,1.385084362139918,193.63429527880658,9785.036875,-9591.402579721193
2020-09-11,162478.96708333332,59723.01541666667,45073.3025,18806.117083333334,36552.71125,2323.8195833333334,30.254166666666666,68.54166666666667,16.875,0.0,6.7749999999999995,244.20833333333334,2.11625,188.884122925,0.0,188.8841666666667,11.5,4.0,9.0,2020.0,0.0,0.022036694101508922,188.9061596191015,9748.738025,-9559.831865380898
2020-09-12,160272.42500000002,60096.486249999994,43663.347916666666,19256.937083333334,34981.5925,2274.0620833333332,30.245833333333334,69.625,35.583333333333336,0.0,6.2124999999999995,244.04166666666666,1.6895833333333332,196.12298174166668,0.0,196.1230416666667,11.5,5.0,9.0,2020.0,1.0,0.09338883173296751,196.21637057339964,9616.3455,-9420.1291294266
2020-09-13,153401.24916666668,59194.57833333333,42216.56041666667,19322.664166666666,30554.742499999997,2112.704583333333,29.974999999999998,72.41666666666667,38.625,0.0,6.0375000000000005,224.0,1.6345833333333333,188.87331156666667,0.0,188.87333333333333,11.5,6.0,9.0,2020.0,1.0,0.03141237997256515,188.90472394663925,9204.07495,-9015.17022605336
2020-09-14,157414.92333333334,61040.96166666667,43431.043333333335,19949.558333333334,30952.221666666665,2041.1375,29.808333333333334,77.20833333333333,43.833333333333336,0.025000000000000005,5.2875000000000005,216.83333333333334,1.7083333333333333,189.2077781,0.0,189.20779166666668,11.5,0.0,9.0,2020.0,0.0,0.0017408550525834416,189.20951895505257,9444.8954,-9255.685881044947
2020-09-15,159923.62208333335,61487.78583333333,44570.152916666666,19721.536666666667,32052.410416666666,2091.7366666666667,30.80416666666667,68.58333333333333,33.833333333333336,0.0,5.266666666666667,244.83333333333334,1.4504166666666667,201.81066637499998,0.0,201.81066666666666,11.5,1.0,9.0,2020.0,0.0,0.14665957933241883,201.95732595433242,9595.417325,-9393.459999045668
2020-09-16,161186.87291666667,61959.60916666667,44548.47833333333,19565.209583333333,33017.8575,2095.71875,31.416666666666668,65.08333333333333,13.208333333333334,0.0,6.954166666666667,234.58333333333334,2.169583333333333,189.42734306666668,0.0,189.42733333333334,11.5,2.0,9.0,2020.0,0.0,0.22831487197073633,189.6556579386374,9671.212375,-9481.556717061363
2020-09-17,159645.13625,61632.09125,43640.35083333334,19092.155833333334,33342.06333333333,1938.4766666666667,31.7,61.125,18.083333333333332,0.0,10.316666666666666,238.66666666666666,3.154166666666667,202.4111796,0.0,202.411125,11.5,3.0,9.0,2020.0,0.0,5.849112597165065,208.26029219716506,9578.708175,-9370.447882802835
2020-09-18,161600.76249999998,62608.050416666665,43836.52375,18810.5125,34215.7075,2129.9683333333332,32.079166666666666,57.708333333333336,21.666666666666668,0.0,9.791666666666666,229.58333333333334,3.035833333333333,190.35320593333333,0.0,190.35316666666665,11.5,4.0,9.0,2020.0,0.0,5.51371450617284,195.86692043950617,9696.04575,-9500.178829560493
2020-09-19,161842.81125,62270.9,44007.34791666667,20257.54291666667,32930.49041666667,2376.5270833333334,31.416666666666668,63.083333333333336,21.583333333333332,0.0,6.133333333333333,235.16666666666666,2.0483333333333333,197.81451447083336,0.0,197.81454166666666,11.5,5.0,9.0,2020.0,1.0,0.003499657064471867,197.81801412789778,9710.568675,-9512.750660872101
2020-09-20,154730.77291666667,60608.27,41510.50166666667,20429.1925,29858.33,2324.4779166666667,30.704166666666666,66.54166666666667,20.625,0.0,8.525,245.16666666666666,2.33625,212.01769503749998,0.0,212.01770833333333,11.5,6.0,9.0,2020.0,1.0,0.4712746913580245,212.48896972885802,9283.846375,-9071.357405271141
2020-09-21,155705.2775,61555.80333333334,42160.56875,18314.296666666665,31496.271666666667,2178.335,30.870833333333334,61.958333333333336,3.6666666666666665,0.0,7.0249999999999995,238.125,2.6220833333333333,203.5595177125,0.0,203.5594583333333,11.5,0.0,9.0,2020.0,0.0,0.2810788751714677,203.84059658767146,9342.316649999999,-9138.476053412329
2020-09-22,155485.00875,59723.395,42036.440833333334,18034.325,33643.04541666667,2047.8016666666665,30.21666666666667,72.54166666666667,28.291666666666668,0.23750000000000002,8.3375,204.66666666666666,2.1662500000000002,162.497752775,0.0,162.49775,11.5,1.0,9.0,2020.0,0.0,0.002865626428898024,162.5006184014289,9329.100525,-9166.59990659857
2020-09-23,153004.52833333335,57116.43,40791.86375,17821.540833333333,35212.30708333333,2062.38625,29.570833333333336,73.08333333333333,48.75,0.09583333333333333,8.491666666666667,202.83333333333334,1.9341666666666668,184.81455083083333,0.0,184.81454166666666,11.5,2.0,9.0,2020.0,0.0,0.030888545953360765,184.8454393767867,9180.2717,-8995.426260623213
2020-09-24,154214.14375000002,54666.07375,41897.63166666667,17972.50875,37592.11541666667,2085.8120833333332,29.666666666666668,69.45833333333333,28.541666666666668,0.0,7.541666666666667,237.79166666666666,1.9191666666666667,197.30451034583334,0.0,197.3045,11.5,3.0,9.0,2020.0,0.0,0.0011526634659350667,197.30566300929925,9252.848625,-9055.5429619907
2020-09-25,155434.09666666668,54973.598750000005,42887.4375,17859.154583333333,37673.98375,2039.92375,30.59166666666667,58.666666666666664,6.375,0.0,11.483333333333334,236.0,2.2258333333333336,211.66246675666665,0.0,211.66241666666667,11.5,4.0,9.0,2020.0,0.0,0.6664230681298581,212.32888982479653,9326.0458,-9113.716910175202
2020-09-26,150407.50416666668,54183.427083333336,42692.91166666667,18006.419166666667,33557.86583333334,1966.8812500000001,29.229166666666668,56.25,20.291666666666668,0.0,9.708333333333334,202.41666666666666,1.86625,192.10715824833335,0.0,192.107125,11.5,5.0,9.0,2020.0,1.0,0.018194501600365804,192.12535274993368,9024.45025,-8832.324897250066
2020-09-27,145272.24958333335,51339.43083333334,41988.88333333333,17995.7575,31962.62375,1985.5529166666665,28.90416666666667,57.875,4.458333333333333,0.0,8.862499999999999,228.75,1.9416666666666667,213.61501486916666,0.0,213.615,11.5,6.0,9.0,2020.0,1.0,0.015851223136716944,213.63086609230336,8716.334975,-8502.704108907696
2020-09-28,153204.64791666667,53326.16208333333,44283.29416666667,19087.149166666666,34406.13333333333,2101.9095833333336,28.537499999999998,57.125,0.041666666666666664,0.0,10.054166666666667,239.5,2.731666666666667,217.50351445125,0.0,217.50358333333335,11.5,0.0,9.0,2020.0,0.0,1.4587438843164149,218.96225833556642,9192.278875,-8973.316616664433
2020-09-29,155263.43125,53580.43833333333,45040.894166666665,19670.479583333334,34681.17333333333,2290.4474999999998,28.075,54.583333333333336,0.125,0.0,10.829166666666666,237.75,3.0933333333333333,212.8198977333333,0.0,212.81983333333332,11.5,1.0,9.0,2020.0,0.0,3.7991320873342467,216.61902982066758,9315.805875,-9099.186845179333
2020-09-30,152980.94541666665,52853.68541666667,45094.423749999994,19410.312916666666,33301.075000000004,2321.4491666666668,27.891666666666666,50.875,1.0416666666666667,0.0,12.154166666666667,237.91666666666666,3.3425,220.64073209041666,0.0,220.64075,11.5,2.0,9.0,2020.0,0.0,6.559854195244628,227.2005862856613,9178.856725,-8951.656138714337
2020-10-01,152147.08083333334,52062.18166666667,45272.97,18994.423749999998,33541.799999999996,2275.7075,28.354166666666668,52.166666666666664,0.0,0.0,10.525,235.41666666666666,2.9966666666666666,220.2475963641667,0.0,220.24758333333332,11.5,3.0,10.0,2020.0,0.0,6.026597222222224,226.27419358638892,9128.824849999999,-8902.55065641361
2020-10-02,149298.11666666667,49595.96791666667,45008.38958333334,18997.110416666666,33502.23583333333,2194.4116666666664,27.920833333333334,58.75,0.0,0.0,8.025,234.95833333333334,2.482083333333333,220.50223568875,0.0,220.50225,11.5,4.0,10.0,2020.0,0.0,0.017854881115683573,220.5200905698657,8957.887,-8737.366909430135
2020-10-03,153125.27375,51128.02,45949.019583333335,18584.260833333334,35232.39958333333,2231.5733333333333,27.316666666666666,55.875,0.0,0.0,8.4625,235.5,2.1966666666666668,220.04939589791664,0.0,220.04941666666664,11.5,5.0,10.0,2020.0,1.0,0.09800308641975308,220.1473989843364,9187.516425,-8967.369026015664
2020-10-04,148747.58041666666,49103.35041666666,44756.40083333334,18415.0225,34347.27125,2125.5375,26.425,52.083333333333336,0.0,0.0,8.5625,235.16666666666666,2.3275,224.14891071875,0.0,224.14891666666665,11.5,6.0,10.0,2020.0,1.0,0.4150085162322818,224.5639192349823,8924.854825,-8700.290905765018
2020-10-05,153105.80958333335,48828.245416666665,46266.85125,18635.195,37271.770416666666,2103.7483333333334,26.712500000000002,50.458333333333336,0.0,0.0,10.895833333333334,233.375,3.205833333333333,226.4263125916667,0.0,226.42629166666666,11.5,0.0,10.0,2020.0,0.0,5.455545839048926,231.8818584307156,9186.348575,-8954.466716569284
2020-10-06,153633.41583333333,48468.4275,46379.5975,18730.889166666668,37963.21375,2091.287083333333,26.712500000000002,52.458333333333336,0.0,0.0,10.570833333333333,232.33333333333334,2.752083333333333,224.45068358125002,0.0,224.45070833333332,11.5,1.0,10.0,2020.0,0.0,0.9439079789666209,225.39459156021664,9218.00495,-8992.610358439784
2020-10-07,156871.86208333334,49910.6775,47375.27708333333,18793.037083333333,38600.98458333333,2191.8879166666666,26.795833333333334,56.791666666666664,0.0,0.0,7.333333333333333,227.625,2.285416666666667,221.50839807666668,0.0,221.50845833333332,11.5,2.0,10.0,2020.0,0.0,0.3037870370370371,221.8121851137037,9412.311725,-9190.499539886296
2020-10-08,156320.27166666667,48818.78958333333,47845.71583333333,19102.892083333336,38304.652500000004,2248.221666666667,26.974999999999998,56.041666666666664,0.0,0.0,7.045833333333333,227.83333333333334,2.3070833333333334,221.2765241666667,0.0,221.27654166666665,11.5,3.0,10.0,2020.0,0.0,0.19074902834933707,221.467273195016,9379.216299999998,-9157.749026804982
2020-10-09,156657.72458333333,48547.082083333335,48151.46708333333,19521.204166666666,38121.865,2316.1070833333333,27.05,56.166666666666664,0.0,0.0,5.666666666666667,224.45833333333334,2.002083333333333,217.544084125,0.0,217.544125,11.5,4.0,10.0,2020.0,0.0,0.010312299954275255,217.55439642495426,9399.463474999999,-9181.909078575045
2020-10-10,153878.92541666667,48331.73458333333,47752.89166666666,19790.919583333332,35686.81791666667,2316.5625,27.333333333333332,54.583333333333336,7.875,0.0,6.933333333333334,219.08333333333334,2.5683333333333334,216.1945765,0.0,216.19458333333333,11.5,5.0,10.0,2020.0,1.0,0.5022298811156837,216.6968063811157,9232.735525,-9016.038718618884
2020-10-11,144772.58875,46958.97458333333,45244.27208333334,19402.46375,30934.708333333332,2232.172916666667,27.491666666666664,53.083333333333336,0.08333333333333333,0.0,7.266666666666667,219.66666666666666,2.46625,219.10797958333333,0.0,219.10808333333333,11.5,6.0,10.0,2020.0,1.0,0.7898976337448561,219.8978772170782,8686.355324999999,-8466.457447782921
2020-10-12,148505.57666666666,47817.660833333335,46260.72083333333,19892.982916666664,32245.880833333333,2288.3283333333334,27.28333333333333,59.583333333333336,0.041666666666666664,0.0,6.316666666666666,214.58333333333334,1.9433333333333334,216.1697673333333,0.0,216.16979166666667,11.5,0.0,10.0,2020.0,0.0,0.0,216.1697673333333,8910.3346,-8694.164832666667
2020-10-13,149941.47291666668,48622.956249999996,47817.6475,19952.161666666667,31182.946249999997,2365.7616666666668,27.429166666666664,62.208333333333336,8.916666666666666,0.0,8.0625,205.95833333333334,1.4337499999999999,206.01832183333332,0.0,206.01829166666667,11.5,1.0,10.0,2020.0,0.0,0.0,206.01832183333332,8996.488374999999,-8790.470053166666
2020-10-14,149273.84833333333,49135.17958333334,46869.6875,19999.642083333332,30935.841666666664,2333.4995833333332,27.6125,65.875,22.291666666666668,0.0,7.1000000000000005,183.41666666666666,2.0070833333333336,181.093335375,0.0,181.09329166666666,11.5,2.0,10.0,2020.0,0.0,6.995884773661929e-05,181.09340533384773,8956.4309,-8775.337494666152
2020-10-15,150288.21916666668,49102.99625,46154.16625,19958.667083333334,32749.685416666664,2322.7045833333336,27.325,55.583333333333336,4.083333333333333,0.0,7.870833333333334,209.625,2.4529166666666664,208.04733958333335,0.0,208.04729166666667,11.5,3.0,10.0,2020.0,0.0,0.027240226337448558,208.0745798096708,9017.29315,-8809.218570190329
2020-10-16,151280.54875,48013.21375,47069.18541666667,19362.340833333332,34474.364583333336,2361.443333333333,25.675,46.666666666666664,0.0,0.0,6.7875000000000005,212.54166666666666,2.2908333333333335,220.0007822916667,0.0,220.0007916666667,11.5,4.0,10.0,2020.0,0.0,0.0008522519433013209,220.00163454360998,9076.832925,-8856.83129045639
2020-10-17,150080.16625,46698.37083333333,47601.93166666667,19364.075416666667,34074.91458333333,2340.8754166666668,27.037499999999998,43.25,0.0,0.0,5.758333333333333,207.45833333333334,2.0691666666666664,213.34269874999998,0.0,213.34270833333335,11.5,5.0,10.0,2020.0,1.0,0.0035160036579789666,213.34621475365796,9004.809975,-8791.463760246343
2020-10-18,143301.69875,43879.69,45776.60166666666,19887.627916666668,31613.39625,2144.3841666666667,26.15416666666667,39.083333333333336,1.625,0.0,8.908333333333333,207.33333333333334,3.3049999999999997,221.16777358333334,0.0,221.16779166666666,11.5,6.0,10.0,2020.0,1.0,4.292680555555555,225.46045413888888,8598.101925,-8372.64147086111
2020-10-19,146988.7575,44560.424166666664,46818.151249999995,20256.31125,33253.6425,2100.2291666666665,25.333333333333332,36.041666666666664,7.375,0.0,9.091666666666667,206.83333333333334,3.254583333333333,221.07193629166667,0.0,221.071875,11.5,0.0,10.0,2020.0,0.0,2.423614769090078,223.49555106075675,8819.325449999998,-8595.829898939242
2020-10-20,146930.245,44062.611249999994,47413.724583333336,20310.038333333334,32911.212916666664,2232.6583333333333,24.945833333333336,35.916666666666664,0.0,0.0,8.879166666666666,211.16666666666666,2.0654166666666667,225.20982316666667,0.0,225.20979166666666,11.5,1.0,10.0,2020.0,0.0,0.20473325331504344,225.41455641998172,8815.814699999999,-8590.400143580018
2020-10-21,145387.60791666666,43411.57,47278.64958333334,20072.779166666667,32406.416666666668,2218.1929166666664,25.458333333333332,41.833333333333336,21.583333333333332,0.0,7.308333333333334,187.16666666666666,1.56375,190.54716491666667,0.0,190.54716666666664,11.5,2.0,10.0,2020.0,0.0,0.0012818358481938709,190.54844675251488,8723.256475,-8532.708028247485
2020-10-22,144690.82875000002,43107.659583333334,47311.427083333336,19254.426666666666,32928.31041666667,2089.0041666666666,26.270833333333332,42.125,35.666666666666664,0.0,6.504166666666666,169.29166666666666,2.2608333333333333,191.47172154166665,0.0,191.47175000000001,11.5,3.0,10.0,2020.0,0.0,0.0007145633287608508,191.4724361049954,8681.449725,-8489.977288895005
2020-10-23,142903.05,43052.910416666666,46923.77708333333,17674.017083333336,33521.78833333334,1730.5562499999999,25.391666666666666,43.833333333333336,7.416666666666667,0.0,7.3374999999999995,202.66666666666666,2.1758333333333333,216.57365458333334,0.0,216.57366666666667,11.5,4.0,10.0,2020.0,0.0,1.2345679012341667e-05,216.57366692901235,8574.182999999999,-8357.609333070986
2020-10-24,140569.585,41533.54583333333,46699.012500000004,17242.247083333332,33532.45166666667,1562.3270833333333,24.900000000000002,42.5,0.0,0.0,7.666666666666667,202.70833333333334,2.3679166666666664,222.71080416666666,0.0,222.71075,11.5,5.0,10.0,2020.0,1.0,0.061513317329675334,222.77231748399632,8434.175099999999,-8211.402782516003
2020-10-25,132052.365,38726.05625,43683.55708333333,16336.91375,31651.067916666667,1654.7704166666665,25.641666666666666,41.791666666666664,0.625,0.0,6.5874999999999995,199.54166666666666,1.9183333333333332,211.74609583333333,0.0,211.74608333333333,11.5,6.0,10.0,2020.0,1.0,8.847736625513679e-05,211.7461843106996,7923.1419,-7711.3957156893
2020-10-26,136458.29458333334,39668.86083333333,46041.826250000006,15593.03125,33398.68666666667,1755.8891666666666,25.150000000000002,41.75,20.083333333333332,0.0,7.208333333333333,182.0,2.4658333333333333,176.39481625,0.0,176.39487499999998,11.5,0.0,10.0,2020.0,0.0,0.024230166895290336,176.4190464168953,8187.497675,-8011.078628583105
2020-10-27,140829.55083333334,40340.85083333334,47245.04041666666,15242.435416666667,36089.27625,1911.9470833333332,23.15416666666667,34.666666666666664,0.0,0.0,11.020833333333334,198.41666666666666,2.5620833333333333,218.37720054166667,0.0,218.37720833333333,11.5,1.0,10.0,2020.0,0.0,0.007359453589391845,218.38455999525607,8449.77305,-8231.388490004743
2020-10-28,142035.76875000002,39991.05583333333,47574.4575,15571.475,36873.650416666664,2025.1308333333334,23.116666666666664,38.75,0.0,0.0,6.9750000000000005,196.5,1.5037500000000001,216.39288195833333,0.0,216.392875,11.5,2.0,10.0,2020.0,0.0,0.0,216.39288195833333,8522.146125,-8305.753243041667
2020-10-29,142365.52708333332,39734.89333333333,47855.10291666666,15976.327916666667,36723.806666666664,2075.3975,23.974999999999998,44.75,0.0,0.0,5.454166666666667,193.45833333333334,1.9904166666666665,212.08472458333333,0.0,212.08474999999999,11.5,3.0,10.0,2020.0,0.0,1.3888888888884848e-05,212.0847384722222,8541.931625,-8329.846886527777
2020-10-30,142984.49666666667,39704.519166666665,47590.50958333333,16108.993333333332,37502.497083333335,2077.9791666666665,22.391666666666666,46.375,0.0,0.0,8.950000000000001,191.83333333333334,3.15375,216.56067062499997,0.0,216.56070833333334,11.5,4.0,10.0,2020.0,0.0,0.6028392775491541,217.16350990254912,8579.0698,-8361.906290097451
2020-10-31,143407.3375,39513.67416666667,47369.81916666666,16686.14,37859.89916666666,1977.8054166666668,21.900000000000002,39.5,0.0,0.0,10.754166666666668,191.79166666666666,4.10625,219.40610516666666,0.0,219.406125,11.5,5.0,10.0,2020.0,1.0,9.260684327846365,228.66678949451304,8604.44025,-8375.773460505487
2020-11-01,137693.76541666666,37507.72,45763.13916666667,16681.497083333332,35856.99125,1884.41625,21.474999999999998,30.166666666666668,0.0,0.0,10.741666666666667,193.625,3.5529166666666665,221.23995291666665,0.0,221.23991666666666,11.5,6.0,11.0,2020.0,1.0,2.6137597736625513,223.85371269032922,8261.625924999998,-8037.772212309671
2020-11-02,143102.14333333334,38397.46375,47342.92333333333,17098.385,38285.42625,1977.945,21.925,29.125,0.0,0.0,10.045833333333333,190.95833333333334,3.0308333333333333,221.04012833333334,0.0,221.040125,11.5,0.0,11.0,2020.0,0.0,1.1925123456790123,222.23264067901235,8586.128599999998,-8363.895959320987
2020-11-03,144009.02583333335,38683.18708333333,47804.239583333336,16580.832083333335,38911.46166666666,2029.3054166666668,21.8875,32.0,0.0,0.0,7.254166666666666,189.16666666666666,2.305,216.15870225,0.0,216.15866666666668,11.5,1.0,11.0,2020.0,0.0,0.010090592135345222,216.16879284213533,8640.54155,-8424.372757157864
2020-11-04,143053.0275,38677.63166666667,47836.14124999999,15738.9075,38822.79666666667,1977.55,21.40833333333333,39.0,0.0,0.0,9.200000000000001,182.83333333333334,2.6704166666666667,211.3607345833333,0.0,211.36075000000002,11.5,2.0,11.0,2020.0,0.0,0.21483904892546865,211.57557363225882,8583.18165,-8371.60607636774
2020-11-05,140997.87208333335,38271.10083333334,47931.05416666667,14958.115416666667,37951.45958333334,1886.1408333333331,22.650000000000002,39.916666666666664,0.0,0.0,8.020833333333334,183.375,2.2066666666666666,212.67238104166665,0.0,212.672375,11.5,3.0,11.0,2020.0,0.0,0.003136259716506625,212.67551730138317,8459.872324999998,-8247.196807698616
2020-11-06,141894.86666666667,39224.94041666667,48130.8425,15297.70125,37396.38833333333,1844.9958333333334,21.962500000000002,41.416666666666664,0.0,0.0,8.616666666666667,181.95833333333334,2.1558333333333333,213.01300991666668,0.0,213.013,11.5,4.0,11.0,2020.0,0.0,2.926383173296667e-05,213.0130391804984,8513.692000000001,-8300.678960819501
2020-11-07,141176.54374999998,38998.82583333333,48058.31041666667,15382.02375,36915.635416666664,1821.75,21.391666666666666,42.541666666666664,0.0,0.0,10.291666666666666,180.5,2.177916666666667,215.72095749999997,0.0,215.721,11.5,5.0,11.0,2020.0,1.0,0.6280189186099685,216.34897641860996,8470.592625,-8254.24364858139
2020-11-08,135750.1325,38016.152916666666,47254.33583333334,14457.314583333333,34282.324583333335,1740.0024999999998,21.504166666666666,45.5,0.0,0.0,5.616666666666667,179.375,1.76875,213.1697665,0.0,213.16979166666667,11.5,6.0,11.0,2020.0,1.0,0.0021111682670324626,213.17187766826703,8145.007949999999,-7931.836072331734
2020-11-09,140229.65875,39149.47625,48246.4475,14838.315,36255.229583333334,1740.1899999999998,20.958333333333332,52.291666666666664,0.0,0.0,7.0625,177.16666666666666,2.1354166666666665,212.56247625,0.0,212.5625,11.5,0.0,11.0,2020.0,0.0,0.006212905807041608,212.56868915580705,8413.779525,-8201.210835844193
2020-11-10,140890.6625,39349.36666666667,48283.27958333333,14640.61125,36802.91125,1814.493333333333,21.116666666666667,57.333333333333336,5.208333333333333,0.0,6.033333333333334,171.875,1.5808333333333333,208.21169529166664,0.0,208.21166666666667,11.5,1.0,11.0,2020.0,0.0,0.0,208.21169529166664,8453.43975,-8245.228054708334
2020-11-11,140718.32541666666,39371.78208333333,47769.24208333334,14854.268750000001,36920.988333333335,1802.045,20.633333333333333,62.208333333333336,0.4583333333333333,0.0,7.729166666666667,170.0,2.0975,200.8231472916667,0.0,200.823125,11.5,2.0,11.0,2020.0,0.0,1.960448102423333e-05,200.82316689614768,8443.099525,-8242.276358103853
2020-11-12,141080.22458333333,39847.224583333336,48007.85833333334,14715.386666666665,36728.71666666667,1781.0404166666667,20.975,57.875,9.541666666666666,0.0,5.925,165.91666666666666,1.9625000000000001,199.10521500000002,0.0,199.10520833333337,11.5,3.0,11.0,2020.0,0.0,0.0,199.10521500000002,8464.813475,-8265.70826
2020-11-13,138182.68,39178.37666666667,47365.27541666667,15126.625833333334,34738.21041666667,1774.1895833333335,21.05,53.041666666666664,0.0,0.0,5.091666666666667,168.125,1.7595833333333333,204.65243075,0.0,204.652375,11.5,4.0,11.0,2020.0,0.0,0.0,204.65243075,8290.960799999999,-8086.30836925
2020-11-14,124501.8075,34962.38125,42473.215833333335,14772.235833333332,30564.957916666666,1729.0133333333333,20.458333333333332,54.5,29.041666666666668,0.0,6.104166666666667,165.75,1.7279166666666665,204.43876220833332,0.0,204.43870833333335,11.5,5.0,11.0,2020.0,1.0,0.004756744398719688,204.44351895273203,7470.10845,-7265.664931047268
2020-11-15,116052.68916666666,30062.875833333335,40536.97375,14193.007083333332,29631.17958333333,1628.6508333333334,21.162499999999998,61.041666666666664,36.583333333333336,0.17500000000000002,14.179166666666667,145.79166666666666,3.970833333333333,171.26859512500002,0.0,171.26854166666666,11.5,6.0,11.0,2020.0,1.0,6.017663008687699,177.2862581336877,6963.161349999999,-6785.875091866313
2020-11-16,118637.19916666667,30273.149166666666,41024.6925,14492.127083333333,31167.617083333334,1679.6129166666667,19.508333333333333,79.16666666666667,32.333333333333336,0.3416666666666666,9.674999999999999,146.58333333333334,2.455416666666667,91.07895445833333,0.0,91.07895833333333,11.5,0.0,11.0,2020.0,0.0,0.023420438957475972,91.10237489729082,7118.23195,-7027.129575102709
2020-11-17,127796.52208333333,34468.683333333334,44789.75291666667,14584.485,32315.117499999997,1638.4808333333333,18.704166666666666,73.5,8.041666666666666,0.0,8.316666666666666,158.41666666666666,3.02,175.18295491666666,0.0,175.18291666666667,11.5,1.0,11.0,2020.0,0.0,0.1293565957933242,175.31231151246,7667.791324999999,-7492.47901348754
2020-11-18,132308.17708333334,35740.19708333333,46595.85,14845.729583333334,33442.1625,1684.23625,17.854166666666668,67.95833333333333,2.5416666666666665,0.0,7.0375000000000005,161.95833333333334,2.39875,209.71908491666667,0.0,209.7190416666667,11.5,2.0,11.0,2020.0,0.0,0.00029726794695929585,209.71938218461364,7938.490624999999,-7728.771242815386
2020-11-19,134348.49,35819.75916666666,47446.465416666666,15009.353333333333,34338.03875,1734.8745833333332,17.245833333333334,63.208333333333336,23.25,0.0,6.733333333333333,146.25,2.795,204.87201579166666,0.0,204.87199999999999,11.5,3.0,11.0,2020.0,0.0,0.03809590763603109,204.9101116993027,8060.9094,-7855.999288300697
2020-11-20,135802.64208333334,36247.79666666667,47483.26583333333,14839.08875,35438.902083333334,1793.59,16.525000000000002,57.625,0.0,0.0,11.241666666666667,164.83333333333334,4.12625,214.91354091666668,0.0,214.91354166666667,11.5,4.0,11.0,2020.0,0.0,5.220607338820302,220.13414825548696,8148.158525,-7928.024376744513
2020-11-21,135175.18291666667,35994.512083333335,47370.29583333334,14463.880833333335,35573.36166666667,1773.1329166666667,16.370833333333334,52.5,0.0,0.0,14.141666666666666,163.95833333333334,4.3,219.03318662499998,0.0,219.03320833333336,11.5,5.0,11.0,2020.0,1.0,18.32752743484225,237.36071405984225,8110.510975,-7873.150260940158
2020-11-22,131376.42250000002,35243.697916666664,46720.167083333334,13768.712083333334,33961.08083333333,1682.76375,15.804166666666667,52.958333333333336,22.083333333333332,0.0,9.929166666666667,161.54166666666666,2.813333333333333,214.03383804166666,0.0,214.03383333333332,11.5,6.0,11.0,2020.0,1.0,0.60484459304984,214.6386826347165,7882.58535,-7667.946667365283
2020-11-23,135784.96958333332,36199.5575,48320.33541666667,13802.720000000001,35738.441666666666,1723.915,15.862499999999999,57.833333333333336,3.0,0.0,5.8125,158.625,1.6458333333333333,206.58725295833332,0.0,206.58720833333334,11.5,0.0,11.0,2020.0,0.0,0.0,206.58725295833332,8147.098174999999,-7940.510922041666
2020-11-24,137803.81083333332,37143.909999999996,48923.489166666666,14161.242083333333,35780.54041666666,1794.6304166666666,16.154166666666665,62.166666666666664,66.29166666666667,0.0,7.2,142.08333333333334,1.885,170.64028416666665,0.0,170.64020833333333,11.5,1.0,11.0,2020.0,0.0,0.0028021262002743377,170.64308629286694,8268.22865,-8097.585563707133
2020-11-25,136097.65458333332,37405.10041666667,48889.065,14133.7125,33882.96625,1786.8083333333334,17.041666666666668,63.625,90.45833333333333,0.0,8.983333333333333,115.125,2.5383333333333336,108.94518304166667,0.0,108.94520833333333,11.5,2.0,11.0,2020.0,0.0,0.6602746342021032,109.60545767586876,8165.859275,-8056.253817324131
2020-11-26,131459.70333333334,36627.79,48786.513750000006,14059.984583333333,30215.515833333335,1769.9033333333334,17.291666666666668,68.54166666666667,36.125,0.02916666666666667,7.675,135.375,3.41625,177.97158141666668,0.0,177.97158333333334,11.5,3.0,11.0,2020.0,0.0,0.6527457133058985,178.62432712997258,7887.5822,-7708.957872870026
2020-11-27,132353.60125,37538.745833333334,47548.77916666667,14124.128750000002,31382.94083333333,1759.0070833333332,17.329166666666666,66.70833333333333,0.0,0.0,12.158333333333333,157.04166666666666,3.8358333333333334,209.68380795833332,0.0,209.68383333333335,11.5,4.0,11.0,2020.0,0.0,2.232190272062186,211.91599823039553,7941.216075,-7729.300076769604
2020-11-28,133392.06125,37555.57791666667,47649.315833333334,14224.862083333333,32198.399166666666,1763.9070833333333,16.470833333333335,63.125,0.0,0.0,11.429166666666667,157.91666666666666,3.5179166666666664,211.75201416666667,0.0,211.75204166666666,11.5,5.0,11.0,2020.0,1.0,1.8012585733882027,213.55327274005484,8003.5236749999995,-7789.970402259944
2020-11-29,132021.67541666667,36561.697916666664,48130.90541666667,13978.301249999999,31634.7375,1716.0337499999998,15.579166666666666,63.666666666666664,1.7083333333333333,0.0,8.666666666666666,158.91666666666666,2.4187499999999997,209.7445790416667,0.0,209.74454166666666,11.5,6.0,11.0,2020.0,1.0,0.0,209.7445790416667,7921.300525,-7711.555945958334
2020-11-30,136890.55541666667,37530.23166666667,49777.888750000006,14258.689166666665,33616.76333333333,1706.9829166666666,16.2375,64.83333333333333,1.8333333333333333,0.0,7.508333333333333,153.29166666666666,2.4045833333333335,205.40515704166668,0.0,205.40516666666667,11.5,0.0,11.0,2020.0,0.0,0.0014219250114311745,205.4065789666781,8213.433325,-8008.026746033321
2020-12-01,138476.97916666666,38161.690833333334,50066.81458333333,14251.076666666668,34261.34416666667,1736.0533333333333,16.595833333333335,69.25,0.0,0.0,7.670833333333333,152.20833333333334,2.53625,202.472552125,0.0,202.472625,11.5,1.0,12.0,2020.0,0.0,0.0009091220850480044,202.47346124708505,8308.61875,-8106.145288752915
2020-12-02,140409.0925,39522.419583333336,49972.88791666667,14332.577083333332,34831.737499999996,1749.4729166666666,17.6875,66.45833333333333,0.0,0.0,10.141666666666667,152.83333333333334,3.4008333333333334,206.79683133333333,0.0,206.796875,11.5,2.0,12.0,2020.0,0.0,0.9866618655692733,207.78349319890262,8424.54555,-8216.762056801097
2020-12-03,140021.87625,39680.19291666667,50038.69541666666,14858.648333333333,33681.364166666666,1762.9750000000001,18.537499999999998,64.41666666666667,0.0,0.0,6.2625,150.79166666666666,1.4133333333333333,201.844786375,0.0,201.84479166666665,11.5,3.0,12.0,2020.0,0.0,0.0,201.844786375,8401.312575,-8199.467788625
2020-12-04,140707.63583333333,40088.82208333333,50127.095,14887.735,33809.55541666666,1794.4291666666668,18.670833333333334,64.20833333333333,0.4166666666666667,0.0,7.529166666666666,149.25,2.0437499999999997,197.46048304166666,0.0,197.46045833333332,11.5,4.0,12.0,2020.0,0.0,0.002630829903978046,197.46311387157064,8442.45815,-8244.99503612843
2020-12-05,140007.71875,40019.5,50134.57874999999,14242.636250000001,33856.401666666665,1754.6000000000001,18.95,67.625,0.0,0.0,10.179166666666667,147.41666666666666,2.0654166666666667,199.06987508333336,0.0,199.06983333333332,11.5,5.0,12.0,2020.0,1.0,0.0052881229995427464,199.07516320633286,8400.463125,-8201.387961793667
2020-12-06,134936.77166666667,38477.097083333334,48592.456666666665,13817.235833333332,32350.48,1699.5029166666666,18.983333333333334,71.41666666666667,7.791666666666667,0.0,6.854166666666667,147.625,2.51125,195.85517891666666,0.0,195.85508333333334,11.5,6.0,12.0,2020.0,1.0,0.013889346136259707,195.86906826280293,8096.206299999999,-7900.337231737197
2020-12-07,139832.12166666667,39945.25,50053.4175,14232.634166666665,33823.42375,1777.3958333333333,18.408333333333335,74.5,0.0,0.0,9.420833333333333,146.54166666666666,2.9729166666666664,198.12690854166667,0.0,198.12695833333336,11.5,0.0,12.0,2020.0,0.0,0.5821614654778234,198.7090700071445,8389.9273,-8191.2182299928545
2020-12-08,140176.5875,39870.864583333336,50377.355416666665,14316.65875,33867.4625,1744.2479166666665,18.26666666666667,73.20833333333333,0.0,0.0,6.7875000000000005,146.16666666666666,1.5191666666666668,195.88385260416666,0.0,195.88383333333334,11.5,1.0,12.0,2020.0,0.0,0.0,195.88385260416666,8410.59525,-8214.711397395833
2020-12-09,141197.98958333334,39867.85166666667,51021.60208333333,14352.272916666667,34163.99958333333,1792.2641666666666,19.458333333333332,67.54166666666667,0.4583333333333333,0.0,5.675,145.125,2.375,194.52055552083334,0.0,194.52058333333332,11.5,2.0,12.0,2020.0,0.0,0.0023020118884316252,194.52285753272176,8471.879374999999,-8277.356517467279
2020-12-10,142062.67708333334,39742.777083333334,51494.02541666667,14435.1325,34605.597916666666,1785.1445833333335,18.683333333333334,68.45833333333333,3.125,0.0,7.733333333333333,141.79166666666666,2.1529166666666666,188.98806825,0.0,188.98799999999997,11.5,3.0,12.0,2020.0,0.0,1.5432098765431797e-06,188.9880697932099,8523.760625,-8334.77255520679
2020-12-11,139348.21208333332,39402.377499999995,48288.255416666674,14516.771666666667,35349.06041666667,1791.7462500000001,18.900000000000002,70.16666666666667,23.791666666666668,0.008333333333333333,6.7749999999999995,110.45833333333333,2.5845833333333332,170.84184484583332,0.0,170.8418333333333,11.5,4.0,12.0,2020.0,0.0,0.7256815843621403,171.56752643019547,8360.892725,-8189.325198569804
2020-12-12,135890.00958333333,37404.971249999995,46569.920000000006,14545.142083333332,35611.03625,1758.9404166666666,17.9375,82.29166666666667,19.375,0.0375,6.266666666666667,122.33333333333333,2.9791666666666665,138.78582486666667,0.0,138.785875,11.5,5.0,12.0,2020.0,1.0,0.44309333561957026,139.22891820228622,8153.400575,-8014.171656797714
2020-12-13,132932.14125000002,37447.128333333334,45441.364166666666,14145.7575,34181.276666666665,1716.6166666666668,15.079166666666666,67.83333333333333,0.0,0.0,11.0,150.04166666666666,3.8383333333333334,207.02943726249998,0.0,207.02945833333334,11.5,6.0,12.0,2020.0,1.0,4.46026223136717,211.48969949386716,7975.928475,-7764.4387755061325
2020-12-14,137858.51375,38839.265,46441.35916666667,14781.2325,36089.81916666667,1706.8354166666668,12.654166666666667,70.375,0.0,0.0,9.691666666666666,152.91666666666666,2.9945833333333334,213.01363195833335,0.0,213.0137083333333,11.5,0.0,12.0,2020.0,0.0,0.03777617741197985,213.0514081357453,8271.510825,-8058.459416864254
2020-12-15,141335.05875,39900.097083333334,47451.00208333333,14998.274166666668,37199.050833333335,1786.6345833333335,11.3125,71.66666666666667,0.20833333333333334,0.0,8.700000000000001,150.29166666666666,3.0691666666666664,213.67528137500003,0.0,213.67520833333333,11.5,1.0,12.0,2020.0,0.0,0.1166027663465934,213.7918841413466,8480.103525,-8266.311640858652
2020-12-16,142956.83041666666,40373.76458333333,47572.13791666667,15104.933333333334,38120.44041666667,1785.5533333333333,11.491666666666667,70.125,0.375,0.0,10.516666666666667,149.33333333333334,4.093333333333333,213.80044416666667,0.0,213.80045833333335,11.5,2.0,12.0,2020.0,0.0,4.381088934613626,218.18153310128028,8577.409825,-8359.22829189872
2020-12-17,144335.05458333335,41342.620833333334,48567.07666666667,15539.84375,37092.10041666667,1793.412916666667,10.216666666666667,64.875,0.0,0.0,13.945833333333333,153.20833333333334,4.1975,217.4879046041667,0.0,217.48795833333335,11.5,3.0,12.0,2020.0,0.0,4.767166323731138,222.2550709278978,8660.103275,-8437.848204072101
2020-12-18,146803.03375,42387.05125,49228.72541666666,15400.973333333333,38019.70583333333,1766.57875,11.070833333333333,57.708333333333336,0.0,0.0,14.008333333333333,151.875,4.41125,214.8289946125,0.0,214.82899999999998,11.5,4.0,12.0,2020.0,0.0,12.667379458161866,227.49637407066186,8808.182025,-8580.685650929337
2020-12-19,145684.55625,42754.21708333333,48945.57166666666,14893.235,37357.98291666667,1733.55,12.229166666666666,59.166666666666664,0.0,0.0,13.083333333333334,151.20833333333334,4.135833333333333,213.42922393333333,0.0,213.42920833333335,11.5,5.0,12.0,2020.0,1.0,7.9163135573845445,221.34553749071787,8741.073375,-8519.727837509281
2020-12-20,140984.37666666668,41840.370833333334,47841.49916666667,14522.185833333331,35081.431666666664,1698.88875,13.470833333333333,60.75,72.58333333333333,0.0,12.433333333333332,141.0,3.7445833333333334,205.24958782500002,0.0,205.249625,11.5,6.0,12.0,2020.0,1.0,2.7895685871056237,208.03915641210563,8459.0626,-8251.023443587894
2020-12-21,145889.14791666667,43045.42208333333,49275.70416666666,14936.569583333332,36901.753749999996,1729.6987500000002,13.2125,69.91666666666667,82.25,0.0,9.029166666666667,118.125,3.19875,168.505795275,0.0,168.50579166666668,11.5,0.0,12.0,2020.0,0.0,0.4729469593049839,168.97874223430497,8753.348875,-8584.370132765695
2020-12-22,148641.97458333333,43502.455416666664,50309.65708333333,15105.633333333333,37851.06208333333,1873.165,14.091666666666667,71.20833333333333,41.625,0.0,6.883333333333333,144.875,2.4091666666666667,200.92431545,0.0,200.92425,11.5,1.0,12.0,2020.0,0.0,0.0,200.92431545,8918.518474999999,-8717.594159549999
2020-12-23,149971.69166666668,43784.16458333333,50353.59083333333,15246.727916666665,38681.32833333333,1905.8783333333333,13.966666666666667,71.75,0.16666666666666666,0.0,6.370833333333334,149.41666666666666,2.5904166666666666,206.76768910416664,0.0,206.76774999999998,11.5,2.0,12.0,2020.0,0.0,8.287608596249997e-05,206.76777198025263,8998.3015,-8791.533728019747
2020-12-24,150908.06083333332,43845.979166666664,50543.15875,15558.157916666665,39086.504583333335,1874.2616666666665,13.808333333333332,66.5,0.0,0.0,8.5875,149.79166666666666,2.7899999999999996,208.9011130416667,0.0,208.901125,11.5,3.0,12.0,2020.0,0.0,0.03391089391860998,208.9350239355853,9054.48365,-8845.548626064414
2020-12-25,150606.83625,43932.08958333333,50766.06791666666,15473.559583333334,38596.152083333334,1838.9662500000002,13.354166666666666,65.33333333333333,0.08333333333333333,0.0,9.295833333333333,151.16666666666666,3.215,210.4077879291667,0.0,210.40775,11.5,4.0,12.0,2020.0,0.0,0.6098255601280295,211.0176134892947,9036.410174999999,-8825.392561510705
2020-12-26,150663.80458333335,43421.128333333334,51253.495416666665,15317.268750000001,38835.792916666665,1836.1170833333333,12.7875,70.875,47.333333333333336,0.0,9.666666666666666,147.875,2.828333333333333,210.14666835,0.0,210.146625,11.5,5.0,12.0,2020.0,1.0,0.14438483081847278,210.29105318081847,9039.828275,-8829.537221819182
2020-12-27,145169.83458333332,41225.36708333333,50324.71958333333,14808.494166666665,37024.918333333335,1786.3374999999999,14.929166666666667,64.33333333333333,37.541666666666664,0.008333333333333333,10.012500000000001,147.95833333333334,3.325416666666667,205.26695047916667,0.0,205.26695833333335,11.5,6.0,12.0,2020.0,1.0,0.9442336534064929,206.21118413257318,8710.190075,-8503.978890867425
2020-12-28,149381.83833333335,42534.85166666666,50529.432916666665,15422.385,39054.964583333334,1840.20375,12.020833333333334,52.708333333333336,3.75,0.0,10.716666666666667,154.20833333333334,3.361666666666667,217.23486719166667,0.0,217.23495833333334,11.5,0.0,12.0,2020.0,0.0,0.7788613397347968,218.01372853140148,8962.9103,-8744.896571468598
2020-12-29,152512.10958333334,43781.59291666667,51628.6675,15716.621666666666,39554.817083333335,1830.4099999999999,10.308333333333334,66.83333333333333,1.875,0.0,11.270833333333334,153.95833333333334,3.9170833333333337,215.88822004166664,0.0,215.88825,11.5,1.0,12.0,2020.0,0.0,5.873766975308641,221.76198701697533,9150.726574999999,-8928.964587983024
2020-12-30,152024.98416666666,43758.276249999995,50528.40458333333,15866.053333333335,40044.68916666667,1827.5616666666667,9.733333333333333,76.41666666666667,3.625,0.0,10.258333333333333,154.0,3.2741666666666664,214.23249094999997,0.0,214.2325,11.5,2.0,12.0,2020.0,0.0,0.1829765660722451,214.41546751607225,9121.49905,-8907.083582483929
2020-12-31,150712.63041666665,43222.629583333335,50633.375,16116.331666666667,38884.28666666667,1856.0070833333332,9.766666666666667,79.29166666666667,48.625,0.0,9.104166666666666,148.54166666666666,2.72875,201.45355821249998,0.0,201.45354166666667,11.5,3.0,12.0,2020.0,0.0,0.08842175354366712,201.54197996604367,9042.757824999999,-8841.215845033956
2021-01-01,148172.7616666667,43645.825833333336,49594.19,15318.02625,37848.16125,1766.5583333333334,10.504166666666666,74.625,19.625,0.0,5.658333333333334,143.08333333333334,1.5941666666666665,201.53088372375,0.0,201.53083333333333,11.5,4.0,1.0,2021.0,0.0,0.0,201.53088372375,8890.3657,-8688.83481627625
2021-01-02,145953.39375000002,42046.03291666667,50054.519166666665,14795.05625,37266.64833333334,1791.1379166666666,13.708333333333334,72.375,48.583333333333336,0.1875,9.633333333333333,103.70833333333333,3.546666666666667,105.53986955541666,0.0,105.53991666666667,11.5,5.0,1.0,2021.0,1.0,1.59289146090535,107.13276101632202,8757.203625,-8650.070863983678
2021-01-03,140849.03416666665,38548.17125,49228.99791666667,14790.319583333332,36538.534583333334,1743.0091666666667,16.037499999999998,83.08333333333333,32.125,0.33749999999999997,15.145833333333334,122.08333333333333,4.187916666666666,141.48432120541668,0.0,141.484375,11.5,6.0,1.0,2021.0,1.0,11.917283950617284,153.40160515603395,8450.94205,-8297.540444843966
2021-01-04,143918.39583333334,38531.865,49978.2175,15145.348333333333,38450.08666666666,1812.8766666666668,16.679166666666667,88.08333333333333,69.875,0.2333333333333333,9.9125,100.375,3.3937500000000003,139.64853359208334,0.0,139.64854166666666,11.5,0.0,1.0,2021.0,0.0,2.811031835848194,142.45956542793152,8635.10375,-8492.644184572067
2021-01-05,143363.12958333333,37342.40125,49408.78166666667,15495.455833333333,39304.261666666665,1812.2304166666665,17.525000000000002,83.70833333333333,67.125,0.11666666666666668,10.733333333333334,89.875,2.9600000000000004,119.29446011791667,0.0,119.29445833333334,11.5,1.0,1.0,2021.0,0.0,0.7694083790580705,120.06386849697475,8601.787774999999,-8481.723906503024
2021-01-06,144136.37333333332,37705.29625,49934.98583333333,15842.89875,38846.56875,1806.6225000000002,17.529166666666665,86.16666666666667,37.5,0.1125,8.008333333333333,102.91666666666667,1.5941666666666665,143.2588165025,0.0,143.25883333333334,11.5,2.0,1.0,2021.0,0.0,0.0,143.2588165025,8648.1824,-8504.923583497499
2021-01-07,143701.09625,39232.409999999996,50238.23375000001,15973.656666666668,36393.16625,1863.6308333333334,14.958333333333334,85.29166666666667,35.541666666666664,0.0,9.104166666666666,125.375,2.4608333333333334,146.98540172833333,0.0,146.98533333333333,11.5,3.0,1.0,2021.0,0.0,0.0032459419295839003,146.9886476702629,8622.065775,-8475.077127329736
2021-01-08,143822.8375,39934.0925,49627.50083333333,15497.44,36939.059166666666,1824.7454166666666,13.4375,85.16666666666667,37.333333333333336,0.0,6.325,118.04166666666667,1.675,149.5811583875,0.0,149.58108333333334,11.5,4.0,1.0,2021.0,0.0,0.0,149.5811583875,8629.37025,-8479.7890916125
2021-01-09,140950.14833333335,39338.54875,48792.57041666666,14616.987500000001,36380.92916666667,1821.1141666666665,14.966666666666667,80.79166666666667,31.958333333333332,0.0,12.125,128.5,3.029583333333333,173.76034367916668,0.0,173.76037499999998,11.5,5.0,1.0,2021.0,1.0,0.19810448102423417,173.9584481601909,8457.008899999999,-8283.050451839808
2021-01-10,138965.435,38452.995833333334,48506.07083333333,14882.547916666668,35321.61833333333,1802.2016666666668,12.320833333333333,73.95833333333333,11.5,0.0,14.0,159.83333333333334,3.7575000000000003,222.82900282749998,0.0,222.82895833333336,11.5,6.0,1.0,2021.0,1.0,1.5178676268861455,224.34687045438613,8337.926099999999,-8113.579229545613
2021-01-11,146751.16791666666,40736.06291666667,50110.00416666667,16025.285833333333,38042.02958333333,1837.7841666666666,11.6,79.66666666666667,1.1666666666666667,0.0,14.112499999999999,161.45833333333334,3.973333333333333,220.31644490958334,0.0,220.31645833333334,11.5,0.0,1.0,2021.0,0.0,4.729178097850938,225.04562300743427,8805.070075,-8580.024451992565
2021-01-12,147603.27416666667,41240.63375,50288.46375,16037.379583333333,38161.597499999996,1875.1970833333335,11.433333333333332,77.45833333333333,0.0,0.0,11.3125,162.125,3.9375,219.44548083333333,0.0,219.44545833333333,11.5,1.0,1.0,2021.0,0.0,5.335692386831276,224.78117322016462,8856.19645,-8631.415276779835
2021-01-13,148085.56458333333,42026.78041666667,50544.09333333333,16077.375416666668,37553.49291666666,1883.8245833333333,10.9625,76.75,0.041666666666666664,0.0,10.658333333333333,165.375,2.805,221.22832188499999,0.0,221.22829166666668,11.5,2.0,1.0,2021.0,0.0,0.3334549611339736,221.56177684613397,8885.133875,-8663.572098153865
2021-01-14,142915.80375,42141.042916666665,47796.7075,15988.809166666666,35187.15916666667,1802.0858333333333,11.354166666666666,78.625,36.916666666666664,0.0,6.6875,157.83333333333334,1.13125,209.35410023333336,0.0,209.35412499999998,11.5,3.0,1.0,2021.0,0.0,0.0,209.35410023333336,8574.948225,-8365.594124766665
2021-01-15,142995.02166666667,42338.76291666667,48479.957916666666,15631.954583333332,34738.869166666664,1805.4795833333335,12.291666666666666,82.375,35.416666666666664,0.0,4.933333333333334,157.91666666666666,1.6916666666666667,218.91982452291666,0.0,218.91979166666667,11.5,4.0,1.0,2021.0,0.0,0.0,218.91982452291666,8579.701299999999,-8360.781475477082
2021-01-16,147041.91958333334,42259.51583333333,50432.58666666667,15901.015416666667,36602.67375,1846.1266666666668,10.333333333333334,86.125,26.291666666666668,0.0,7.75,150.66666666666666,2.549166666666667,190.33126013749998,0.0,190.33129166666666,11.5,5.0,1.0,2021.0,1.0,0.010083904892546852,190.34134404239254,8822.515174999999,-8632.173830957607
2021-01-17,145420.66125,41222.97708333333,50537.67249999999,15379.990416666667,36481.464166666665,1798.555,11.470833333333333,83.20833333333333,42.583333333333336,0.0,11.404166666666667,146.79166666666666,3.2262500000000003,194.44338570583332,0.0,194.44341666666665,11.5,6.0,1.0,2021.0,1.0,0.41523696844993147,194.85862267428328,8725.239674999999,-8530.381052325716
2021-01-18,150601.07583333334,41837.23583333333,51727.112499999996,16268.687083333332,38956.113333333335,1811.9295833333333,13.408333333333333,86.20833333333333,50.916666666666664,0.125,10.450000000000001,93.41666666666667,2.775,127.66605359333334,0.0,127.66608333333333,11.5,0.0,1.0,2021.0,0.0,0.3160852766346593,127.98213886996798,9036.06455,-8908.082411130032
2021-01-19,153852.18625,42963.48166666667,52560.19583333333,16345.137916666667,40128.20208333333,1855.1674999999998,14.6625,85.04166666666667,3.2916666666666665,0.0,9.9625,162.29166666666666,3.39125,215.27729613625002,0.0,215.277375,11.5,1.0,1.0,2021.0,0.0,0.3342241655235482,215.61152030177357,9231.131175,-9015.519654698226
2021-01-20,156205.5725,43661.1575,52635.01125,16451.999166666665,41607.558333333334,1849.8445833333333,14.258333333333333,83.41666666666667,0.041666666666666664,0.0,14.9375,169.29166666666666,4.275833333333334,230.03135375,0.0,230.031375,11.5,2.0,1.0,2021.0,0.0,6.099434956561502,236.1307887065615,9372.33435,-9136.203561293438
2021-01-21,156577.40708333332,43344.10166666666,52582.776666666665,16228.732083333334,42654.981250000004,1766.8162499999999,13.674999999999999,75.66666666666667,0.0,0.0,14.383333333333333,174.04166666666666,3.8245833333333334,236.86509124583333,0.0,236.865125,11.5,3.0,1.0,2021.0,0.0,14.58537088477366,251.450462130607,9394.644425,-9143.193962869393
2021-01-22,158766.78833333333,43870.330416666664,52969.71625,16487.909583333334,43560.88333333333,1877.95125,13.4125,75.91666666666667,1.125,0.0,9.741666666666667,171.04166666666666,2.8320833333333333,230.71905951666668,0.0,230.71908333333332,11.5,4.0,1.0,2021.0,0.0,0.11296684956561497,230.8320263662323,9526.0073,-9295.175273633768
2021-01-23,158155.26249999998,43480.39791666667,52815.81958333333,16114.53875,43873.854166666664,1870.6533333333334,14.25,76.70833333333333,4.833333333333333,0.0,13.1,167.70833333333334,3.6950000000000003,220.9545612025,0.0,220.954625,11.5,5.0,1.0,2021.0,1.0,5.5665989368998625,226.52116013939985,9489.31575,-9262.7945898606
2021-01-24,153257.25541666665,42437.32,51630.6475,15801.705,41569.815,1817.7675,13.141666666666666,78.66666666666667,6.75,0.0,9.8375,168.79166666666666,3.0775,214.31802229166667,0.0,214.31808333333333,11.5,6.0,1.0,2021.0,1.0,0.018681584362139896,214.3367038760288,9195.435325,-8981.09862112397
2021-01-25,155741.6625,43459.90083333333,52132.81666666667,16082.654583333335,42209.6325,1856.6583333333335,11.520833333333334,79.16666666666667,0.8333333333333334,0.0,8.262500000000001,176.45833333333334,2.419166666666667,216.56093499583335,0.0,216.561,11.5,0.0,1.0,2021.0,0.0,0.002941929583904879,216.56387692541725,9344.49975,-9127.935873074583
2021-01-26,149814.82916666666,41733.5075,49422.769166666665,15847.565833333334,41027.70541666667,1783.28125,11.762500000000001,76.625,0.0,0.0,9.5625,178.08333333333334,2.7075,232.8911804375,0.0,232.89116666666666,11.5,1.0,1.0,2021.0,0.0,0.00017644032921810418,232.89135687782922,8988.88975,-8755.99839312217
2021-01-27,155188.33166666667,43360.01416666667,50852.68958333333,16348.160833333333,42786.34458333333,1841.1233333333332,11.695833333333333,73.41666666666667,0.0,0.0,10.529166666666667,181.70833333333334,2.75,236.62750041666666,0.0,236.62745833333335,11.5,2.0,1.0,2021.0,0.0,0.02921913580246913,236.65671955246913,9311.2999,-9074.64318044753
2021-01-28,158198.57666666666,44565.32125,52139.74291666667,16180.289583333333,43433.36583333334,1879.8570833333333,10.85,75.25,0.0,0.0,8.616666666666667,182.45833333333334,2.3604166666666666,235.736599875,0.0,235.73666666666668,11.5,3.0,1.0,2021.0,0.0,0.0021779263831732914,235.73877780138318,9491.9146,-9256.175822198617
2021-01-29,158754.625,44884.50875,51733.6575,16307.154583333335,43951.75,1877.555833333333,11.745833333333332,72.08333333333333,0.0,0.0,10.816666666666668,183.58333333333334,3.54875,237.28954620833335,0.0,237.2895,11.5,4.0,1.0,2021.0,0.0,1.3441726680384092,238.63371887637174,9525.2775,-9286.643781123628
2021-01-30,159501.25541666665,44817.34333333333,52084.473333333335,16279.675833333333,44489.767499999994,1829.9945833333334,12.0375,67.16666666666667,6.208333333333333,0.0,12.045833333333334,186.91666666666666,3.395,239.3960016791667,0.0,239.396,11.5,5.0,1.0,2021.0,1.0,4.148665637860083,243.54466731702675,9570.075325,-9326.530657682973
2021-01-31,155323.41208333333,43448.059166666666,50988.12125,16107.277916666666,42999.879166666666,1780.0741666666665,12.512500000000001,65.625,0.0,0.0,7.579166666666667,187.54166666666666,2.0091666666666668,233.19091500000002,0.0,233.19083333333333,11.5,6.0,1.0,2021.0,1.0,0.0,233.19091500000002,9319.404724999999,-9086.21381
2021-02-01,157921.28666666665,44101.20416666666,52015.29083333333,16273.21625,43702.88333333333,1828.6920833333334,14.370833333333332,71.58333333333333,0.25,0.0,7.429166666666667,184.66666666666666,2.2675,229.44917926666665,0.0,229.44916666666666,11.5,0.0,2.0,2021.0,0.0,0.0008477937814357541,229.4500270604481,9475.277199999999,-9245.827172939551
2021-02-02,158734.2825,44218.07541666667,52653.894583333335,16424.92541666667,43556.152916666666,1881.23375,15.120833333333332,72.375,0.041666666666666664,0.0,6.458333333333333,187.20833333333334,2.1062499999999997,227.47308350416665,0.0,227.47312499999998,11.5,1.0,2.0,2021.0,0.0,0.026016975308641974,227.4991004794753,9524.05695,-9296.557849520525
2021-02-03,158908.28083333335,43841.09666666667,52893.989166666666,16392.785416666666,43922.081249999996,1858.3295833333332,17.195833333333333,72.29166666666667,7.291666666666667,0.004166666666666667,12.354166666666666,178.29166666666666,2.5120833333333334,224.83445859583333,0.0,224.83445833333334,11.5,2.0,2.0,2021.0,0.0,0.05752154778235024,224.89198014361568,9534.49685,-9309.604869856385
2021-02-04,156049.88375,41355.987916666665,53010.10083333333,16180.942083333333,43663.85875,1838.9945833333334,15.6,80.41666666666667,36.583333333333336,0.4583333333333333,9.929166666666667,140.16666666666666,2.779583333333333,182.41614295833332,0.0,182.41620833333332,11.5,3.0,2.0,2021.0,0.0,0.3552231938728852,182.77136615220624,9362.993025,-9180.221658847793
2021-02-05,156270.19083333333,41444.22875,52747.73,16040.746250000002,44175.11541666667,1862.368333333333,13.416666666666666,82.54166666666667,29.0,0.0,8.808333333333334,174.45833333333334,2.8754166666666667,201.283149425,0.0,201.283125,11.5,4.0,2.0,2021.0,0.0,0.03868444215820755,201.32183386715823,9376.21145,-9174.889616132841
2021-02-06,155417.56208333335,41879.29416666667,52053.42958333334,15866.178333333335,43763.98499999999,1854.6733333333332,13.945833333333333,73.04166666666667,0.0,0.0,11.583333333333334,192.83333333333334,3.4008333333333334,235.7905246125,0.0,235.79049999999998,11.5,5.0,2.0,2021.0,1.0,0.4899347850937357,236.28045939759375,9325.053725,-9088.773265602407
2021-02-07,150535.24708333335,40816.65791666667,50861.35375,15800.979583333334,41353.457916666666,1702.7966666666669,14.775,70.5,0.0,0.0,12.775,194.375,3.419166666666667,236.95355275,0.0,236.95354166666667,11.5,6.0,2.0,2021.0,1.0,3.3309602766346598,240.28451302663464,9032.114824999999,-8791.830311973365
2021-02-08,153762.30958333335,41814.39,51609.93041666667,16354.342499999999,42237.27958333333,1746.36625,15.066666666666668,75.0,1.5833333333333333,0.0,8.329166666666667,194.75,2.73,233.3492744875,0.0,233.34929166666666,11.5,0.0,2.0,2021.0,0.0,0.06989637631458619,233.41917086381457,9225.738575,-8992.319404136184
2021-02-09,155851.8125,42234.68666666667,51872.68208333334,16973.599166666667,42956.659583333334,1814.1854166666665,16.591666666666665,70.45833333333333,59.666666666666664,0.0,9.154166666666667,195.58333333333334,2.4575,228.91095694166665,0.0,228.91095833333335,11.5,1.0,2.0,2021.0,0.0,0.0007268518518518458,228.9116837935185,9351.10875,-9122.197066206481
2021-02-10,157229.0075,42726.70541666667,52094.82750000001,16517.632083333334,44031.708333333336,1858.13375,17.745833333333334,72.375,23.125,0.0,7.3374999999999995,197.58333333333334,2.2641666666666667,228.40079985,0.0,228.40075000000002,11.5,2.0,2.0,2021.0,0.0,0.00012802926383172916,228.40092787926383,9433.74045,-9205.339522120736
2021-02-11,156846.1758333333,42320.511666666665,52085.53916666666,16540.91875,44050.26708333333,1848.93875,17.037499999999998,75.125,21.833333333333332,0.0,7.5375000000000005,199.79166666666666,2.1241666666666665,231.96092758333336,0.0,231.96091666666666,11.5,3.0,2.0,2021.0,0.0,0.0,231.96092758333336,9410.77055,-9178.809622416666
2021-02-12,157264.11541666667,42643.841250000005,52165.78541666667,16280.0175,44344.16583333333,1830.30375,17.195833333333333,76.54166666666667,62.875,0.0,6.966666666666666,192.625,1.4775,192.90820054166667,0.0,192.9082083333333,11.5,4.0,2.0,2021.0,0.0,0.0,192.90820054166667,9435.846925,-9242.938724458332
2021-02-13,156437.80833333332,41540.12458333333,52436.980416666665,16339.36875,44294.90916666667,1826.4275,16.974999999999998,77.75,49.625,0.0,6.1375,185.66666666666666,1.7383333333333333,226.75552975000002,0.0,226.75549999999998,11.5,5.0,2.0,2021.0,1.0,0.0,226.75552975000002,9386.2685,-9159.51297025
2021-02-14,152042.23500000002,39859.24166666667,51553.926666666666,16287.689583333333,42610.54541666667,1730.8308333333334,18.2375,71.33333333333333,9.291666666666666,0.0,5.925,202.625,1.7825,226.98335469166668,0.0,226.98333333333335,11.5,6.0,2.0,2021.0,1.0,0.0,226.98335469166668,9122.534099999999,-8895.550745308332
2021-02-15,156335.76166666666,40941.8125,52386.862916666665,16578.351666666666,44728.65416666667,1700.08125,18.970833333333335,67.91666666666667,16.833333333333332,0.0,6.6875,192.08333333333334,1.8020833333333333,210.73450520833333,0.0,210.73454166666667,11.5,0.0,2.0,2021.0,0.0,0.0015624142661179582,210.73606762259945,9380.1457,-9169.409632377401
2021-02-16,156171.115,41174.67458333333,51651.10333333333,16398.857083333332,45188.1225,1758.3554166666665,18.791666666666668,70.41666666666667,0.75,0.0,7.058333333333334,204.20833333333334,2.0524999999999998,225.65272179166666,0.0,225.65270833333332,11.5,1.0,2.0,2021.0,0.0,0.0005390946502057541,225.65326088631687,9370.2669,-9144.613639113682
2021-02-17,155068.48875,41029.174166666664,50712.83916666667,15888.696666666665,45633.03041666667,1804.7475000000002,18.087500000000002,71.29166666666667,0.0,0.0,7.429166666666667,210.125,2.11375,227.97778179166667,0.0,227.9777916666667,11.5,2.0,2.0,2021.0,0.0,0.0,227.97778179166667,9304.109325,-9076.131543208334
2021-02-18,153437.25458333333,41036.36875,49400.535,15909.994583333333,45252.08583333334,1838.27375,18.370833333333334,71.0,3.7916666666666665,0.0,6.883333333333333,209.08333333333334,2.2720833333333332,226.8129865,0.0,226.813,11.5,3.0,2.0,2021.0,0.0,0.0034829103795153034,226.81646941037954,9206.235275000001,-8979.418805589621
2021-02-19,151193.74666666667,41632.18458333333,47673.854583333334,16107.08875,43941.823333333334,1838.7954166666666,17.8875,74.25,2.1666666666666665,0.0,7.9125000000000005,211.125,2.2191666666666667,230.38799945833333,0.0,230.388,11.5,4.0,2.0,2021.0,0.0,0.005226909007773196,230.3932263673411,9071.6248,-8841.231573632658
2021-02-20,150229.11083333334,41311.94625,49087.69333333333,15991.894999999999,42000.558333333334,1837.0191666666667,17.983333333333334,69.125,5.791666666666667,0.0,8.908333333333333,212.58333333333334,2.607083333333333,233.69568325,0.0,233.69570833333333,11.5,5.0,2.0,2021.0,1.0,0.16607647462277095,233.86175972462277,9013.74665,-8779.884890275376
2021-02-21,144886.5525,39793.940833333334,48738.371666666666,15421.67375,39172.89625,1759.6704166666666,18.745833333333334,65.41666666666667,3.875,0.0,10.566666666666666,216.875,3.127083333333333,237.08890522916667,0.0,237.08891666666668,11.5,6.0,2.0,2021.0,1.0,1.7649581618655696,238.85386339103226,8693.193150000001,-8454.339286608967
2021-02-22,150828.36125,40712.10125,51048.19708333333,15891.344583333334,41378.43541666667,1798.2829166666668,19.520833333333332,66.125,3.5416666666666665,0.0,10.6625,213.75,3.1029166666666668,231.19524987499997,0.0,231.19529166666666,11.5,0.0,2.0,2021.0,0.0,0.9465140603566534,232.14176393535664,9049.701675,-8817.559911064644
2021-02-23,154920.92958333335,41381.417083333334,52409.56875,16199.864583333334,43128.24208333333,1801.8379166666666,21.504166666666666,55.875,4.916666666666667,0.0,8.125,216.5,1.7429166666666667,226.50960854166667,0.0,226.50954166666668,11.5,1.0,2.0,2021.0,0.0,0.0,226.50960854166667,9295.255775,-9068.746166458333
2021-02-24,157616.76,41712.48291666667,52907.6825,16974.85125,44195.82,1825.9266666666665,22.0625,57.625,0.0,0.0,8.2125,220.125,1.8354166666666665,233.56469583333333,0.0,233.56466666666665,11.5,2.0,2.0,2021.0,0.0,0.0,233.56469583333333,9457.005599999999,-9223.440904166666
2021-02-25,160234.77416666667,41673.68625,53976.40625,17279.37375,45489.68708333333,1815.618333333333,22.558333333333334,58.916666666666664,0.0,0.0,9.445833333333333,219.95833333333334,3.2137499999999997,233.96564687499998,0.0,233.96562500000002,11.5,3.0,2.0,2021.0,0.0,0.6270466963877456,234.59269357138774,9614.08645,-9379.493756428612
2021-02-26,161486.5375,42655.02291666667,53383.417083333334,17014.559166666666,46645.42625,1788.1141666666665,23.2375,56.291666666666664,8.25,0.0,11.129166666666668,219.16666666666666,3.4179166666666667,233.19400295833336,0.0,233.1939583333333,11.5,4.0,2.0,2021.0,0.0,8.886527149062642,242.08053010739596,9689.19225,-9447.111719892604
2021-02-27,161263.86083333334,41950.958333333336,53398.51500000001,17265.978333333333,46843.994583333326,1804.4158333333332,24.1375,42.458333333333336,15.083333333333334,0.0,10.716666666666667,223.83333333333334,3.81,234.43952670833335,0.0,234.43954166666666,11.5,5.0,2.0,2021.0,1.0,4.612460219478739,239.05198692781207,9675.83165,-9436.779663072188
2021-02-28,156527.85041666668,40887.754166666666,52414.09791666667,16938.400833333333,44567.50666666666,1720.0895833333334,22.245833333333334,49.25,15.541666666666666,0.0,8.820833333333333,216.29166666666666,3.135,230.89534791666665,0.0,230.89533333333335,11.5,6.0,2.0,2021.0,1.0,0.4295844192958391,231.32493233596253,9391.671025,-9160.346092664038
2021-03-01,162252.34875,42730.168750000004,53706.25833333333,17360.202083333334,46652.082916666666,1803.6354166666667,20.400000000000002,45.958333333333336,0.0,0.0,12.704166666666666,234.54166666666666,4.28375,247.13447858333333,0.0,247.13445833333333,11.5,0.0,3.0,2021.0,0.0,11.031553440786466,258.16603202411983,9735.140925,-9476.97489297588
2021-03-02,163694.08791666667,42527.17625,54279.53541666667,17662.961666666666,47409.64166666666,1814.77375,20.683333333333334,40.041666666666664,0.0,0.0,17.775000000000002,236.25,4.879166666666666,250.23675608333335,0.0,250.23679166666668,11.5,1.0,3.0,2021.0,0.0,33.2232540009145,283.4600100842478,9821.645275,-9538.185264915752
2021-03-03,163531.55125,43059.5525,54436.52416666667,17307.650416666667,46921.46791666667,1806.3549999999998,22.3125,38.958333333333336,0.0,0.0,12.408333333333333,234.875,2.6954166666666666,242.80570150000003,0.0,242.80566666666667,11.5,2.0,3.0,2021.0,0.0,0.923702903520805,243.72940440352082,9811.893075,-9568.16367059648
2021-03-04,164374.8975,43564.77833333333,54562.08625,17479.786666666667,46997.8675,1770.3791666666666,23.675,44.458333333333336,0.0,0.0,5.558333333333334,233.91666666666666,2.0933333333333333,233.06109945833336,0.0,233.06112500000003,11.5,3.0,3.0,2021.0,0.0,6.430041152262917e-05,233.06116375874487,9862.493849999999,-9629.432686241254
2021-03-05,165445.33416666667,43874.14000000001,54680.40625,17527.892499999998,47641.949583333335,1720.9437500000001,22.65833333333333,44.833333333333336,0.0,0.0,15.095833333333333,239.875,4.5216666666666665,246.15769487499998,0.0,246.15775,11.5,4.0,3.0,2021.0,0.0,14.579177869227253,260.73687274422724,9926.72005,-9665.983177255772
2021-03-06,165439.04583333334,43278.78916666666,54750.72291666667,17771.05,48055.59625,1582.8879166666666,22.65416666666667,42.75,0.25,0.0,12.358333333333334,239.58333333333334,3.700416666666667,243.47280679166667,0.0,243.47275000000002,11.5,5.0,3.0,2021.0,1.0,9.296691986739825,252.7694987784065,9926.34275,-9673.573251221593
2021-03-07,159623.9125,41013.74791666667,52924.33916666667,17851.16125,46248.315,1586.3491666666666,24.837500000000002,42.125,3.2083333333333335,0.0,10.829166666666666,234.95833333333334,2.4929166666666664,235.16944883333335,0.0,235.16945833333332,11.5,6.0,3.0,2021.0,1.0,0.11146564929126655,235.28091448262458,9577.43475,-9342.153835517374
2021-03-08,164646.45791666667,41741.43208333333,54558.385,18454.694583333334,48183.112916666665,1708.8325000000002,24.745833333333334,50.25,4.083333333333333,0.0,14.9,232.29166666666666,3.0504166666666666,232.78854725,0.0,232.78854166666667,11.5,0.0,3.0,2021.0,0.0,4.630720107453132,237.41926735745312,9878.787475,-9641.368207642547
2021-03-09,168018.54124999998,43491.24375,55118.294583333336,18592.02875,49081.8525,1735.1225000000002,24.745833333333334,59.208333333333336,24.125,0.008333333333333333,7.245833333333334,203.625,2.154166666666667,216.02670441666666,0.0,216.02666666666664,11.5,1.0,3.0,2021.0,0.0,0.005551554641060805,216.0322559713077,10081.112475,-9865.08021902869
2021-03-10,168633.11833333332,44195.79541666667,54907.33666666667,18669.2825,49092.6025,1768.100416666667,23.883333333333336,61.458333333333336,14.833333333333334,0.004166666666666667,7.995833333333334,212.75,2.4583333333333335,204.65526054166665,0.0,204.65520833333335,11.5,2.0,3.0,2021.0,0.0,0.00020610425240054014,204.65546664591906,10117.9871,-9913.33163335408
2021-03-11,168271.7275,44534.86583333334,53938.49083333334,19127.147916666665,48918.74625,1752.4766666666667,24.787499999999998,52.5,2.25,0.0,7.920833333333333,244.75,2.3054166666666664,231.17194833333335,0.0,231.171875,11.5,3.0,3.0,2021.0,0.0,0.29712911522633756,231.4690774485597,10096.30365,-9864.83457255144
2021-03-12,162231.14541666667,40995.199583333335,52272.59791666667,18706.295000000002,48415.15333333333,1841.8979166666668,23.412499999999998,54.0,57.666666666666664,0.029166666666666664,10.504166666666666,179.125,3.84125,168.66882025,0.0,168.66879166666666,11.5,4.0,3.0,2021.0,0.0,25.718209533607688,194.3870297836077,9733.868725,-9539.481695216391
2021-03-13,158510.17791666667,40910.18083333333,50796.61041666666,16887.056666666667,48132.41291666666,1783.9183333333333,23.358333333333334,60.833333333333336,20.791666666666668,0.0,6.779166666666666,239.29166666666666,2.565,227.76763458333335,0.0,227.76762499999998,11.5,5.0,3.0,2021.0,1.0,0.03173571101966164,227.799370294353,9510.610675,-9282.811304705647
2021-03-14,157749.27625,41272.28875,51465.50208333333,16891.4225,46390.82916666666,1729.2333333333333,23.258333333333336,50.416666666666664,11.166666666666666,0.0,10.5,249.29166666666666,2.9829166666666667,242.89519416666667,0.0,242.89520833333333,11.5,6.0,3.0,2021.0,1.0,2.139977937814358,245.03517210448103,9464.956574999998,-9219.92140289552
2021-03-15,164834.90541666668,42901.916666666664,53737.03833333333,17933.202916666665,48452.90583333333,1809.8404166666667,24.129166666666666,50.708333333333336,20.083333333333332,0.0,11.404166666666667,243.95833333333334,3.0029166666666662,229.42500900000002,0.0,229.42499999999998,11.5,0.0,3.0,2021.0,0.0,0.20552686328303613,229.63053586328306,9890.094325,-9660.463789136717
2021-03-16,167651.57,43432.62208333333,54157.77291666667,18617.373333333333,49525.3125,1918.4883333333335,24.45,46.75,13.125,0.0,11.4375,253.41666666666666,3.3166666666666664,241.35328291666667,0.0,241.35333333333332,11.5,1.0,3.0,2021.0,0.0,1.754570301783265,243.10785321844992,10059.0942,-9815.98634678155
2021-03-17,169714.24625,43731.28,54931.6525,19343.496666666666,49768.46875,1939.3491666666666,25.125,42.416666666666664,27.708333333333332,0.0,9.508333333333333,245.58333333333334,2.3425,229.18592266666667,0.0,229.185875,11.5,2.0,3.0,2021.0,0.0,0.0006012802926383084,229.18652394695928,10182.854775,-9953.66825105304
2021-03-18,168982.87,43566.315416666665,54837.95583333333,18967.358333333334,49654.65916666667,1956.5820833333335,24.8,46.75,73.70833333333333,0.0,7.7749999999999995,225.66666666666666,2.3545833333333333,213.96863499999998,0.0,213.96866666666665,11.5,3.0,3.0,2021.0,0.0,4.090715649291265,218.05935064929125,10138.972199999998,-9920.912849350707
2021-03-19,166969.38375,43519.114166666666,53043.83958333333,19031.03125,49407.47291666667,1967.92875,24.712500000000002,50.583333333333336,84.70833333333333,0.0,8.433333333333334,209.20833333333334,3.091666666666667,214.691864,0.0,214.69183333333334,11.5,4.0,3.0,2021.0,0.0,0.22933681984453583,214.92120081984456,10018.163025,-9803.241824180155
2021-03-20,166647.13749999998,43963.045000000006,52348.29833333333,19492.07,48880.645833333336,1963.08,24.95,43.833333333333336,6.166666666666667,0.0,11.529166666666667,254.95833333333334,3.3891666666666667,238.92037958333333,0.0,238.92033333333333,11.5,5.0,3.0,2021.0,1.0,3.973670839048925,242.89405042238226,9998.82825,-9755.934199577618
2021-03-21,161090.02083333334,42615.59125,50785.35166666666,18951.888750000002,46871.06625,1866.125,25.808333333333334,42.416666666666664,9.708333333333334,0.0,9.679166666666667,246.75,2.1975000000000002,224.85698266666668,0.0,224.85695833333332,11.5,6.0,3.0,2021.0,1.0,0.09662848651120255,224.9536111531779,9665.401249999999,-9440.447638846821
2021-03-22,162702.09833333333,40228.95125,51758.27875,19667.944166666668,49116.637500000004,1930.2866666666666,25.025000000000002,48.083333333333336,49.166666666666664,0.0,11.6,214.20833333333334,3.71625,218.84122033333335,0.0,218.84116666666668,11.5,0.0,3.0,2021.0,0.0,8.041712562871515,226.88293289620484,9762.125900000001,-9535.242967103795
2021-03-23,161668.46625,37446.550833333335,51851.92916666667,20509.539583333335,49859.59541666667,2000.85125,24.704166666666666,48.75,38.375,0.020833333333333332,11.125,215.54166666666666,2.3333333333333335,215.37330583333335,0.0,215.37329166666666,11.5,1.0,3.0,2021.0,0.0,0.12677937814357565,215.5000852114769,9700.107975,-9484.607889788522
2021-03-24,165277.92124999998,39435.582083333335,52907.049999999996,20531.402916666666,50320.6025,2083.2833333333333,24.40833333333333,43.5,10.666666666666666,0.0,9.770833333333334,247.79166666666666,3.3083333333333336,231.42131125,0.0,231.42129166666666,11.5,2.0,3.0,2021.0,0.0,1.783632773205304,233.2049440232053,9916.675275,-9683.470330976794
2021-03-25,167440.02625,41033.981250000004,53821.2575,20298.517499999998,50292.48416666667,1993.7854166666666,23.541666666666668,40.458333333333336,3.7916666666666665,0.0,16.175,269.1666666666667,4.36125,250.237781,0.0,250.23779166666668,11.5,3.0,3.0,2021.0,0.0,14.064764574759947,264.30254557475996,10046.401575,-9782.09902942524
2021-03-26,169011.65291666667,41164.23458333333,54786.48416666667,19999.872916666667,51008.486249999994,2052.57375,23.650000000000002,46.333333333333336,0.5,0.0,13.779166666666667,268.5,3.624166666666667,247.70609041666668,0.0,247.70608333333334,11.5,4.0,3.0,2021.0,0.0,4.046970793324189,251.75306120999085,10140.699175,-9888.946113790009
2021-03-27,168710.7304166667,40974.34541666667,55087.93833333333,19537.795000000002,51145.53041666667,1965.1216666666667,25.604166666666668,45.583333333333336,0.041666666666666664,0.0,7.75,263.9583333333333,2.580416666666667,239.14605791666668,0.0,239.146,11.5,5.0,3.0,2021.0,1.0,0.14297925240054865,239.28903716906723,10122.643825,-9883.354787830933
2021-03-28,163255.77875,39676.61125,53901.729583333334,19193.431666666667,48585.40625,1898.5995833333334,27.920833333333334,43.25,0.0,0.0,7.1625000000000005,266.3333333333333,2.299583333333333,235.35612083333334,0.0,235.35612500000002,11.5,6.0,3.0,2021.0,1.0,0.017517946959304986,235.37363878029262,9795.346725,-9559.973086219707
2021-03-29,153396.83666666667,35613.86666666667,48298.63166666666,18755.318333333333,48969.44625,1759.5716666666667,29.275000000000002,37.458333333333336,0.08333333333333333,0.0,8.679166666666667,270.2916666666667,3.2575,238.5392753775,0.0,238.53937499999998,11.5,0.0,3.0,2021.0,0.0,3.410356538637402,241.9496319161374,9203.8102,-8961.860568083863
2021-03-30,159322.25416666668,36603.3925,51180.60833333334,19628.34125,50407.79958333333,1502.1125,30.191666666666666,30.083333333333332,0.0,0.0,19.175,279.1666666666667,6.453749999999999,248.9129239179167,0.0,248.91291666666666,11.5,1.0,3.0,2021.0,0.0,167.26552160493824,416.17844552285493,9559.33525,-9143.156804477145
2021-03-31,165652.25541666665,38945.26541666667,53876.66333333333,20244.48833333333,51051.965416666666,1533.8741666666667,27.670833333333334,22.5,0.0,0.0,20.6875,282.5,5.800833333333333,255.36071509583334,0.0,255.36066666666667,11.5,2.0,3.0,2021.0,0.0,82.46976280292638,337.83047789875974,9939.135325,-9601.304847101239
2021-04-01,165705.35708333334,38136.98458333333,54393.89333333333,20090.295416666668,51427.54083333333,1656.6425,26.175,15.625,0.0,0.0,21.295833333333334,286.8333333333333,5.522083333333334,259.7543186625,0.0,259.7542916666667,11.5,3.0,4.0,2021.0,0.0,83.21742409693643,342.97174275943644,9942.321425,-9599.349682240563
2021-04-02,167893.5429166667,39315.957083333335,54580.05375,20313.072916666668,51850.88,1833.5808333333334,25.291666666666668,16.625,0.0,0.0,12.2125,283.9583333333333,3.20375,252.60769520416667,0.0,252.60775,11.5,4.0,4.0,2021.0,0.0,2.0978985482395984,254.70559375240626,10073.612575,-9818.906981247594
2021-04-03,169214.59541666668,39314.34416666667,55179.58625,20761.5725,51984.63458333333,1974.4579166666665,25.1875,19.041666666666668,1.25,0.0,8.85,284.0833333333333,2.9425000000000003,249.60951075416665,0.0,249.6095,11.5,5.0,4.0,2021.0,1.0,0.35656532921810696,249.96607608338476,10152.875725,-9902.909648916615
2021-04-04,163977.125,38122.33541666667,54089.55541666667,19910.652083333334,50061.48875,1793.0941666666668,26.570833333333336,21.833333333333332,5.0,0.0,10.858333333333334,281.1666666666667,3.110416666666667,245.44346165416667,0.0,245.44345833333333,11.5,6.0,4.0,2021.0,1.0,2.042285550983082,247.48574720514975,9838.6275,-9591.141752794849
2021-04-05,168703.05416666667,40368.628749999996,55305.85083333333,19992.27,51350.82125,1685.4858333333334,29.400000000000002,25.916666666666668,67.75,0.0,10.387500000000001,262.7916666666667,2.362083333333333,233.1762012083333,0.0,233.17620833333334,11.5,0.0,4.0,2021.0,0.0,0.027984282121627794,233.20418549045496,10122.18325,-9888.979064509544
2021-04-06,168501.93166666667,41125.32625,55961.94458333333,20730.989583333332,48816.505000000005,1867.1670833333335,30.129166666666666,28.916666666666668,41.875,0.0,10.045833333333333,268.75,3.528333333333333,227.888313275,0.0,227.88833333333332,11.5,1.0,4.0,2021.0,0.0,15.084483139003202,242.97279641400323,10110.115899999999,-9867.143103585997
2021-04-07,170463.69625,40705.167083333334,55817.63916666667,21220.2625,50753.693333333336,1966.9345833333334,28.683333333333334,30.583333333333332,3.9583333333333335,0.0,11.520833333333334,268.0416666666667,4.245833333333334,232.68213917916668,0.0,232.6821666666667,11.5,2.0,4.0,2021.0,0.0,5.378894204389574,238.06103338355624,10227.821774999999,-9989.760741616445
2021-04-08,172280.89416666667,42123.691666666666,56278.41208333333,21224.970416666667,50772.32041666666,1881.49875,27.150000000000002,24.708333333333332,0.0,0.0,11.504166666666668,286.375,3.3579166666666667,247.88708133333333,0.0,247.887125,11.5,3.0,4.0,2021.0,0.0,0.2390212048468221,248.12610253818013,10336.85365,-10088.72754746182
2021-04-09,170560.39791666667,41932.32708333333,55595.05375,20288.976666666666,50842.92916666667,1901.1116666666667,26.954166666666666,21.416666666666668,22.75,0.0,11.095833333333333,285.9166666666667,3.4179166666666667,246.19958026333333,0.0,246.19954166666665,11.5,4.0,4.0,2021.0,0.0,0.690193244170096,246.8897735075034,10233.623875,-9986.734101492497
2021-04-10,169831.21416666667,42223.62416666667,54855.11208333333,20418.016666666666,50421.152916666666,1913.30875,28.25,18.291666666666668,0.25,0.0,11.35,287.625,3.1925000000000003,244.20010339666666,0.0,244.20004166666664,11.5,5.0,4.0,2021.0,1.0,0.45633922039323255,244.65644261705992,10189.87285,-9945.216407382939
2021-04-11,163794.96,40345.87625,53463.769166666665,20317.297083333335,47924.24125,1743.7787500000002,29.141666666666666,19.625,4.458333333333333,0.0,10.112499999999999,285.4166666666667,3.2225,242.837456725,0.0,242.83745833333333,11.5,6.0,4.0,2021.0,1.0,1.2161809556470053,244.05363768064703,9827.6976,-9583.643962319353
2021-04-12,167559.37541666665,42554.03333333333,54452.106250000004,20586.032916666667,47980.94458333333,1986.2575,29.925,19.416666666666668,25.208333333333332,0.0,9.516666666666667,261.0416666666667,2.9729166666666664,234.7333268,0.0,234.733375,11.5,0.0,4.0,2021.0,0.0,0.8809593621399179,235.6142861621399,10053.562525,-9817.94823883786
2021-04-13,167574.36291666667,43934.71208333334,54380.80458333334,20955.619166666667,46304.49875,1998.7283333333332,30.320833333333336,21.625,20.625,0.0,12.283333333333333,261.3333333333333,3.53,227.7228701375,0.0,227.72287500000002,11.5,1.0,4.0,2021.0,0.0,5.66570518975766,233.38857532725766,10054.461775,-9821.073199672743
2021-04-14,163503.13291666665,44517.198333333334,53218.52916666667,20783.8025,43141.60083333334,1842.0016666666668,30.645833333333332,22.041666666666668,44.458333333333336,0.0,13.554166666666667,249.29166666666666,3.1,217.68163305416667,0.0,217.68166666666664,11.5,2.0,4.0,2021.0,0.0,2.1944881687242797,219.87612122289093,9810.187974999999,-9590.311853777108
2021-04-15,162358.31,45047.71958333333,53500.29083333333,20708.08,41194.97,1907.2537499999999,31.008333333333336,19.0,20.541666666666668,0.0,10.754166666666668,268.0416666666667,3.1841666666666666,226.8439199654167,0.0,226.84395833333335,11.5,3.0,4.0,2021.0,0.0,0.4299754229538178,227.2738953883705,9741.498599999999,-9514.22470461163
2021-04-16,163158.34833333333,42304.00708333334,54450.33625,20599.60583333333,43968.71666666667,1835.6829166666666,29.454166666666666,32.958333333333336,54.041666666666664,0.10833333333333334,10.7125,236.5,3.186666666666667,204.55374991666667,0.0,204.55379166666668,11.5,4.0,4.0,2021.0,0.0,2.7043824874256983,207.25813240409238,9789.500900000001,-9582.242767595906
2021-04-17,160846.24375,40285.84458333333,54669.20291666667,19241.489166666666,45002.71916666667,1646.99,27.491666666666664,44.291666666666664,15.541666666666666,0.0,10.095833333333333,257.3333333333333,3.7383333333333333,223.8020979,0.0,223.8021666666667,11.5,5.0,4.0,2021.0,1.0,14.800106024234113,238.60220392423412,9650.774625,-9412.172421075766
2021-04-18,158678.93541666667,40676.51458333333,53853.013333333336,18811.41,43589.974583333336,1748.0216666666665,28.900000000000002,29.041666666666668,4.291666666666667,0.0,8.345833333333333,275.5833333333333,2.7308333333333334,232.56409679541665,0.0,232.56408333333331,11.5,6.0,4.0,2021.0,1.0,0.7758667123914038,233.33996350780808,9520.736125,-9287.396161492192
2021-04-19,164777.56708333333,43307.58083333333,55166.97708333333,19095.023333333334,45514.74583333333,1693.2429166666668,29.4875,28.875,5.708333333333333,0.0,11.237499999999999,281.3333333333333,2.875833333333333,238.54458100125,0.0,238.54454166666667,11.5,0.0,4.0,2021.0,0.0,0.22315917924096942,238.76774018049096,9886.654025,-9647.88628481951
2021-04-20,165170.24333333332,42390.488333333335,54712.07791666666,20705.479583333334,45449.861249999994,1912.3379166666666,27.733333333333334,28.833333333333332,63.916666666666664,0.0,15.366666666666667,179.75,3.151666666666667,184.33635835416666,0.0,184.336375,11.5,1.0,4.0,2021.0,0.0,9.195079160951076,193.53143751511774,9910.2146,-9716.683162484882
2021-04-21,161560.89416666667,39831.901666666665,53879.81333333333,20411.80083333333,45390.68666666667,2046.6925,26.258333333333336,40.541666666666664,18.583333333333332,0.0,13.487499999999999,264.7083333333333,4.0808333333333335,237.93298116666665,0.0,237.933,11.5,2.0,4.0,2021.0,0.0,8.92157310242341,246.85455426909007,9693.65365,-9446.79909573091
2021-04-22,158298.27375000002,39228.31291666667,54035.49416666667,18595.37375,44473.25083333333,1965.8425,26.545833333333334,42.5,5.416666666666667,0.0,8.6875,282.625,2.40875,231.62557351291665,0.0,231.625625,11.5,3.0,4.0,2021.0,0.0,3.00777829218107,234.63335180509773,9497.896425,-9263.263073194903
2021-04-23,157789.63875,39423.45125,53688.152916666666,19683.74,42958.87541666667,2035.4191666666666,27.741666666666664,35.208333333333336,33.166666666666664,0.0,17.5,214.625,4.501666666666666,201.84559814583335,0.0,201.84558333333334,11.5,4.0,4.0,2021.0,0.0,13.950188157293097,215.79578630312642,9467.378325,-9251.582538696874
2021-04-24,159023.46375,40125.471666666665,53519.05458333334,20490.888333333332,42839.94583333333,2048.10125,26.516666666666666,35.625,0.0,0.0,12.987499999999999,292.625,4.513333333333334,244.51130548333333,0.0,244.51129166666666,11.5,5.0,4.0,2021.0,1.0,14.631344421582078,259.1426499049154,9541.407825,-9282.265175095084
2021-04-25,155410.94916666666,39427.52291666667,52001.98333333334,20950.7075,40972.08875,2058.6454166666667,28.724999999999998,27.125,0.0,0.0,13.779166666666667,292.5416666666667,3.8779166666666662,243.81410554791668,0.0,243.814,11.5,6.0,4.0,2021.0,1.0,3.835798411065386,247.64990395898204,9324.656949999999,-9077.007046041019
2021-04-26,162268.92,42584.96166666666,52951.39833333334,21119.030416666665,43480.46916666667,2133.06125,30.05,23.875,0.0,0.0,9.308333333333334,293.0416666666667,2.9279166666666665,239.171946325,0.0,239.17195833333332,11.5,0.0,4.0,2021.0,0.0,2.043240797896663,241.21518712289665,9736.135199999999,-9494.920012877103
2021-04-27,164583.86250000002,44051.21583333333,52686.01,21399.02,44243.832916666666,2203.787083333333,32.80833333333333,21.708333333333332,4.25,0.0,9.708333333333334,283.25,3.2225,230.37768077916667,0.0,230.37766666666667,11.5,1.0,4.0,2021.0,0.0,3.8169009487882946,234.19458172795495,9875.03175,-9640.837168272044
2021-04-28,167051.565,46079.075833333336,52492.0975,21916.711666666666,44602.45916666667,1961.2191666666668,33.85,19.333333333333332,9.208333333333334,0.0,10.770833333333334,271.5,3.2925,226.73603353791668,0.0,226.73612500000002,11.5,2.0,4.0,2021.0,0.0,1.2721496342021035,228.00818317211875,10023.0939,-9795.08571682788
2021-04-29,166829.19833333333,46101.331249999996,52565.5575,21331.818750000002,44741.32375,2089.1662499999998,33.3375,21.041666666666668,20.458333333333332,0.0,11.0875,245.54166666666666,2.8533333333333335,224.09226902708335,0.0,224.09220833333333,11.5,3.0,4.0,2021.0,0.0,1.0134913694558756,225.10576039653924,10009.7519,-9784.64613960346
2021-04-30,164732.90291666667,46285.51541666667,52169.605416666665,20450.772916666665,43648.49083333334,2178.51875,32.22083333333333,27.833333333333332,46.5,0.0,9.262500000000001,252.125,2.214583333333333,220.63610158333333,0.0,220.63608333333332,11.5,4.0,4.0,2021.0,0.0,0.001702732053040696,220.63780431538638,9883.974175,-9663.336370684612
2021-05-01,157262.96291666667,46040.75166666667,49424.07166666666,18902.8,40974.73416666667,1920.6033333333335,32.229166666666664,29.875,55.333333333333336,0.0,9.0875,229.20833333333334,2.1879166666666667,204.00497816666666,0.0,204.00495833333332,11.5,5.0,5.0,2021.0,1.0,0.00077166209419295,204.00574982876086,9435.777775,-9231.77202517124
2021-05-02,153798.49833333332,44499.79958333333,48325.915,18900.957083333335,40168.791666666664,1903.0329166666668,31.96666666666667,30.166666666666668,56.166666666666664,0.0,7.891666666666667,223.20833333333334,2.2087499999999998,180.80290320833333,0.0,180.80295833333332,11.5,6.0,5.0,2021.0,1.0,0.0010169181527206125,180.80392012648608,9227.9099,-9047.105979873513
2021-05-03,156214.46291666667,44881.47625,49512.66,18017.655000000002,41962.48458333333,1840.18625,31.741666666666664,30.708333333333332,36.541666666666664,0.0,8.275,236.95833333333334,2.575416666666667,208.47069504166666,0.0,208.4706666666667,11.5,0.0,5.0,2021.0,0.0,1.7711524348422494,210.24184747650892,9372.867775,-9162.625927523492
2021-05-04,157877.39625,45860.107500000006,51186.565,16519.689166666667,42547.205,1763.8316666666667,32.81666666666667,29.916666666666668,48.416666666666664,0.0,9.674999999999999,241.54166666666666,2.4533333333333336,203.50536045833334,0.0,203.505375,11.5,1.0,5.0,2021.0,0.0,0.0012069044352994876,203.50656736276866,9472.643774999999,-9269.13720763723
2021-05-05,157761.16458333333,45446.45958333334,51922.70041666667,16362.251666666665,42211.01833333333,1818.73625,31.520833333333332,39.125,20.541666666666668,0.012499999999999999,12.7875,235.5,1.9604166666666665,206.13283490416666,0.0,206.13279166666666,11.5,2.0,5.0,2021.0,0.0,0.0,206.13283490416666,9465.669875,-9259.537040095833
2021-05-06,156807.28208333332,44075.473750000005,52068.64124999999,16668.500833333335,42165.877916666665,1828.7875000000001,29.27916666666667,52.625,41.625,0.25416666666666665,14.416666666666666,231.83333333333334,2.48875,208.64881454166667,0.0,208.64879166666665,11.5,3.0,5.0,2021.0,0.0,0.13479738225880195,208.78361192392546,9408.436925,-9199.653313076074
2021-05-07,154290.92833333332,41791.877499999995,51579.62666666667,17060.017499999998,42050.46333333333,1808.9454166666667,28.28333333333333,56.0,15.708333333333334,0.1708333333333333,8.283333333333333,256.3333333333333,1.97,213.8022167083333,0.0,213.80225,11.5,4.0,5.0,2021.0,0.0,0.0,213.8022167083333,9257.4557,-9043.653483291666
2021-05-08,156829.92458333334,44779.0975,51357.2525,17550.245,41302.75083333333,1840.57875,31.087500000000002,38.875,37.083333333333336,0.0,7.3374999999999995,258.2083333333333,2.143333333333333,203.5342963625,0.0,203.5342916666667,11.5,5.0,5.0,2021.0,1.0,0.03378966620941926,203.56808602870942,9409.795475,-9206.22738897129
2021-05-09,150836.7475,43189.75083333333,48700.48333333334,17054.253333333334,40005.05583333333,1887.205,31.079166666666666,39.708333333333336,23.833333333333332,0.0,8.341666666666667,244.54166666666666,2.2533333333333334,200.61198353958332,0.0,200.61191666666664,11.5,6.0,5.0,2021.0,1.0,0.29160396662094173,200.90358750620427,9050.20485,-8849.301262493795
2021-05-10,152234.94375,43284.00916666666,49343.199166666665,17309.34875,40435.543750000004,1862.8445833333333,30.554166666666664,42.0,30.791666666666668,0.016666666666666666,10.108333333333333,226.875,2.4704166666666665,221.70265099999997,0.0,221.70266666666666,11.5,0.0,5.0,2021.0,0.0,0.03194838820301785,221.734599388203,9134.096625,-8912.362025611796
2021-05-11,151993.74333333335,43901.760833333334,49376.28208333333,16714.689166666667,40134.25,1866.7612500000002,31.28333333333333,40.666666666666664,21.5,0.004166666666666667,11.262500000000001,251.16666666666666,2.220833333333333,212.36421216666668,0.0,212.36416666666665,11.5,1.0,5.0,2021.0,0.0,0.0533780292638317,212.4175901959305,9119.624600000001,-8907.20700980407
2021-05-12,148070.10708333334,42263.19541666666,49670.4925,15789.02125,38561.09291666667,1786.30375,29.833333333333332,45.291666666666664,22.666666666666668,0.016666666666666666,11.604166666666666,242.33333333333334,2.7729166666666667,209.37331933333334,0.0,209.373375,11.5,2.0,5.0,2021.0,0.0,0.029383802011888432,209.4027031353452,8884.206424999998,-8674.803721864655
2021-05-13,143934.31625,39033.82,49853.09666666667,15309.9,37999.85291666666,1737.6470833333333,27.370833333333334,58.333333333333336,37.041666666666664,0.06250000000000001,13.3375,218.54166666666666,2.12625,201.03451820833334,0.0,201.0345,11.5,3.0,5.0,2021.0,0.0,0.26747125057155924,201.3019894589049,8636.058975,-8434.756985541095
2021-05-14,148037.12458333335,41935.012500000004,49702.67291666666,17644.109583333335,37024.60125,1730.7291666666667,29.599999999999998,46.791666666666664,21.833333333333332,0.0,8.833333333333334,242.0,1.8733333333333333,213.52743825000002,0.0,213.52745833333333,11.5,4.0,5.0,2021.0,0.0,0.0,213.52743825000002,8882.227475,-8668.700036749999
2021-05-15,146826.13458333333,42548.04583333333,48668.145416666666,19134.5675,34786.1725,1689.2041666666667,30.229166666666668,41.125,22.416666666666668,0.0,6.745833333333334,222.91666666666666,2.19125,213.44944070833333,0.0,213.44941666666668,11.5,5.0,5.0,2021.0,1.0,0.015077217649748514,213.46451792598307,8809.568075,-8596.103557074017
2021-05-16,140369.74666666667,43578.534999999996,42911.68041666666,19369.32416666667,32794.85041666667,1715.3570833333333,31.675,37.375,15.125,0.0,7.220833333333332,277.4166666666667,2.2062500000000003,221.957534625,0.0,221.95754166666666,11.5,6.0,5.0,2021.0,1.0,0.011632773205304064,221.96916739820531,8422.184799999999,-8200.215632601794
2021-05-17,142049.41125,45697.88041666666,38743.66166666667,20136.369583333333,35741.512083333335,1729.98625,32.362500000000004,34.625,89.41666666666667,0.0,7.2250000000000005,136.58333333333334,3.94,130.10118466666668,0.0,130.10120833333335,11.5,0.0,5.0,2021.0,0.0,10.97245696159122,141.0736416282579,8522.964675000001,-8381.891033371741
2021-05-18,136207.83458333334,41384.027916666666,35804.74,19885.175833333335,37290.64916666666,1843.243333333333,27.125,53.916666666666664,98.0,0.04583333333333334,10.487499999999999,71.625,5.059166666666667,67.866318625,0.0,67.86633333333333,11.5,1.0,5.0,2021.0,0.0,26.702611739826242,94.56893036482624,8172.470075,-8077.901144635173
2021-05-19,130287.30625000001,33170.77916666667,37427.808333333334,19978.30791666667,37794.68,1915.7316666666666,21.712500000000002,87.25,100.0,4.1125,13.725000000000001,34.958333333333336,6.2370833333333335,29.84042085,0.0,29.840374999999998,11.5,2.0,5.0,2021.0,0.0,55.46219747370827,85.30261832370827,7817.238375,-7731.935756676292
2021-05-20,130958.41583333333,32567.955416666668,41558.38958333333,18887.41083333333,36149.94708333333,1794.7116666666668,24.245833333333334,76.70833333333333,50.041666666666664,1.3125,15.183333333333335,214.04166666666666,4.16875,150.569347875,0.0,150.56933333333333,11.5,3.0,5.0,2021.0,0.0,30.23968741426612,180.80903528926612,7857.50495,-7676.695914710734
2021-05-21,135288.78541666668,35354.441249999996,44221.479166666664,18959.502916666668,34807.392499999994,1945.97,26.125,76.16666666666667,26.458333333333332,0.09583333333333334,9.825000000000001,227.75,2.1508333333333334,212.77114733333335,0.0,212.77116666666666,11.5,4.0,5.0,2021.0,0.0,0.0037043324188385765,212.77485166575218,8117.327125,-7904.552273334248
2021-05-22,138695.87416666668,37664.2575,45028.97541666666,20159.91041666667,33751.041666666664,2091.6895833333333,28.566666666666666,65.625,13.333333333333334,0.0,6.570833333333333,265.125,2.6166666666666667,199.101564875,0.0,199.10154166666666,11.5,5.0,5.0,2021.0,1.0,0.423598022405121,199.52516289740512,8321.75245,-8122.227287102595
2021-05-23,139143.04083333333,38143.995,44696.9,20782.269583333335,33337.16583333333,2182.71125,28.46666666666667,55.875,20.625,0.0,10.145833333333334,269.3333333333333,2.971666666666667,211.93106375,0.0,211.9310416666667,11.5,6.0,5.0,2021.0,1.0,0.27963603109282104,212.2106997810928,8348.58245,-8136.371750218907
2021-05-24,145315.71125,40746.03,46983.81458333333,20124.528333333332,35338.27166666667,2123.065,28.8125,41.541666666666664,0.0,0.0,15.5875,285.25,5.215416666666667,229.44003979166666,0.0,229.43999999999997,11.5,0.0,5.0,2021.0,0.0,37.16243318472794,266.6024729763946,8718.942675,-8452.340202023604
2021-05-25,144293.09583333335,43149.837916666664,47458.63083333333,17151.694166666668,34503.40791666667,2029.5254166666666,30.108333333333334,35.458333333333336,0.0,0.0,14.795833333333333,289.2083333333333,5.162083333333333,229.27802633333332,0.0,229.27800000000002,11.5,1.0,5.0,2021.0,0.0,50.90927806355739,280.18730439689074,8657.58575,-8377.398445603108
2021-05-26,143244.07833333334,46272.37458333333,46857.31041666667,14250.751666666665,33740.0425,2123.5979166666666,30.175,35.5,0.0,0.0,8.179166666666667,286.75,3.1791666666666667,223.93533962499998,0.0,223.93529166666667,11.5,2.0,5.0,2021.0,0.0,3.501151691815272,227.43649131681525,8594.644699999999,-8367.208208683185
2021-05-27,144611.77541666667,46772.64791666667,47414.19416666666,13133.049166666666,35169.77375,2122.11125,30.1875,43.875,0.0,0.0,6.766666666666667,287.0833333333333,2.5716666666666668,221.91513508333333,0.0,221.91516666666666,11.5,3.0,5.0,2021.0,0.0,0.03942529721079102,221.9545603805441,8676.706525,-8454.751964619456
2021-05-28,149622.07791666666,46815.355416666665,48192.802083333336,15196.590833333334,37190.13625,2227.1925,30.383333333333336,59.083333333333336,0.7916666666666666,0.0,13.200000000000001,279.4583333333333,3.4995833333333333,217.48883166666667,0.0,217.48883333333333,11.5,4.0,5.0,2021.0,0.0,5.309228909465021,222.7980605761317,8977.324675,-8754.526614423869
2021-05-29,153891.50958333333,47166.99333333334,48508.26,18065.19,37898.534166666665,2252.535,31.129166666666666,55.541666666666664,2.2916666666666665,0.0,16.895833333333332,275.375,5.32,215.35012816666665,0.0,215.35008333333334,11.5,5.0,5.0,2021.0,1.0,38.22382864654778,253.57395681321444,9233.490575,-8979.916618186786
2021-05-30,149060.20249999998,44408.77708333333,46461.68541666667,18855.670833333334,37147.450833333336,2186.6175,30.34583333333333,63.0,7.583333333333333,0.029166666666666664,11.8125,272.0833333333333,2.7291666666666665,211.92509279166666,0.0,211.92504166666666,11.5,6.0,5.0,2021.0,1.0,3.0604071216278013,214.98549991329446,8943.612149999999,-8728.626650086704
2021-05-31,154727.59541666668,47813.354583333334,47516.4975,18964.29333333333,38606.01666666667,1827.4350000000002,31.645833333333332,59.458333333333336,26.458333333333332,0.004166666666666667,8.154166666666667,237.66666666666666,1.7154166666666668,208.23746108333333,0.0,208.23754166666666,11.5,0.0,5.0,2021.0,0.0,0.010584876543209866,208.24804595987655,9283.655724999999,-9075.407679040123
2021-06-01,146633.1925,39875.479166666664,47444.28916666666,18134.856666666667,39253.62458333333,1924.944166666667,28.979166666666668,65.5,25.791666666666668,0.020833333333333332,8.674999999999999,240.125,1.6275000000000002,172.28793720833335,0.0,172.28787499999999,11.5,1.0,6.0,2021.0,0.0,0.074881630086877,172.36281883842022,8797.99155,-8625.62873116158
2021-06-02,150264.26583333334,44414.291666666664,46835.510416666664,17932.458333333332,39048.597916666666,2033.40625,29.320833333333336,64.25,33.583333333333336,0.225,6.120833333333334,267.4583333333333,1.7254166666666668,196.13733270833333,0.0,196.13729166666667,11.5,2.0,6.0,2021.0,0.0,0.0,196.13733270833333,9015.85595,-8819.718617291666
2021-06-03,150492.71666666667,45485.677083333336,46426.791666666664,20219.385416666668,36238.917916666665,2121.9466666666667,30.34583333333333,58.75,22.916666666666668,0.0,5.854166666666667,265.2083333333333,2.0729166666666665,191.72607879166665,0.0,191.726125,11.5,3.0,6.0,2021.0,0.0,0.08776594650205762,191.81384473816874,9029.563,-8837.74915526183
2021-06-04,152007.4025,47159.479166666664,46626.65625,20890.177083333332,35252.28875,2078.79875,30.40833333333333,62.083333333333336,26.375,0.0,6.045833333333333,240.66666666666666,1.5304166666666665,201.4253107083333,0.0,201.42541666666668,11.5,4.0,6.0,2021.0,0.0,0.0,201.4253107083333,9120.44415,-8919.018839291666
2021-06-05,147777.05291666667,46539.895833333336,45387.572916666664,20161.75,33916.46375,1771.3712500000001,30.895833333333332,59.458333333333336,9.875,0.004166666666666667,9.020833333333334,261.5,1.7275,196.72825045833335,0.0,196.72825,11.5,5.0,6.0,2021.0,1.0,0.0007561156835848125,196.72900657401692,8866.623174999999,-8669.894168425983
2021-06-06,144870.18875,47217.28125,44312.729166666664,19480.166666666668,32118.98875,1741.0229166666668,31.895833333333332,51.625,7.333333333333333,0.0,8.054166666666667,267.7916666666667,2.1820833333333334,197.53586154166666,0.0,197.53583333333333,11.5,6.0,6.0,2021.0,1.0,0.0029367855509830794,197.53879832721762,8692.211324999998,-8494.672526672783
2021-06-07,155899.10208333333,52301.5625,45942.114583333336,20085.84375,35793.114166666666,1776.4675,32.6875,50.333333333333336,9.291666666666666,0.0,7.820833333333333,259.5833333333333,4.275833333333334,196.10949470833336,0.0,196.10945833333332,11.5,0.0,6.0,2021.0,0.0,11.713714220393234,207.82320892872656,9353.946125,-9146.122916071274
2021-06-08,160855.44999999998,55213.87875,46898.551666666666,19805.095,36999.99833333333,1937.9275,35.07083333333333,38.75,8.708333333333334,0.0,15.5875,254.91666666666666,6.302499999999999,208.69341879166666,0.0,208.69345833333333,11.5,1.0,6.0,2021.0,0.0,93.00838100137175,301.70179979303845,9651.327,-9349.625200206961
2021-06-09,161654.84,58050.583333333336,45626.427083333336,18922.84375,36928.13125,2126.8558333333335,35.983333333333334,37.875,13.583333333333334,0.0,15.991666666666667,253.58333333333334,4.204166666666667,198.93418258333335,0.0,198.934125,11.5,2.0,6.0,2021.0,0.0,32.362266975308636,231.29644955864197,9699.2904,-9467.993950441358
2021-06-10,160686.05833333332,56586.260416666664,44676.09375,19987.1875,37187.9225,2248.59375,32.983333333333334,58.25,17.041666666666668,0.0,15.7875,247.41666666666666,2.80125,182.96498770833333,0.0,182.96495833333333,11.5,3.0,6.0,2021.0,0.0,6.693575560128029,189.65856326846134,9641.1635,-9451.504936731539
2021-06-11,156562.88125,53783.958333333336,44698.65625,19084.947916666668,36873.93541666667,2121.3820833333334,32.170833333333334,59.291666666666664,45.5,0.0,12.483333333333334,231.20833333333334,3.8358333333333334,178.18648204166666,0.0,178.1865,11.5,4.0,6.0,2021.0,0.0,6.622558699131229,184.80904074079788,9393.772875,-9208.963834259202
2021-06-12,154934.98333333334,53240.77708333333,45130.26500000001,18419.3125,35898.214583333334,2246.4162499999998,32.40416666666667,58.875,13.625,0.0,16.016666666666666,248.75,3.592916666666667,182.92574541666667,0.0,182.92579166666667,11.5,5.0,6.0,2021.0,1.0,18.084549154092365,201.01029457075902,9296.099,-9095.088705429242
2021-06-13,147156.01208333333,48200.260416666664,44072.375,18850.1875,33779.42625,2253.76125,30.758333333333336,67.16666666666667,19.833333333333332,0.3,8.054166666666667,259.3333333333333,2.5066666666666664,161.61537945833334,0.0,161.615375,11.5,6.0,6.0,2021.0,1.0,0.6880164037494284,162.30339586208277,8829.360725,-8667.057329137917
2021-06-14,156234.73916666667,53297.8125,46823.458333333336,18865.0625,35002.00875,2246.397916666667,31.366666666666664,60.625,11.5,0.0,7.908333333333334,260.3333333333333,1.7979166666666666,191.995443375,0.0,191.99541666666667,11.5,0.0,6.0,2021.0,0.0,0.20825634430727022,192.20369971930725,9374.08435,-9181.880650280693
2021-06-15,156046.33,52609.1875,46755.427083333336,18132.010416666668,36254.15125,2295.55375,30.650000000000002,63.916666666666664,31.208333333333332,0.17500000000000002,9.016666666666667,221.91666666666666,2.660833333333333,180.30655116666665,0.0,180.30654166666667,11.5,1.0,6.0,2021.0,0.0,1.4435173754000914,181.75006854206674,9362.779799999998,-9181.029731457933
2021-06-16,155168.48416666666,52033.489583333336,46333.072916666664,17724.270833333332,36781.29333333333,2296.358333333333,29.474999999999998,71.875,34.375,0.09583333333333333,8.604166666666666,206.83333333333334,1.6362500000000002,153.16825075,0.0,153.16825,11.5,2.0,6.0,2021.0,0.0,0.027594192958390485,153.1958449429584,9310.109050000001,-9156.913205057042
2021-06-17,155456.665,53795.05416666667,44699.31458333333,17327.692916666667,37345.599583333336,2289.0025,30.008333333333336,68.375,17.041666666666668,0.004166666666666667,9.154166666666667,243.0,1.8666666666666665,185.68570791666664,0.0,185.68566666666666,11.5,3.0,6.0,2021.0,0.0,7.144490169179166e-06,185.68571506115686,9327.399899999999,-9141.714184938843
2021-06-18,154901.02708333332,53645.135416666664,43127.75,17448.25,38490.840416666666,2189.0529166666665,29.329166666666666,69.5,23.708333333333332,0.02916666666666667,12.004166666666668,240.20833333333334,2.6529166666666666,173.82878674999998,0.0,173.82883333333334,11.5,4.0,6.0,2021.0,0.0,0.6930338363054411,174.52182058630544,9294.061625,-9119.539804413695
2021-06-19,151381.17375,52337.447916666664,41041.3125,17225.041666666668,38591.973333333335,2185.397916666667,28.479166666666668,72.29166666666667,23.958333333333332,0.008333333333333333,11.608333333333334,231.29166666666666,2.5524999999999998,173.612307125,0.0,173.61229166666666,11.5,5.0,6.0,2021.0,1.0,0.40421193415637874,174.01651905915637,9082.870425,-8908.853905940843
2021-06-20,147170.52791666667,50173.822916666664,39430.21875,17260.25,38176.52166666667,2129.71625,28.875,73.41666666666667,59.958333333333336,0.04583333333333334,8.833333333333334,213.625,2.0233333333333334,166.71596620833333,0.0,166.715875,11.5,6.0,6.0,2021.0,1.0,0.005506229995427508,166.72147243832876,8830.231675,-8663.51020256167
2021-06-21,159337.48416666666,54728.739583333336,42840.010416666664,18138.052083333332,41389.85083333334,2240.829166666667,30.712500000000002,64.375,16.375,0.004166666666666667,8.720833333333333,247.375,2.3141666666666665,188.26391629166665,0.0,188.26391666666666,11.5,0.0,6.0,2021.0,0.0,0.014223708276177407,188.27813999994282,9560.24905,-9371.970910000056
2021-06-22,166612.65833333333,58758.1875,44807.270833333336,18086.947916666668,42643.09458333333,2317.1575,33.50416666666667,47.875,33.208333333333336,0.0,8.725,245.20833333333334,3.127083333333333,194.27576066666666,0.0,194.27575000000002,11.5,1.0,6.0,2021.0,0.0,0.5534793095564702,194.82923997622314,9996.7595,-9801.930260023777
2021-06-23,169610.28333333333,60880.5,44952.114583333336,18963.072916666668,42477.13291666666,2337.4616666666666,34.416666666666664,43.375,19.0,0.0,7.658333333333334,249.33333333333334,1.8225,195.52178854166667,0.0,195.52175,11.5,2.0,6.0,2021.0,0.0,0.0,195.52178854166667,10176.617,-9981.095211458332
2021-06-24,166382.83666666667,59024.489583333336,44121.583333333336,19573.541666666668,41297.14,2366.0812499999997,32.5,58.458333333333336,13.5,0.0,10.591666666666667,245.25,2.17125,188.58072137500002,0.0,188.58070833333332,11.5,3.0,6.0,2021.0,0.0,4.1666666666662505e-05,188.5807630416667,9982.9702,-9794.389436958334
2021-06-25,168334.03416666665,59173.114583333336,44366.0625,19935.666666666668,42485.54833333333,2373.6433333333334,32.50833333333333,58.5,30.166666666666668,0.06666666666666667,8.770833333333334,251.29166666666666,2.6591666666666667,194.178318125,0.0,194.178375,11.5,4.0,6.0,2021.0,0.0,0.23740832190214897,194.41572644690214,10100.04205,-9905.626323553099
2021-06-26,166609.61708333335,56925.802083333336,45412.083333333336,19422.375,42497.41291666667,2351.94375,32.041666666666664,57.0,22.791666666666668,0.0,5.858333333333333,235.375,1.6845833333333333,189.09499670833335,0.0,189.09504166666667,11.5,5.0,6.0,2021.0,1.0,0.0,189.09499670833335,9996.577025,-9807.482028291666
2021-06-27,162408.04166666666,58874.75,43908.75,19482.84375,37902.1175,2239.5820833333332,33.47083333333333,54.0,15.0,0.0,9.066666666666666,245.95833333333334,1.99875,185.001471,0.0,185.00137500000002,11.5,6.0,6.0,2021.0,1.0,0.0018503657978966583,185.0033213657979,9744.4825,-9559.479178634201
2021-06-28,167127.58791666667,63321.1875,43204.0,20813.927083333332,37505.956666666665,2282.515,34.329166666666666,48.916666666666664,9.083333333333334,0.0,7.25,263.8333333333333,1.2766666666666666,198.696665625,0.0,198.6966666666667,11.5,0.0,6.0,2021.0,0.0,0.0,198.696665625,10027.655275,-9828.958609374999
2021-06-29,177565.75166666668,65234.291666666664,46877.84375,20132.333333333332,43130.56791666667,2190.7145833333334,36.175000000000004,37.833333333333336,1.7916666666666667,0.0,11.458333333333334,282.0833333333333,4.0275,203.74089595833334,0.0,203.74095833333334,11.5,1.0,6.0,2021.0,0.0,12.061333504801096,215.8022294631344,10653.945099999999,-10438.142870536865
2021-06-30,181122.4833333333,66363.53625,47639.152916666666,20195.24,44826.85916666666,2097.69375,36.94583333333333,29.791666666666668,39.666666666666664,0.0,18.474999999999998,266.6666666666667,5.918333333333333,199.36960145833334,0.0,199.3697083333333,11.5,2.0,6.0,2021.0,0.0,74.6892922953818,274.05889375371515,10867.349,-10593.290106246284
2021-07-01,179755.06708333336,67565.77083333333,47256.21875,19042.375,43774.74791666667,2115.9562499999997,37.045833333333334,33.041666666666664,47.291666666666664,0.0,16.604166666666668,260.0416666666667,3.518333333333333,188.44688470833333,0.0,188.44691666666665,11.5,3.0,7.0,2021.0,0.0,17.225261945587558,205.6721466539209,10785.304025,-10579.63187834608
2021-07-02,177477.4825,66771.13541666667,47978.947916666664,18807.25,41851.8425,2068.3083333333334,35.525,42.0,42.833333333333336,0.004166666666666667,14.7875,250.04166666666666,3.995416666666667,191.66758687499998,0.0,191.66762500000002,11.5,4.0,7.0,2021.0,0.0,20.218141232281663,211.88572810728166,10648.64895,-10436.763221892717
2021-07-03,174806.58416666664,61142.760416666664,49441.53125,20047.208333333332,42047.39125,2127.693333333333,33.324999999999996,50.25,54.583333333333336,0.0,10.854166666666666,200.25,2.549583333333333,184.12835420833335,0.0,184.128375,11.5,5.0,7.0,2021.0,1.0,0.050693244170095984,184.17904745250345,10488.39505,-10304.216002547497
2021-07-04,173685.13416666668,62285.53125,49198.052083333336,20164.5,39896.68625,2140.3641666666667,34.199999999999996,48.333333333333336,33.583333333333336,0.0,7.858333333333333,254.04166666666666,1.6425,190.92285833333332,0.0,190.92287499999998,11.5,6.0,7.0,2021.0,1.0,0.0,190.92285833333332,10421.10805,-10230.185191666666
2021-07-05,179956.12791666668,65224.010416666664,51892.239583333336,20369.96875,40231.09291666667,2238.8166666666666,34.708333333333336,45.625,36.541666666666664,0.0,8.295833333333333,243.79166666666666,2.5616666666666665,191.837547,0.0,191.8375,11.5,0.0,7.0,2021.0,0.0,0.3051529492455418,192.14269994924553,10797.367675,-10605.224975050754
2021-07-06,182824.73458333334,67662.09375,51640.729166666664,21294.572916666668,39880.34416666667,2346.9945833333336,35.24583333333333,44.625,17.291666666666668,0.0,11.858333333333334,239.95833333333334,3.10125,174.42517483333333,0.0,174.42512499999998,11.5,1.0,7.0,2021.0,0.0,0.49144901691815274,174.91662385025145,10969.484075,-10794.567451149747
2021-07-07,186703.8125,68852.08416666667,53723.864166666666,20654.045000000002,41227.45125,2246.3654166666665,36.233333333333334,39.75,26.208333333333332,0.0,11.1875,249.08333333333334,3.8249999999999997,192.51415483333335,0.0,192.51408333333333,11.5,2.0,7.0,2021.0,0.0,6.3554443301326025,198.86959916346595,11202.22875,-11003.359150836533
2021-07-08,180818.34375,67955.56583333334,51333.33666666667,19931.2025,39282.14333333333,2316.095,36.020833333333336,39.125,53.541666666666664,0.0,13.241666666666667,241.125,2.3279166666666664,170.56726704166667,0.0,170.56720833333335,11.5,3.0,7.0,2021.0,0.0,0.3591939300411522,170.92646097170783,10849.100625,-10678.174164028293
2021-07-09,178432.865,66465.8625,50162.4675,20817.44125,38589.30541666667,2397.7912499999998,33.18333333333333,57.708333333333336,41.958333333333336,0.008333333333333333,13.375,240.875,2.8229166666666665,181.05297241666668,0.0,181.05295833333332,11.5,4.0,7.0,2021.0,0.0,0.5508884887974392,181.6038609054641,10705.971899999999,-10524.368039094536
2021-07-10,176826.34416666665,67577.29958333333,49114.386666666665,21251.637916666667,36589.50208333333,2293.5154166666666,33.583333333333336,57.5,31.791666666666668,0.049999999999999996,10.691666666666668,247.95833333333334,3.4879166666666666,174.31722395833333,0.0,174.31720833333335,11.5,5.0,7.0,2021.0,1.0,0.709757887517147,175.0269818458505,10609.58065,-10434.553668154149
2021-07-11,166454.54583333334,64187.06333333333,46087.332083333335,20312.474166666667,33588.81,2278.86375,32.15416666666667,64.45833333333333,72.54166666666667,0.08333333333333333,17.5125,220.70833333333334,5.605,164.58796925,0.0,164.588,11.5,6.0,7.0,2021.0,1.0,35.96976268861454,200.55773193861452,9987.27275,-9786.715018061384
2021-07-12,165529.35333333333,61418.57083333333,45221.559166666666,20875.915833333333,35670.441249999996,2342.86875,30.516666666666666,69.20833333333333,78.20833333333333,0.20416666666666664,18.604166666666668,202.04166666666666,4.6137500000000005,158.03000541666668,0.0,158.02995833333333,11.5,0.0,7.0,2021.0,0.0,22.200945244627345,180.23095066129403,9931.761199999999,-9751.530249338704
2021-07-13,166124.44041666665,60126.69166666667,46405.30583333334,20874.73083333333,36444.30416666667,2273.40625,29.991666666666664,76.29166666666667,79.33333333333333,0.22083333333333333,11.6875,164.04166666666666,3.7558333333333334,100.54032647083334,0.0,100.54033333333332,11.5,1.0,7.0,2021.0,0.0,0.8745645861911293,101.41489105702446,9967.466425,-9866.051533942975
2021-07-14,164185.8575,58162.56125,46678.30458333334,21200.99,35887.354583333334,2256.6441666666665,29.333333333333332,81.0,95.45833333333333,0.39166666666666666,11.108333333333334,167.375,3.98,116.75166154166668,0.0,116.75166666666667,11.5,2.0,7.0,2021.0,0.0,4.74153886602652,121.49320040769318,9851.15145,-9729.658249592307
2021-07-15,166568.50958333333,59882.854166666664,48123.06208333333,21581.325833333332,34715.03875,2266.2295833333333,30.71666666666667,75.125,81.20833333333333,0.10416666666666667,11.729166666666666,217.08333333333334,4.5720833333333335,157.89317937500002,0.0,157.89320833333332,11.5,3.0,7.0,2021.0,0.0,9.17647970964792,167.06965908464792,9994.110575,-9827.040915915351
2021-07-16,173032.41791666666,63977.854166666664,48290.69541666666,22252.007083333334,36226.00916666666,2285.852083333333,31.0125,74.375,52.125,0.15833333333333333,10.887500000000001,230.54166666666666,3.4266666666666663,173.45002158333332,0.0,173.44995833333334,11.5,4.0,7.0,2021.0,0.0,1.2491817558299037,174.69920333916323,10381.945075,-10207.245871660836
2021-07-17,175201.60791666666,65457.942500000005,49229.80541666667,21950.336666666666,36348.31291666667,2215.2133333333336,32.708333333333336,67.08333333333333,65.66666666666667,0.029166666666666664,7.358333333333333,252.58333333333334,2.0279166666666666,166.61434766666667,0.0,166.61441666666664,11.5,5.0,7.0,2021.0,1.0,0.00045730452674896596,166.61480497119342,10512.096475,-10345.481670028807
2021-07-18,162238.60624999998,59413.82958333333,46231.77916666667,20933.884583333333,33432.4925,2226.6208333333334,30.2,80.875,99.83333333333333,1.0375,8.779166666666667,147.91666666666666,2.71625,123.70464354166667,0.0,123.70466666666665,11.5,6.0,7.0,2021.0,1.0,0.4877809213534523,124.19242446302012,9734.316375,-9610.12395053698
2021-07-19,159159.57125,53168.815833333334,46368.52416666667,21780.384166666667,35560.29,2281.5583333333334,26.3,95.83333333333333,99.83333333333333,5.1125,6.7749999999999995,19.666666666666668,2.9291666666666667,12.498774683333332,0.0,12.498791666666667,11.5,0.0,7.0,2021.0,0.0,1.5889602766346593,14.087734959967994,9549.574275,-9535.486540040032
2021-07-20,155820.19666666666,50251.482500000006,45539.982500000006,20957.337083333332,36669.53083333333,2401.8616666666667,27.775000000000002,87.70833333333333,94.5,1.1375,3.920833333333334,165.70833333333334,1.90125,110.39678091666667,0.0,110.39675,11.5,1.0,7.0,2021.0,0.0,0.0,110.39678091666667,9349.2118,-9238.815019083333
2021-07-21,153978.155,51902.18,43925.668333333335,21239.547916666666,34470.42166666667,2440.3383333333336,28.795833333333334,84.91666666666667,63.916666666666664,0.22083333333333333,6.683333333333334,226.25,1.8225,155.96117,0.0,155.96120833333333,11.5,2.0,7.0,2021.0,0.0,0.0,155.96117,9238.6893,-9082.72813
2021-07-22,156582.3475,55065.99958333333,44518.595,21518.478333333333,33102.72416666667,2376.5499999999997,28.041666666666668,87.08333333333333,81.08333333333333,0.21250000000000002,9.066666666666666,198.41666666666666,2.146666666666667,154.51933157083332,0.0,154.51929166666665,11.5,3.0,7.0,2021.0,0.0,9.88225880201125e-05,154.51943039342135,9394.940849999999,-9240.421419606579
2021-07-23,160825.43166666667,57649.700000000004,45528.65833333333,21173.965416666666,34159.98666666667,2313.1229166666667,28.895833333333332,85.04166666666667,73.625,0.24166666666666667,9.141666666666667,221.33333333333334,1.82125,118.15018330833334,0.0,118.150125,11.5,4.0,7.0,2021.0,0.0,0.0,118.15018330833334,9649.525899999999,-9531.375716691668
2021-07-24,161189.84916666665,59165.419583333336,43711.17791666667,20574.407916666667,35342.46208333333,2396.3816666666667,30.2375,81.66666666666667,40.833333333333336,0.029166666666666664,5.854166666666667,244.45833333333334,1.6900000000000002,172.05771891666666,0.0,172.05770833333335,11.5,5.0,7.0,2021.0,1.0,0.0,172.05771891666666,9671.390949999999,-9499.333231083334
2021-07-25,159581.34375,59911.43958333333,41116.181666666664,21459.210416666665,34738.472083333334,2356.039166666667,30.90833333333333,77.54166666666667,36.375,0.0,7.779166666666666,254.08333333333334,2.40625,178.12840616666665,0.0,178.128375,11.5,6.0,7.0,2021.0,1.0,1.600365797896628e-06,178.12840776703248,9574.880625,-9396.752217232968
2021-07-26,165430.42916666667,61142.93958333333,42265.175416666665,22179.281666666666,37420.682916666665,2422.34875,29.008333333333336,84.91666666666667,99.20833333333333,0.2041666666666667,8.279166666666667,96.29166666666667,1.7616666666666667,78.50971608333333,0.0,78.50975,11.5,0.0,7.0,2021.0,0.0,0.020622599451303143,78.53033868278463,9925.82575,-9847.295411317215
2021-07-27,163592.98833333334,57198.2075,42513.793750000004,21644.76916666667,39827.18,2409.0366666666664,28.233333333333334,88.875,87.5,0.5875,8.15,159.33333333333334,2.3158333333333334,58.550480854166665,0.0,58.55041666666667,11.5,1.0,7.0,2021.0,0.0,0.01197999542752628,58.562460849594196,9815.5793,-9757.016839150407
2021-07-28,153350.37041666667,47527.62208333333,41883.03208333333,20737.314583333333,40855.01416666667,2347.3849999999998,27.170833333333334,90.16666666666667,100.0,0.7791666666666667,8.174999999999999,79.5,1.5395833333333335,42.7929219,0.0,42.79291666666666,11.5,2.0,7.0,2021.0,0.0,0.018226794695930505,42.81114869469593,9201.022224999999,-9158.211076305304
2021-07-29,153709.2125,47615.58375,42509.47625,19776.952083333334,41588.027916666666,2219.172916666667,27.379166666666666,88.45833333333333,88.16666666666667,0.34166666666666673,5.945833333333333,148.45833333333334,1.4075,69.61619215,0.0,69.61616666666667,11.5,3.0,7.0,2021.0,0.0,0.0,69.61619215,9222.55275,-9152.93655785
2021-07-30,153169.53041666668,48464.06541666667,42543.61958333333,17901.94958333333,42002.82833333333,2257.0666666666666,27.325,88.95833333333333,91.33333333333333,0.4583333333333333,7.375,136.29166666666666,2.084166666666667,71.47375679166667,0.0,71.47370833333333,11.5,4.0,7.0,2021.0,0.0,0.0,71.47375679166667,9190.171825,-9118.698068208332
2021-07-31,153589.62708333333,49835.206249999996,42176.05375,17641.0225,41676.03,2261.31375,28.212500000000002,86.54166666666667,63.875,0.1375,9.279166666666667,176.375,2.50875,120.93305367916666,0.0,120.93304166666667,11.5,5.0,7.0,2021.0,1.0,1.4109130658436217,122.34396674501028,9215.377625,-9093.03365825499
2021-08-01,148425.2675,46971.04041666666,40400.307916666665,19054.1125,39819.52875,2180.2758333333336,29.120833333333334,82.91666666666667,72.41666666666667,0.0375,6.2124999999999995,201.91666666666666,1.7341666666666666,155.86910904166666,0.0,155.86904166666667,11.5,6.0,8.0,2021.0,1.0,0.0,155.86910904166666,8905.51605,-8749.646940958333
2021-08-02,158278.81083333332,51086.894583333335,41962.277083333334,20131.85875,42815.56416666667,2282.215833333333,27.758333333333336,88.33333333333333,97.70833333333333,1.0708333333333333,5.854166666666667,123.75,1.9604166666666665,110.95800966666667,0.0,110.95804166666666,11.5,0.0,8.0,2021.0,0.0,0.0,110.95800966666667,9496.72865,-9385.770640333334
2021-08-03,162355.04083333333,52415.94375,43418.692083333335,20540.522916666665,43585.074583333335,2394.804583333333,28.620833333333334,84.875,65.375,0.3416666666666666,10.987499999999999,209.45833333333334,3.2741666666666664,163.95175345833334,0.0,163.95175,11.5,1.0,8.0,2021.0,0.0,1.3901044238683122,165.34185788220165,9741.30245,-9575.960592117799
2021-08-04,165866.46166666667,54307.114166666666,45046.26500000001,19939.405416666665,44182.9175,2390.7575,28.75,78.25,31.916666666666668,0.0,11.854166666666666,228.58333333333334,3.0216666666666665,181.59784541666667,0.0,181.59783333333334,11.5,2.0,8.0,2021.0,0.0,1.9893713991769548,183.58721681584362,9951.9877,-9768.400483184156
2021-08-05,170213.17583333334,55685.802083333336,46863.95166666667,20445.155416666665,44792.27291666667,2425.9929166666666,29.175,78.95833333333333,24.875,0.012499999999999999,5.7124999999999995,251.25,1.835,154.96664305416667,0.0,154.96666666666667,11.5,3.0,8.0,2021.0,0.0,0.0012869798811156752,154.96793003404778,10212.79055,-10057.822619965953
2021-08-06,173110.37625,57207.11875,48323.58458333334,20811.383333333335,44465.91416666666,2302.3725,29.683333333333334,81.125,67.45833333333333,0.08333333333333333,4.566666666666666,225.16666666666666,1.9704166666666667,182.42601741666667,0.0,182.42600000000002,11.5,4.0,8.0,2021.0,0.0,0.0,182.42601741666667,10386.622575,-10204.196557583333
2021-08-07,174857.915,57559.85208333333,50479.145,20480.85125,44088.51833333333,2249.5470833333334,28.77916666666667,86.70833333333333,76.75,0.3541666666666667,3.8791666666666664,166.25,1.5975000000000001,123.342518675,0.0,123.34258333333332,11.5,5.0,8.0,2021.0,1.0,0.008732967535436663,123.35125164253543,10491.4749,-10368.123648357465
2021-08-08,169226.15833333333,54936.4625,49994.24958333333,19585.30083333333,42468.9075,2241.23625,28.27916666666667,88.66666666666667,88.70833333333333,0.7124999999999999,4.45,169.83333333333334,0.7604166666666666,152.2508832791667,0.0,152.25095833333333,11.5,6.0,8.0,2021.0,1.0,0.0,152.2508832791667,10153.5695,-10001.318616720833
2021-08-09,174616.42833333334,55457.612499999996,51739.22875,20550.005,44536.20041666667,2333.3816666666667,28.208333333333332,87.33333333333333,95.58333333333333,0.13333333333333333,5.3,139.79166666666666,1.52375,167.72369191666667,0.0,167.72366666666667,11.5,0.0,8.0,2021.0,0.0,0.0,167.72369191666667,10476.9857,-10309.262008083333
2021-08-10,178166.17541666667,57860.963749999995,52362.88291666666,21137.01166666667,44435.486666666664,2369.8325,29.895833333333332,76.91666666666667,47.916666666666664,0.02916666666666667,10.258333333333333,235.33333333333334,3.045833333333333,199.27735001250002,0.0,199.277375,11.5,1.0,8.0,2021.0,0.0,2.140879172382259,201.41822918488228,10689.970524999999,-10488.552295815118
2021-08-11,180265.18708333335,59789.32208333333,52323.330416666664,21125.99541666667,44636.24083333334,2390.297916666667,30.520833333333332,64.25,10.666666666666666,0.0,15.85,273.9583333333333,3.578333333333333,213.29239927499998,0.0,213.29241666666667,11.5,2.0,8.0,2021.0,0.0,5.923007601737541,219.21540687673755,10815.911225,-10596.695818123262
2021-08-12,181999.93916666668,61078.369999999995,53309.776249999995,20817.767083333336,44395.66291666666,2398.36,30.25,66.0,20.083333333333332,0.0,12.75,270.9166666666667,2.870416666666667,205.738267875,0.0,205.73833333333334,11.5,3.0,8.0,2021.0,0.0,0.7751999314128944,206.5134678064129,10919.99635,-10713.482882193586
2021-08-13,183334.0429166667,62887.379583333335,53638.65083333334,20917.4775,43530.45375,2360.079166666667,30.604166666666668,64.66666666666667,21.208333333333332,0.0,12.516666666666666,257.5416666666667,3.140416666666667,198.64225329166666,0.0,198.64225,11.5,4.0,8.0,2021.0,0.0,0.43283681984453587,199.07509011151123,11000.042575,-10800.967484888488
2021-08-14,182920.7775,63429.925416666665,53442.36708333334,21147.061250000002,42585.427083333336,2315.99625,30.629166666666666,63.458333333333336,19.25,0.0,14.020833333333334,261.6666666666667,3.79875,194.08261016666665,0.0,194.08254166666666,11.5,5.0,8.0,2021.0,1.0,6.737494170096021,200.82010433676268,10975.246650000001,-10774.426545663237
2021-08-15,175205.04958333334,62275.2425,50449.27125,20708.951250000002,39524.15666666667,2247.4270833333335,30.429166666666664,63.875,13.208333333333334,0.0,10.3375,265.0833333333333,2.4475,200.61314339166665,0.0,200.613125,11.5,6.0,8.0,2021.0,1.0,0.35654166666666653,200.96968505833334,10512.302975,-10311.333289941665
2021-08-16,179661.24750000003,64202.99,52523.52166666667,20974.2525,39665.090000000004,2295.3929166666667,30.433333333333334,65.75,9.458333333333334,0.0,7.908333333333334,261.625,1.7370833333333333,201.41421708333334,0.0,201.41420833333333,11.5,0.0,8.0,2021.0,0.0,0.0,201.41421708333334,10779.67485,-10578.260632916667
2021-08-17,181649.62875,66978.50916666667,52360.30958333333,20840.614166666666,39182.585,2287.6116666666667,31.2,65.625,15.416666666666666,0.0,7.4750000000000005,264.0833333333333,1.7975,198.2183837625,0.0,198.218375,11.5,1.0,8.0,2021.0,0.0,0.007818244170096012,198.2262020066701,10898.977724999999,-10700.751522993329
2021-08-18,180443.87416666665,68302.015,49596.73166666667,20840.145416666666,39400.06416666667,2304.9166666666665,31.22083333333333,66.54166666666667,24.958333333333332,0.0,6.220833333333334,264.875,2.0104166666666665,197.0462199875,0.0,197.046125,11.5,2.0,8.0,2021.0,0.0,0.006807670324645621,197.05302765782463,10826.63245,-10629.579422342174
2021-08-19,179682.06999999998,67503.04541666668,48700.57375,20666.13708333333,40510.284583333334,2302.0270833333334,30.837500000000002,73.83333333333333,86.41666666666667,0.020833333333333332,7.0375000000000005,229.41666666666666,2.7616666666666667,182.164953775,0.0,182.165,11.5,3.0,8.0,2021.0,0.0,0.006787608596250553,182.17174138359624,10780.9242,-10598.752458616404
2021-08-20,173188.72583333333,61422.878333333334,48130.80875,19903.680416666666,41454.097083333334,2277.2599999999998,27.854166666666668,86.54166666666667,99.66666666666667,0.08333333333333333,12.045833333333334,100.0,3.623333333333333,81.10177755416667,0.0,81.10179166666667,11.5,4.0,8.0,2021.0,0.0,2.3816933013260178,83.48347085549268,10391.32355,-10307.840079144507
2021-08-21,166097.23541666666,55691.45041666667,47483.457083333335,20389.280416666665,40156.659583333334,2376.3875000000003,26.708333333333332,91.0,95.08333333333333,1.2625,11.720833333333333,129.20833333333334,3.1366666666666667,59.818270655,0.0,59.81816666666666,11.5,5.0,8.0,2021.0,1.0,1.1134561042524005,60.9317267592524,9965.834125,-9904.902398240747
2021-08-22,154555.00208333333,50208.692500000005,44000.68458333333,20508.515,37562.982083333336,2274.1233333333334,27.616666666666664,88.375,86.91666666666667,0.4083333333333334,9.354166666666666,180.41666666666666,3.249166666666667,120.64957613333333,0.0,120.64958333333334,11.5,6.0,8.0,2021.0,1.0,1.480387745770462,122.1299638791038,9273.300125,-9151.170161120896
2021-08-23,164209.51666666666,53543.35833333334,47973.3175,20650.065833333334,39813.23416666667,2229.5408333333335,28.504166666666666,86.70833333333333,66.54166666666667,0.24583333333333335,5.845833333333334,188.79166666666666,1.14,163.39228629166666,0.0,163.39233333333334,11.5,0.0,8.0,2021.0,0.0,1.5432098765431797e-06,163.39228783487656,9852.571,-9689.178712165123
2021-08-24,173020.73750000002,57547.24708333333,50374.90583333333,21036.732083333332,41763.16958333333,2298.6858333333334,29.0,87.08333333333333,98.91666666666667,0.08750000000000001,4.691666666666667,177.66666666666666,1.9133333333333333,101.56363209166666,0.0,101.56358333333333,11.5,1.0,8.0,2021.0,0.0,0.0,101.56363209166666,10381.24425,-10279.680617908332
2021-08-25,175904.04416666666,58578.99375,51474.77166666667,21115.884583333333,42415.345,2319.0525000000002,30.416666666666668,68.29166666666667,34.958333333333336,0.0,15.233333333333334,271.5,4.0633333333333335,206.87069082916665,0.0,206.87062500000002,11.5,2.0,8.0,2021.0,0.0,6.690881515775035,213.5615723449417,10554.24265,-10340.681077655057
2021-08-26,174693.67541666667,58623.30833333333,51662.4125,20988.29,41103.56041666667,2316.1058333333335,29.729166666666668,66.95833333333333,58.291666666666664,0.0,14.729166666666666,272.3333333333333,3.4633333333333334,199.20089744583333,0.0,199.200875,11.5,3.0,8.0,2021.0,0.0,3.598229538180156,202.79912698401347,10481.620525,-10278.821398015987
2021-08-27,175977.2908333333,59766.00208333333,52993.92833333334,20388.572083333333,40594.0375,2234.7516666666666,29.670833333333334,66.83333333333333,93.54166666666667,0.0,10.183333333333334,256.0833333333333,1.9275,180.82520833333334,0.0,180.82516666666666,11.5,4.0,8.0,2021.0,0.0,0.007758116140832188,180.83296644947416,10558.63745,-10377.804483550526
2021-08-28,173347.50583333333,60270.926666666666,52587.20166666667,20011.993749999998,38232.52291666667,2244.8591666666666,29.395833333333332,74.25,49.666666666666664,0.0,7.0874999999999995,244.625,1.6720833333333334,159.992416625,0.0,159.99241666666666,11.5,5.0,8.0,2021.0,1.0,0.0,159.992416625,10400.850349999999,-10240.857933375
2021-08-29,166007.44208333333,59711.59166666667,50552.79125,19185.470833333333,34360.38958333333,2197.1991666666668,28.59166666666667,84.875,30.708333333333332,0.05416666666666667,7.8374999999999995,212.25,2.1079166666666667,160.83098066666665,0.0,160.831,11.5,6.0,8.0,2021.0,1.0,0.0,160.83098066666665,9960.446525,-9799.615544333334
2021-08-30,165516.04583333334,59339.39208333333,48763.36375,19434.976666666666,35777.515,2200.798333333333,27.454166666666666,85.70833333333333,39.166666666666664,0.05000000000000001,10.8125,192.75,2.77875,172.51140043750001,0.0,172.51137500000002,11.5,0.0,8.0,2021.0,0.0,0.05958436213991769,172.57098479963994,9930.96275,-9758.39176520036
2021-08-31,163194.97541666668,57801.45583333333,46426.72625,19407.14125,37187.25,2372.40125,27.008333333333336,86.91666666666667,62.916666666666664,0.22083333333333333,11.299999999999999,190.33333333333334,2.7424999999999997,146.61402072083334,0.0,146.61404166666668,11.5,1.0,8.0,2021.0,0.0,0.21665655006858717,146.83067727090193,9791.698525,-9644.867847729098
2021-09-01,162577.28041666668,55303.496666666666,46094.57833333333,20494.87875,38335.01833333333,2349.3075,26.40416666666667,90.16666666666667,89.625,0.4458333333333333,9.1625,160.16666666666666,3.4891666666666663,60.18203954,0.0,60.18204166666666,11.5,2.0,9.0,2021.0,0.0,2.4779926840420665,62.66003222404206,9754.636825,-9691.976792775959
2021-09-02,164200.98791666667,55743.294583333336,46838.46708333333,20781.5575,38595.97375,2241.695,27.804166666666664,87.41666666666667,74.04166666666667,0.05000000000000001,6.0,209.125,3.264583333333333,154.90802104583335,0.0,154.908,11.5,3.0,9.0,2021.0,0.0,1.568689357567444,156.47671040340077,9852.059275,-9695.582564596598
2021-09-03,163307.08375,54215.04125,47668.08375,21564.369583333333,37499.54541666667,2360.0437500000003,27.162499999999998,89.125,93.54166666666667,0.4708333333333334,6.75,178.08333333333334,3.026666666666667,144.23802910833334,0.0,144.238,11.5,4.0,9.0,2021.0,0.0,0.9775628143575678,145.2155919226909,9798.425024999999,-9653.209433077309
2021-09-04,160734.7304166667,52740.37916666667,47065.06416666667,21924.29125,36524.81875,2480.1766666666667,27.370833333333334,88.125,86.54166666666667,0.6124999999999999,4.6000000000000005,166.16666666666666,1.7304166666666667,117.60455718333333,0.0,117.60454166666666,11.5,5.0,9.0,2021.0,1.0,1.600365797896628e-06,117.60455878369913,9644.083825,-9526.4792662163
2021-09-05,156577.44083333333,53502.31416666667,45293.68875,22065.360833333336,33284.087916666664,2431.985,28.21666666666667,85.75,32.75,0.15833333333333335,4.654166666666667,212.04166666666666,1.4995833333333335,150.0529766375,0.0,150.05304166666667,11.5,6.0,9.0,2021.0,1.0,0.0,150.0529766375,9394.64645,-9244.5934733625
2021-09-06,163058.3475,57982.03416666667,46963.24,21493.339583333334,34331.784583333334,2287.9491666666668,29.066666666666666,84.375,49.25,0.1708333333333333,4.8625,204.29166666666666,1.9070833333333335,176.90022273333332,0.0,176.90020833333332,11.5,0.0,9.0,2021.0,0.0,0.0,176.90022273333332,9783.50085,-9606.600627266665
2021-09-07,160280.58791666667,57538.60208333333,45623.39958333334,20084.501666666667,34829.770416666666,2204.3120833333332,28.0125,88.04166666666667,76.75,0.3166666666666667,11.116666666666667,157.70833333333334,3.8041666666666667,124.001715225,0.0,124.00170833333334,11.5,1.0,9.0,2021.0,0.0,2.4275648719707363,126.42928009697074,9616.835275,-9490.405994903029
2021-09-08,161082.11583333332,56624.34791666667,44708.04625000001,20747.103333333333,36657.72583333334,2344.889583333333,28.045833333333334,80.125,52.375,0.09583333333333333,17.316666666666666,202.91666666666666,4.5025,153.42259412500002,0.0,153.42266666666666,11.5,2.0,9.0,2021.0,0.0,28.416899919981713,181.8394940449817,9664.92695,-9483.087455955018
2021-09-09,163970.71458333332,57137.95166666667,44210.03291666667,21447.72125,38769.72416666667,2405.28375,27.7,83.75,72.79166666666667,0.18333333333333335,11.450000000000001,209.125,3.38625,137.85238850833335,0.0,137.85241666666667,11.5,3.0,9.0,2021.0,0.0,1.802775091449474,139.6551635997828,9838.242875,-9698.587711400216
2021-09-10,159225.56541666665,53878.612916666665,42301.21958333333,21907.675,38684.28208333333,2453.7720833333333,26.84583333333333,88.16666666666667,88.54166666666667,0.6916666666666668,14.341666666666667,171.54166666666666,4.558333333333334,134.10767338333332,0.0,134.10766666666666,11.5,4.0,9.0,2021.0,0.0,9.216763831732967,143.3244372150663,9553.533925,-9410.209487784932
2021-09-11,152633.94125,46756.43958333333,43113.04125,20813.951250000002,39495.07,2455.4375,25.891666666666666,90.79166666666667,98.75,0.6375000000000001,17.016666666666666,117.33333333333333,5.055416666666667,55.69664924166667,0.0,55.696625000000004,11.5,5.0,9.0,2021.0,1.0,15.742069330132601,71.43871857179927,9158.036474999999,-9086.5977564282
2021-09-12,147188.32208333333,43991.324166666665,42459.90666666667,20090.97875,38148.65666666667,2497.4566666666665,26.479166666666668,90.75,94.83333333333333,0.26666666666666666,8.533333333333333,88.875,2.9579166666666663,97.8035015125,0.0,97.8035,11.5,6.0,9.0,2021.0,1.0,1.0963533379058072,98.8998548504058,8831.299325,-8732.399470149594
2021-09-13,152613.12666666668,46837.6325,43644.244166666664,19324.80875,40287.625,2518.8158333333336,27.666666666666668,87.91666666666667,72.625,0.325,6.2625,170.70833333333334,2.8983333333333334,123.93442746250001,0.0,123.93441666666666,11.5,0.0,9.0,2021.0,0.0,0.05078680841335159,123.98521427091335,9156.7876,-9032.802385729086
2021-09-14,151396.30666666667,46740.49541666667,43012.19708333333,17827.310833333333,41252.395833333336,2563.905416666667,27.962500000000002,83.54166666666667,52.416666666666664,0.012499999999999999,9.8375,114.45833333333333,3.13625,167.10357950833333,0.0,167.10366666666667,11.5,1.0,9.0,2021.0,0.0,0.4117654320987653,167.5153449404321,9083.7784,-8916.263055059568
2021-09-15,153685.38791666666,46961.15458333333,43014.739166666666,17951.900833333333,43223.01375,2534.5775,28.4375,76.58333333333333,19.083333333333332,0.0,10.549999999999999,236.91666666666666,3.515,180.39585526250002,0.0,180.39583333333334,11.5,2.0,9.0,2021.0,0.0,1.7801538637402834,182.17600912624027,9221.123275,-9038.94726587376
2021-09-16,154540.35916666666,45405.65875,43363.464166666665,19243.55125,44197.2875,2330.397916666667,27.954166666666666,77.29166666666667,39.291666666666664,0.1708333333333333,13.275,215.33333333333334,2.955833333333333,140.70352164166667,0.0,140.70354166666667,11.5,3.0,9.0,2021.0,0.0,0.4526427754915408,141.1561644171582,9272.42155,-9131.265385582841
2021-09-17,154507.98625,45187.72083333333,42915.53875,19019.001666666667,45256.59166666667,2129.13125,26.808333333333334,75.5,45.416666666666664,0.0625,15.895833333333334,131.5,3.57375,122.52258265,0.0,122.52266666666667,11.5,4.0,9.0,2021.0,0.0,6.552521490626429,129.07510414062642,9270.479174999999,-9141.404070859373
2021-09-18,158905.69041666665,48726.31958333333,44016.276666666665,19399.470833333333,44676.61958333334,2087.0041666666666,27.3875,80.125,32.0,0.004166666666666667,12.5875,182.625,3.700416666666667,181.28966063333334,0.0,181.28975,11.5,5.0,9.0,2021.0,1.0,4.783665409236396,186.07332604256973,9534.341425,-9348.26809895743
2021-09-19,159171.93166666667,50930.12291666667,43474.348333333335,19892.065,42672.65625,2202.7366666666667,28.150000000000002,80.75,8.25,0.012500000000000002,9.487499999999999,218.16666666666666,2.99375,171.20034425833333,0.0,171.20029166666666,11.5,6.0,9.0,2021.0,1.0,1.913355967078189,173.11370022541152,9550.3159,-9377.202199774589
2021-09-20,165305.00583333333,54619.815833333334,45544.22375,19640.565416666668,43144.92875,2355.4704166666666,28.325,81.08333333333333,11.25,0.02916666666666667,7.7,213.625,2.9075,179.04343129166668,0.0,179.0435,11.5,0.0,9.0,2021.0,0.0,0.2417345679012345,179.28516585956788,9918.30035,-9739.015184140431
2021-09-21,162853.71333333335,53513.05541666667,45739.13458333333,19634.36625,41690.095,2277.059583333333,28.016666666666666,82.95833333333333,30.833333333333332,0.07083333333333335,8.541666666666666,188.66666666666666,3.0679166666666666,165.65047461916666,0.0,165.65054166666667,11.5,1.0,9.0,2021.0,0.0,1.5493051554641062,167.19977977463077,9771.2228,-9604.023020225368
2021-09-22,156635.96,48331.065833333334,45661.635833333334,19330.193333333333,41042.75875,2270.305,26.45,90.0,87.125,0.7208333333333333,10.241666666666667,157.29166666666666,3.3925,103.29890958833333,0.0,103.29883333333333,11.5,2.0,9.0,2021.0,0.0,0.33920267489711925,103.63811226323044,9398.1576,-9294.51948773677
2021-09-23,154107.73124999998,44749.2175,45963.8375,19765.23083333333,41147.314999999995,2482.1295833333334,26.670833333333334,88.54166666666667,71.41666666666667,0.26666666666666666,9.641666666666667,171.58333333333334,3.2983333333333333,151.16037387916666,0.0,151.16037500000002,11.5,3.0,9.0,2021.0,0.0,0.9054784522176496,152.06585233138432,9246.463875,-9094.398022668616
2021-09-24,154323.25208333333,44013.432916666665,45852.1525,20604.077083333334,41356.707083333335,2496.88375,26.974999999999998,84.75,48.75,0.08750000000000001,8.554166666666667,189.16666666666666,2.2062500000000003,146.8931094375,0.0,146.893125,11.5,4.0,9.0,2021.0,0.0,0.021204046639231807,146.91431348413923,9259.395125000001,-9112.480811515861
2021-09-25,156480.81041666667,45397.40083333334,45854.64000000001,21173.37875,41592.42,2462.967916666667,27.208333333333332,85.66666666666667,29.0,0.08750000000000001,6.95,199.08333333333334,2.27,188.01314240208333,0.0,188.01316666666665,11.5,5.0,9.0,2021.0,1.0,0.0,188.01314240208333,9388.848625,-9200.835482597917
2021-09-26,150742.20416666666,45352.28791666666,44191.07375,20520.859166666665,38302.903333333335,2375.0775,26.829166666666666,85.29166666666667,34.625,0.0625,9.308333333333334,169.875,2.7624999999999997,151.84711342333335,0.0,151.847125,11.5,6.0,9.0,2021.0,1.0,0.12217346822130769,151.96928689155465,9044.532249999998,-8892.562963108445
2021-09-27,153832.7875,48741.739166666666,44956.630000000005,20378.306666666667,37367.13333333333,2388.9754166666667,28.150000000000002,81.04166666666667,16.416666666666668,0.008333333333333333,5.733333333333333,209.0,2.4841666666666664,184.58053695208332,0.0,184.58054166666668,11.5,0.0,9.0,2021.0,0.0,0.006835448102423408,184.58737240018579,9229.96725,-9045.379877599813
2021-09-28,154942.51208333333,50552.78,44437.03708333333,19574.797916666666,38082.62416666667,2295.2712500000002,28.162499999999998,81.70833333333333,34.541666666666664,0.07083333333333333,10.275,187.875,3.56375,185.42565599374998,0.0,185.42566666666667,11.5,1.0,9.0,2021.0,0.0,0.8936782121627805,186.31933420591278,9296.550725,-9110.231390794086
2021-09-29,157076.35,52050.9275,44030.715,18732.065416666668,40008.13625,2254.5066666666667,28.179166666666664,79.83333333333333,9.5,0.008333333333333333,11.791666666666666,207.41666666666666,3.752083333333333,190.927256105,0.0,190.92720833333337,11.5,2.0,9.0,2021.0,0.0,6.948743084133516,197.8759991891335,9424.581,-9226.705000810865
2021-09-30,159695.89583333334,52744.197916666664,45004.565,18244.819166666664,41330.825833333336,2371.48625,28.258333333333336,81.79166666666667,16.958333333333332,0.02916666666666667,6.470833333333334,204.29166666666666,2.68625,182.99577869375,0.0,182.99570833333334,11.5,3.0,9.0,2021.0,0.0,0.4796962734339278,183.4754749671839,9581.75375,-9398.278275032815
2021-10-01,158818.88,51605.6775,45568.03125,18354.944583333334,40858.86041666667,2431.367083333333,28.604166666666668,82.125,17.25,0.008333333333333333,3.795833333333333,200.25,1.4766666666666666,178.96371695999997,0.0,178.96370833333333,11.5,4.0,10.0,2021.0,0.0,0.0,178.96371695999997,9529.1328,-9350.169083039998
2021-10-02,151557.95625000002,48119.15916666667,45010.93541666667,18529.835833333334,37590.77125,2307.2566666666667,28.954166666666666,76.875,12.541666666666666,0.008333333333333333,7.566666666666666,211.41666666666666,1.4262500000000002,174.16601404999997,0.0,174.16608333333332,11.5,5.0,10.0,2021.0,1.0,0.0,174.16601404999997,9093.477375,-8919.31136095
2021-10-03,150313.125,48612.32125,45230.56125,17926.861249999998,36454.43125,2088.94875,29.104166666666668,73.95833333333333,9.75,0.0,10.141666666666667,204.66666666666666,2.2916666666666665,186.42502862291667,0.0,186.42508333333333,11.5,6.0,10.0,2021.0,1.0,0.4415702446273435,186.866598867544,9018.7875,-8831.920901132455
2021-10-04,158192.71166666667,50491.37375,47384.31666666667,18574.818750000002,39636.0725,2106.127916666667,28.954166666666666,70.25,16.541666666666668,0.004166666666666667,7.2,197.04166666666666,1.7554166666666664,194.14663139083333,0.0,194.14666666666665,11.5,0.0,10.0,2021.0,0.0,0.0,194.14663139083333,9491.5627,-9297.416068609167
2021-10-05,158369.26,50063.11833333334,47170.60208333333,19514.43375,39432.75833333333,2188.3454166666666,28.40416666666667,76.79166666666667,23.041666666666668,0.09583333333333333,5.070833333333334,195.875,2.089166666666667,163.39862565541668,0.0,163.398625,11.5,1.0,10.0,2021.0,0.0,0.02393878600823046,163.4225644414249,9502.1556,-9338.733035558575
2021-10-06,159135.54791666666,50430.40458333333,47849.14875,20066.345416666667,38446.22,2343.4283333333333,28.40833333333333,75.41666666666667,9.666666666666666,0.004166666666666667,5.845833333333334,201.33333333333334,1.9887499999999998,191.37007819104167,0.0,191.370125,11.5,2.0,10.0,2021.0,0.0,0.0002341106538637375,191.37031230169552,9548.132875,-9356.762562698304
2021-10-07,161041.05875,49788.92833333334,48927.23708333333,20462.067916666667,39451.83416666667,2410.9904166666665,27.287499999999998,71.25,1.3333333333333333,0.0,8.383333333333333,222.125,1.8770833333333332,210.977825978125,0.0,210.97783333333334,11.5,3.0,10.0,2021.0,0.0,0.1277984110653864,211.1056243891904,9662.463525,-9451.35790061081
2021-10-08,161495.20833333334,49716.025833333326,49131.75541666666,20439.357500000002,39740.5225,2467.545833333333,27.90416666666667,66.08333333333333,0.08333333333333333,0.0,8.666666666666666,220.58333333333334,1.8483333333333334,214.21333875000002,0.0,214.213375,11.5,4.0,10.0,2021.0,0.0,0.00026897576588934166,214.21360772576588,9689.7125,-9475.498892274234
2021-10-09,159137.53875,49850.47666666666,48684.28166666667,20776.454166666666,37366.27125,2460.0533333333333,28.53333333333333,61.583333333333336,0.041666666666666664,0.0,8.520833333333334,219.66666666666666,2.0429166666666667,214.03961941666668,0.0,214.03958333333333,11.5,5.0,10.0,2021.0,1.0,0.0005864769090077708,214.0402058935757,9548.252325,-9334.212119106423
2021-10-10,156094.19166666668,50357.674166666664,47575.28166666667,20527.524166666666,35250.62625,2383.0866666666666,28.304166666666664,62.833333333333336,1.375,0.0,7.095833333333332,216.16666666666666,1.87375,210.90626895833336,0.0,210.90625,11.5,6.0,10.0,2021.0,1.0,0.0,210.90626895833336,9365.6515,-9154.745231041667
2021-10-11,161073.12291666667,50830.03375,49177.00708333333,20838.576666666664,37735.37541666667,2492.1283333333336,28.0,60.541666666666664,0.5833333333333334,0.0,7.449999999999999,216.79166666666666,2.255,213.77284958333334,0.0,213.772875,11.5,0.0,10.0,2021.0,0.0,0.013207418838591669,213.78605700217193,9664.387375,-9450.601317997827
2021-10-12,162246.68916666668,51948.33791666667,49799.41,20032.145833333332,37888.31166666667,2578.48,27.870833333333334,57.666666666666664,1.5416666666666667,0.0,7.516666666666667,214.66666666666666,2.2224999999999997,212.48458541666665,0.0,212.48462500000002,11.5,1.0,10.0,2021.0,0.0,0.0,212.48458541666665,9734.80135,-9522.316764583333
2021-10-13,161726.11833333332,50966.736249999994,50273.542083333334,19932.541666666668,38044.105,2509.195833333333,26.45,54.25,0.0,0.0,10.762500000000001,214.66666666666666,3.2566666666666664,223.8413375,0.0,223.84133333333332,11.5,2.0,10.0,2021.0,0.0,0.5909075217192501,224.43224502171927,9703.5671,-9479.13485497828
2021-10-14,157655.43625,49361.05958333333,50008.07541666667,19349.627083333333,36546.11541666667,2390.5587499999997,25.275000000000002,54.0,0.0,0.0,11.1,212.20833333333334,3.0970833333333334,224.75466870833336,0.0,224.75466666666668,11.5,3.0,10.0,2021.0,0.0,1.4025063443072703,226.1571750526406,9459.326175,-9233.168999947358
2021-10-15,151389.78708333333,46965.34791666667,46518.97875,19305.655416666665,36313.996666666666,2285.8058333333333,25.854166666666668,53.333333333333336,0.0,0.0,9.504166666666666,207.04166666666666,1.9120833333333334,217.65838687500002,0.0,217.658375,11.5,4.0,10.0,2021.0,0.0,0.016589506172839497,217.67497638117285,9083.387225,-8865.712248618827
2021-10-16,152688.55916666667,47518.88791666667,47989.986249999994,18894.158333333333,35914.59208333333,2370.9341666666664,27.041666666666668,62.25,7.0,0.0,6.520833333333333,199.375,2.3333333333333335,211.2072375,0.0,211.20725000000002,11.5,5.0,10.0,2021.0,1.0,0.0,211.2072375,9161.31355,-8950.1063125
2021-10-17,147405.56208333335,44144.03875,47686.65,18679.635416666668,34536.89,2358.3483333333334,26.3875,76.75,82.70833333333333,0.13749999999999998,10.708333333333334,140.45833333333334,2.9441666666666664,137.02477679166665,0.0,137.02475,11.5,6.0,10.0,2021.0,1.0,1.0308613968907172,138.0556381885574,8844.333724999999,-8706.278086811442
2021-10-18,146454.32249999998,40340.472083333334,47882.47625,17929.149583333336,37888.95541666667,2413.2695833333332,22.47083333333333,92.95833333333333,86.16666666666667,1.1416666666666668,10.395833333333334,43.791666666666664,4.21875,26.184009808333332,0.0,26.18404166666667,11.5,0.0,10.0,2021.0,0.0,19.91351897576589,46.09752878409922,8787.259349999998,-8741.1618212159
2021-10-19,147644.10416666666,40552.64666666667,47965.43541666667,17319.603333333333,39580.58583333334,2225.8304166666667,23.8125,79.70833333333333,3.0833333333333335,0.0,12.65,194.66666666666666,3.998333333333333,205.04879333333335,0.0,205.04875,11.5,1.0,10.0,2021.0,0.0,12.800704618198445,217.8494979515318,8858.64625,-8640.796752048469
2021-10-20,150429.28708333333,42054.64208333333,48376.32541666667,17467.51958333333,40450.409166666665,2080.3904166666666,24.3875,69.79166666666667,0.0,0.0,10.516666666666667,197.95833333333334,3.045833333333333,219.52369612500001,0.0,219.52379166666665,11.5,2.0,10.0,2021.0,0.0,0.7101002514860543,220.23379637648603,9025.757225,-8805.523428623514
2021-10-21,150491.19083333333,41964.31291666667,48319.58375,18116.259583333333,40051.503749999996,2039.5320833333333,23.34583333333333,60.875,0.0,0.0,13.387500000000001,202.125,3.7624999999999997,227.73808208333332,0.0,227.73808333333332,11.5,3.0,10.0,2021.0,0.0,5.581195816186555,233.31927789951988,9029.47145,-8796.152172100481
2021-10-22,151085.97583333333,41880.456666666665,48230.56291666667,18389.837083333332,40491.262500000004,2093.8554166666668,23.895833333333332,61.458333333333336,0.0,0.0,13.354166666666666,195.75,2.6875,221.90910862500002,0.0,221.90912500000002,11.5,4.0,10.0,2021.0,0.0,0.48110145176040225,222.39021007676038,9065.15855,-8842.76833992324
2021-10-23,149981.44666666666,40401.82375,49162.44333333333,18268.827083333334,40072.11541666667,2076.2370833333334,23.941666666666666,64.79166666666667,3.9166666666666665,0.0,7.7875000000000005,187.25,3.045833333333333,212.963482125,0.0,212.96345833333336,11.5,5.0,10.0,2021.0,1.0,0.32694690214906263,213.2904290271491,8998.8868,-8785.596370972851
2021-10-24,141708.42541666667,36849.549999999996,48231.94166666667,18130.682083333333,36497.724583333336,1998.5270833333334,22.858333333333334,70.08333333333333,41.666666666666664,0.008333333333333333,8.9125,152.41666666666666,2.686666666666667,164.25469383333333,0.0,164.25466666666668,11.5,6.0,10.0,2021.0,1.0,0.3612537151348881,164.61594754846823,8502.505524999999,-8337.889577451531
2021-10-25,146364.82958333334,38229.292916666665,49396.83583333334,18229.472083333334,38473.6975,2035.5283333333334,22.02916666666667,77.79166666666667,4.0,0.0,6.895833333333333,178.20833333333334,2.2895833333333333,186.8279805,0.0,186.828,11.5,0.0,10.0,2021.0,0.0,0.0,186.8279805,8781.889775,-8595.0617945
2021-10-26,149261.09625,38783.74333333333,50273.8025,18758.709583333333,39352.04541666667,2092.7941666666666,20.920833333333334,70.79166666666667,0.0,0.0,9.833333333333334,189.08333333333334,2.3866666666666667,215.82451595833334,0.0,215.82450000000003,11.5,1.0,10.0,2021.0,0.0,0.2601332304526747,216.08464918878602,8955.665775,-8739.581125811213
2021-10-27,148774.04333333333,38423.20041666667,50122.424999999996,18742.063333333335,39380.254583333335,2106.101666666667,20.958333333333332,63.625,0.0,0.0,10.208333333333334,186.20833333333334,2.6416666666666666,215.03663233333336,0.0,215.036625,11.5,2.0,10.0,2021.0,0.0,0.34512928669410137,215.38176162002745,8926.4426,-8711.060838379972
2021-10-28,148089.57749999998,38255.96208333333,49911.98458333333,18260.19208333333,39571.79958333333,2089.64,20.641666666666666,64.25,0.0,0.0,10.058333333333334,186.875,1.8545833333333333,215.75909858333333,0.0,215.759125,11.5,3.0,10.0,2021.0,0.0,0.002944330132601729,215.76204291346593,8885.37465,-8669.612607086534
2021-10-29,147303.4625,38301.692083333335,49567.57916666666,18185.334166666667,39154.11875,2094.735416666667,21.029166666666665,62.875,0.0,0.0,7.195833333333333,184.75,2.1350000000000002,214.61245499999998,0.0,214.61249999999998,11.5,4.0,10.0,2021.0,0.0,6.978737997256108e-05,214.61252478737995,8838.20775,-8623.59522521262
2021-10-30,144862.01333333334,38039.918333333335,49396.7875,17836.7525,37522.26833333333,2066.2879166666667,21.412499999999998,56.458333333333336,0.0,0.0,11.633333333333333,185.41666666666666,3.404583333333333,219.66541270833332,0.0,219.665375,11.5,5.0,10.0,2021.0,1.0,2.1402911522633747,221.8057038605967,8691.7208,-8469.915096139403
2021-10-31,140210.5975,36994.8025,48656.417916666665,17099.229166666668,35532.14958333333,1927.9966666666667,22.212500000000002,51.166666666666664,0.0,0.0,10.329166666666667,182.20833333333334,2.464166666666667,215.49480291666669,0.0,215.49483333333333,11.5,6.0,10.0,2021.0,1.0,0.01159367855509829,215.50639659522176,8412.63585,-8197.12945340478
2021-11-01,140089.93166666667,38191.35875,49489.417083333334,17150.679166666665,33384.42083333333,1874.055833333333,22.129166666666666,53.666666666666664,0.0,0.0,8.0875,179.58333333333334,3.81625,212.21514708333333,0.0,212.21508333333335,11.5,0.0,11.0,2021.0,0.0,1.6076308299039779,213.82277791323733,8405.3959,-8191.573122086763
2021-11-02,142431.56125,38777.769583333335,49831.05583333334,17206.39875,34674.49,1941.8445833333335,21.541666666666668,65.41666666666667,2.0833333333333335,0.0,10.4625,173.66666666666666,3.612916666666667,209.11759091666667,0.0,209.11758333333333,11.5,1.0,11.0,2021.0,0.0,0.7194604481024237,209.83705136476908,8545.893675,-8336.05662363523
2021-11-03,140749.07333333333,38507.394583333335,48696.887083333335,17452.71416666667,34143.115,1948.9604166666668,21.724999999999998,61.708333333333336,3.7083333333333335,0.0,7.529166666666666,170.04166666666666,1.92875,198.9602626666667,0.0,198.96033333333332,11.5,2.0,11.0,2021.0,0.0,4.88683127572e-05,198.9603115349794,8444.944399999998,-8245.98408846502
2021-11-04,128647.36958333333,34882.2575,43550.28875,17342.0775,31015.39125,1857.3545833333335,21.216666666666665,64.25,4.375,0.0,6.066666666666666,174.45833333333334,1.6733333333333336,196.64511333333334,0.0,196.645125,11.5,3.0,11.0,2021.0,0.0,0.0,196.64511333333334,7718.842175000001,-7522.197061666667
2021-11-05,121804.32333333332,31716.093333333334,40344.129166666666,16969.079166666666,30981.43875,1793.5816666666667,20.658333333333335,62.875,22.5,0.0,8.054166666666667,169.79166666666666,1.60875,202.76363354166665,0.0,202.7636666666667,11.5,4.0,11.0,2021.0,0.0,0.0,202.76363354166665,7308.2594,-7105.4957664583335
2021-11-06,126837.26291666667,33978.44291666667,41928.644583333335,16265.462916666665,32853.86375,1810.8466666666666,20.933333333333334,56.583333333333336,33.416666666666664,0.0,11.983333333333334,172.16666666666666,3.172083333333333,213.74652291666666,0.0,213.74654166666667,11.5,5.0,11.0,2021.0,1.0,0.6011599794238681,214.34768289609053,7610.235775,-7395.888092103909
2021-11-07,127971.60208333335,35153.2075,43301.75666666667,15861.961666666668,31887.14,1767.5354166666666,21.224999999999998,59.666666666666664,5.25,0.0,10.862499999999999,170.75,2.2979166666666666,213.462383625,0.0,213.46241666666666,11.5,6.0,11.0,2021.0,1.0,0.31503446502057625,213.77741809002057,7678.296125,-7464.518706909978
2021-11-08,134955.86500000002,37323.36166666667,46261.93875,16242.591666666667,33341.7075,1786.2620833333333,21.041666666666668,60.25,10.291666666666666,0.0,9.549999999999999,171.125,2.4091666666666667,214.182152625,0.0,214.18208333333334,11.5,0.0,11.0,2021.0,0.0,0.06898456790123458,214.25113719290127,8097.351900000001,-7883.100762807098
2021-11-09,138975.45791666667,38508.510833333334,48118.1675,16502.949166666665,34005.68583333333,1840.1466666666665,20.962500000000002,59.666666666666664,19.333333333333332,0.0,9.720833333333333,169.58333333333334,2.315,212.88025633333334,0.0,212.8802916666667,11.5,1.0,11.0,2021.0,0.0,1.0382324531321447,213.91848878646547,8338.527475,-8124.608986213534
2021-11-10,141065.34833333333,39096.128333333334,49189.94375,16422.304583333334,34489.67958333334,1867.2933333333333,20.7625,60.5,41.25,0.0,8.545833333333333,167.70833333333334,1.65125,211.53881591666666,0.0,211.53879166666664,11.5,2.0,11.0,2021.0,0.0,0.03823359625057157,211.57704951291726,8463.9209,-8252.343850487083
2021-11-11,139483.40916666665,39216.22041666667,49746.30791666667,16215.6225,32405.857083333332,1899.4004166666666,20.391666666666666,60.583333333333336,3.9583333333333335,0.0,7.6375,167.20833333333334,1.33875,210.51050858333335,0.0,210.51054166666665,11.5,3.0,11.0,2021.0,0.0,6.121399176954167e-05,210.51056979732513,8369.00455,-8158.493980202675
2021-11-12,140415.06916666668,39550.06875,49566.10125,16539.81625,32872.78041666667,1886.3020833333333,20.1875,60.541666666666664,8.208333333333334,0.0,8.7125,166.08333333333334,2.0275,212.13866362500002,0.0,212.1386666666667,11.5,4.0,11.0,2021.0,0.0,0.08809979423868312,212.22676341923867,8424.90415,-8212.67738658076
2021-11-13,142048.41583333333,39424.69,50957.94666666666,16462.152916666666,33379.426666666666,1824.1991666666665,19.433333333333334,57.5,0.0,0.0,8.333333333333334,165.125,2.563333333333333,214.22355083333332,0.0,214.22354166666665,11.5,5.0,11.0,2021.0,1.0,0.17438791723822586,214.39793875057157,8522.90495,-8308.507011249427
2021-11-14,138092.40916666665,38224.36208333333,50590.115,16078.704583333332,31416.2,1783.0254166666666,18.6125,54.041666666666664,0.0,0.0,7.179166666666667,165.125,1.6675000000000002,212.83820208333336,0.0,212.83820833333334,11.5,6.0,11.0,2021.0,1.0,0.0,212.83820208333336,8285.54455,-8072.706347916665
2021-11-15,142464.84625,39132.33458333334,52533.042916666665,15998.192916666667,33063.63291666667,1737.6416666666667,18.495833333333334,52.916666666666664,0.0,0.0,8.216666666666667,162.25,1.9304166666666667,212.42522350000002,0.0,212.42525,11.5,0.0,11.0,2021.0,0.0,0.0,212.42522350000002,8547.890775,-8335.4655515
2021-11-16,143340.94583333333,39752.542083333334,52039.47875,16056.029583333335,33651.18958333333,1841.7041666666667,17.883333333333333,57.125,0.0,0.0,7.520833333333333,162.58333333333334,1.6829166666666666,214.45214479166665,0.0,214.452125,11.5,1.0,11.0,2021.0,0.0,0.0,214.45214479166665,8600.45675,-8386.004605208333
2021-11-17,138916.55833333332,37566.42208333333,51339.480833333335,15689.1975,32525.742916666666,1795.7170833333332,17.775000000000002,64.5,43.25,0.0,6.4125000000000005,159.375,1.5479166666666666,211.28271512499998,0.0,211.28270833333332,11.5,2.0,11.0,2021.0,0.0,3.6579789666209528e-06,211.28271878297895,8334.993499999999,-8123.710781217021
2021-11-18,140932.6325,39097.36,51492.464166666665,15820.173333333334,32665.265,1857.3716666666667,19.095833333333335,65.58333333333333,50.958333333333336,0.0,3.283333333333333,156.75,1.0808333333333333,207.71427041666666,0.0,207.71425,11.5,3.0,11.0,2021.0,0.0,0.0,207.71427041666666,8455.95795,-8248.243679583333
2021-11-19,137965.88666666666,38791.71875,49546.45416666666,15935.611666666666,31865.2175,1826.8875,18.704166666666666,63.875,41.0,0.0,6.4125000000000005,157.16666666666666,1.2870833333333334,204.71453375,0.0,204.71450000000002,11.5,4.0,11.0,2021.0,0.0,0.0,204.71453375,8277.9532,-8073.238666249999
2021-11-20,137454.47541666668,38347.6775,49856.185,15792.759583333333,31603.3,1854.5520833333333,19.304166666666667,58.125,49.291666666666664,0.0,6.154166666666666,119.875,2.3850000000000002,161.86766054166665,0.0,161.86766666666668,11.5,5.0,11.0,2021.0,1.0,0.005217592592592592,161.87287813425925,8247.268525,-8085.395646865741
2021-11-21,134186.9775,38118.06375,48742.34791666667,15524.180416666668,30025.85666666667,1776.5275,18.98333333333333,57.75,0.08333333333333333,0.0,10.145833333333334,155.70833333333334,3.5375,212.701969875,0.0,212.70195833333332,11.5,6.0,11.0,2021.0,1.0,0.7658444787379972,213.46781435373802,8051.21865,-7837.750835646261
2021-11-22,139071.92291666666,38784.01375,50009.89875,15962.977083333333,32515.419583333332,1799.6125000000002,18.791666666666668,51.25,0.0,0.0,15.775,159.29166666666666,4.3845833333333335,219.002839375,0.0,219.00283333333334,11.5,0.0,11.0,2021.0,0.0,11.395785608139,230.398624983139,8344.315375,-8113.916750016861
2021-11-23,142938.82041666665,39982.0825,51455.28916666666,16217.999583333332,33482.89,1800.5575,18.283333333333335,55.25,0.0,0.0,12.416666666666666,156.08333333333334,2.4070833333333335,213.92485908333333,0.0,213.9249166666667,11.5,1.0,11.0,2021.0,0.0,0.1896033950617283,214.11446247839504,8576.329225,-8362.214762521604
2021-11-24,143983.71916666665,40561.30416666667,51812.065833333334,16102.613749999999,33680.48416666667,1827.2504166666668,18.662499999999998,57.791666666666664,0.0,0.0,6.633333333333333,153.91666666666666,2.83375,207.58389920833335,0.0,207.58391666666668,11.5,2.0,11.0,2021.0,0.0,0.06539849108367625,207.64929769941702,8639.023149999999,-8431.373852300583
2021-11-25,144035.91208333333,40644.41541666666,51986.817083333335,16385.639583333334,33169.165,1849.8729166666665,17.908333333333335,70.41666666666667,0.0,0.0,6.720833333333334,148.70833333333334,1.6366666666666667,201.85386670833336,0.0,201.85387500000002,11.5,3.0,11.0,2021.0,0.0,0.0,201.85386670833336,8642.154725,-8440.300858291666
2021-11-26,144635.75083333332,41375.55625,52130.75708333333,16276.612083333333,32970.20416666667,1882.6212500000001,18.458333333333332,68.875,0.0,0.0,6.25,148.375,2.01125,202.38381483333333,0.0,202.38383333333334,11.5,4.0,11.0,2021.0,0.0,8.9106081390025e-05,202.38390393941472,8678.14505,-8475.761146060586
2021-11-27,143362.45375000002,40963.37375,51946.84125,16155.299583333333,32473.615416666667,1823.325,18.779166666666665,72.16666666666667,1.8333333333333333,0.0,7.916666666666667,145.66666666666666,2.8845833333333335,200.09424349999998,0.0,200.09425,11.5,5.0,11.0,2021.0,1.0,0.004244284407864638,200.09848778440787,8601.747225,-8401.648737215592
2021-11-28,137027.75166666668,39910.47791666666,50115.613333333335,15658.460416666667,29582.9675,1760.2320833333333,18.904166666666665,74.04166666666667,4.541666666666667,0.0,7.2124999999999995,142.625,1.9295833333333334,193.1250129166667,0.0,193.125,11.5,6.0,11.0,2021.0,1.0,0.0,193.1250129166667,8221.6651,-8028.540087083333
2021-11-29,140239.78,40756.724583333336,50937.706666666665,15567.935416666667,31179.4525,1797.9583333333333,18.133333333333333,63.875,19.625,0.0,9.829166666666667,148.375,2.8229166666666665,207.513089,0.0,207.51312500000003,11.5,0.0,11.0,2021.0,0.0,0.17743312757201643,207.690522127572,8414.3868,-8206.696277872428
2021-11-30,141920.02375,41362.02125,51272.03125,15634.229166666666,31832.197916666668,1819.5441666666666,18.037499999999998,64.83333333333333,99.83333333333333,0.0,11.5375,139.58333333333334,2.1408333333333336,196.05972045833335,0.0,196.05966666666666,11.5,1.0,11.0,2021.0,0.0,0.2783185299497029,196.33803898828305,8515.201425000001,-8318.863386011717
2021-12-01,139764.88749999998,41213.72041666667,48455.68541666667,15438.680833333334,32815.43583333333,1841.3675,17.145833333333332,72.5,100.0,0.0,6.295833333333333,76.83333333333333,1.4233333333333331,78.99228744166668,0.0,78.99225,11.5,2.0,12.0,2021.0,0.0,0.0,78.99228744166668,8385.89325,-8306.900962558333
2021-12-02,137359.89458333334,40755.75083333333,45883.85666666667,15198.235833333334,33670.81291666667,1851.2366666666667,16.441666666666666,80.79166666666667,99.95833333333333,0.1625,7.2250000000000005,38.5,1.58625,38.72227755,0.0,38.72229166666667,11.5,3.0,12.0,2021.0,0.0,0.0,38.72227755,8241.593675,-8202.87139745
2021-12-03,138967.63208333333,40507.339583333334,46613.065833333334,15540.7975,34466.51,1839.9174999999998,17.212500000000002,79.75,31.458333333333332,0.0,6.375,128.08333333333334,1.3258333333333334,112.82580924166666,0.0,112.82579166666666,11.5,4.0,12.0,2021.0,0.0,0.0,112.82580924166666,8338.057925,-8225.232115758334
2021-12-04,139757.83833333335,40385.695,48279.573333333334,15302.657083333334,33921.347083333334,1868.56625,17.429166666666667,72.75,0.0,0.0,7.241666666666667,140.0,1.6858333333333333,196.98362362499998,0.0,196.983625,11.5,5.0,12.0,2021.0,1.0,0.0,196.98362362499998,8385.470299999999,-8188.486676375
2021-12-05,136448.10666666666,40035.205416666664,47715.90125,14763.543749999999,32154.536666666667,1778.9183333333333,19.066666666666666,69.70833333333333,36.958333333333336,0.020833333333333332,5.7625,121.5,2.3095833333333333,172.33239266666666,0.0,172.33237499999998,11.5,6.0,12.0,2021.0,1.0,0.03715689300411521,172.3695495596708,8186.886399999999,-8014.516850440329
2021-12-06,142411.935,41432.84166666667,49201.42791666667,15279.077916666667,34680.8125,1817.7758333333334,18.2,78.75,20.916666666666668,0.06666666666666667,7.720833333333334,131.625,2.8216666666666668,175.37525079166664,0.0,175.37525000000002,11.5,0.0,12.0,2021.0,0.0,0.12081750114311834,175.49606829280978,8544.7161,-8369.22003170719
2021-12-07,145698.28,42656.787083333336,50030.04625000001,15575.917500000001,35566.026666666665,1869.5020833333335,16.691666666666666,71.5,0.0,0.0,10.987499999999999,142.875,3.30875,206.05473554166667,0.0,206.05470833333334,11.5,1.0,12.0,2021.0,0.0,0.42617609739369006,206.4809116390604,8741.8968,-8535.41588836094
2021-12-08,146939.50583333333,43093.92083333333,50238.97666666666,15786.132916666667,35946.21333333333,1874.2633333333333,15.545833333333334,68.20833333333333,0.0,0.0,9.604166666666666,143.45833333333334,1.8845833333333333,206.61257020833332,0.0,206.61258333333333,11.5,2.0,12.0,2021.0,0.0,0.0,206.61257020833332,8816.37035,-8609.757779791666
2021-12-09,147876.855,43188.471666666665,50956.12666666667,15853.4925,36018.27458333333,1860.49125,15.145833333333334,69.58333333333333,0.0,0.0,6.6000000000000005,140.70833333333334,1.7579166666666666,202.40049635,0.0,202.40045833333332,11.5,3.0,12.0,2021.0,0.0,0.0,202.40049635,8872.6113,-8670.21080365
2021-12-10,147940.83541666667,43176.880833333336,51081.723333333335,16034.182083333333,35768.81291666667,1879.235,15.408333333333333,67.625,0.0,0.0,9.104166666666666,140.875,2.7391666666666663,205.37782058333335,0.0,205.37779166666667,11.5,4.0,12.0,2021.0,0.0,0.010842421124828512,205.38866300445818,8876.450125,-8671.061461995541
2021-12-11,147530.54958333334,42524.0775,51167.59166666667,16313.54,35707.019583333335,1818.3220833333335,14.612499999999999,65.41666666666667,7.5,0.0,9.9625,143.45833333333334,1.6383333333333334,208.62931952916665,0.0,208.62924999999998,11.5,5.0,12.0,2021.0,1.0,1.2345679012341667e-05,208.6293318748457,8851.832975,-8643.203643125154
2021-12-12,142333.09916666665,41067.5875,50170.048749999994,15799.814166666665,33489.82375,1805.82625,14.5375,65.5,55.75,0.0,5.1875,137.33333333333334,2.0275,195.94631237083334,0.0,195.94625,11.5,6.0,12.0,2021.0,1.0,0.0,195.94631237083334,8539.98595,-8344.039637629166
2021-12-13,145112.48166666666,41828.08375,50673.84666666667,15542.589166666667,35217.332083333335,1850.63,14.591666666666667,66.04166666666667,61.458333333333336,0.0,4.1000000000000005,101.83333333333333,2.6820833333333334,144.183474225,0.0,144.18345833333333,11.5,0.0,12.0,2021.0,0.0,0.000530235482395976,144.18400446048238,8706.7489,-8562.564895539517
2021-12-14,148294.50041666665,43309.54458333333,51140.71458333333,15653.244166666665,36356.17333333333,1834.8229166666667,14.879166666666668,70.91666666666667,26.041666666666668,0.0,6.3500000000000005,117.70833333333333,2.16375,188.67386516666667,0.0,188.67383333333336,11.5,1.0,12.0,2021.0,0.0,0.0,188.67386516666667,8897.670025,-8708.996159833334
2021-12-15,148415.45833333334,43190.597916666666,51135.68,15578.845833333333,36647.46708333333,1862.8687499999999,13.987499999999999,66.875,0.0,0.0,8.387500000000001,141.375,2.502083333333333,205.14387195833334,0.0,205.143875,11.5,2.0,12.0,2021.0,0.0,5.715592135344857e-08,205.14387201548925,8904.9275,-8699.78362798451
2021-12-16,149827.52666666667,43604.66458333333,51710.6875,15687.868750000001,36947.003333333334,1877.3016666666665,13.570833333333333,69.625,43.166666666666664,0.0,8.954166666666667,102.70833333333333,2.9450000000000003,138.44395807083333,0.0,138.444,11.5,3.0,12.0,2021.0,0.0,0.6558140717878375,139.09977214262116,8989.6516,-8850.551827857378
2021-12-17,150311.92250000002,43634.63125,51716.432499999995,15737.83375,37351.71166666666,1871.3154166666666,12.320833333333333,57.458333333333336,2.8333333333333335,0.0,14.216666666666667,145.79166666666666,4.219166666666667,218.21198322083333,0.0,218.2119583333333,11.5,4.0,12.0,2021.0,0.0,10.356137402834934,228.56812062366825,9018.71535,-8790.14722937633
2021-12-18,150302.67875,44377.544583333336,51548.59416666667,15744.015833333333,36771.76333333333,1860.7616666666665,11.1875,64.625,0.0,0.0,16.245833333333334,143.54166666666666,4.46875,215.30704179166665,0.0,215.307,11.5,5.0,12.0,2021.0,1.0,15.783788580246913,231.0908303719136,9018.160725,-8787.069894628086
2021-12-19,144340.79208333333,42877.199166666665,49201.37083333333,15633.319583333332,34814.80375,1814.0962499999998,11.070833333333333,62.541666666666664,4.875,0.0,14.029166666666667,144.79166666666666,3.892916666666667,216.0720199,0.0,216.072,11.5,6.0,12.0,2021.0,1.0,3.4102014746227707,219.48222137462278,8660.447525,-8440.965303625377
2021-12-20,150689.88999999998,44590.58958333333,50940.32958333333,16322.654166666667,36974.12458333333,1862.1904166666666,11.5875,67.25,11.5,0.0,9.666666666666666,143.25,2.0704166666666666,211.02394422083333,0.0,211.02391666666668,11.5,0.0,12.0,2021.0,0.0,0.021165009144947403,211.04510922997827,9041.393399999999,-8830.348290770022
2021-12-21,153937.39583333334,45559.670000000006,52355.58708333334,16233.420833333332,37906.02291666667,1882.6958333333334,12.137500000000001,70.70833333333333,9.458333333333334,0.0,7.2875000000000005,140.25,1.5833333333333333,203.92328033333334,0.0,203.92325000000002,11.5,1.0,12.0,2021.0,0.0,0.0,203.92328033333334,9236.24375,-9032.320469666667
2021-12-22,155501.36708333335,46031.76458333334,52482.67625,16647.97125,38421.72375,1917.2304166666665,13.325000000000001,66.83333333333333,43.291666666666664,0.0,6.395833333333333,140.04166666666666,1.9383333333333335,201.35593039166667,0.0,201.356,11.5,2.0,12.0,2021.0,0.0,0.0,201.35593039166667,9330.082025,-9128.726094608333
2021-12-23,156110.30875,45617.94166666667,52882.87708333333,16957.91083333333,38762.38291666666,1889.1970833333335,14.183333333333332,72.29166666666667,47.791666666666664,0.0,7.433333333333334,133.29166666666666,2.8083333333333336,183.38933061666668,0.0,183.389375,11.5,3.0,12.0,2021.0,0.0,0.004763831732967516,183.39409444839964,9366.618525,-9183.2244305516
2021-12-24,156523.32875000002,45766.93458333333,52893.723750000005,16830.3975,39089.52208333334,1942.7483333333332,14.541666666666666,75.125,34.0,0.0,7.266666666666667,135.83333333333334,2.2891666666666666,192.31995655833336,0.0,192.31991666666667,11.5,4.0,12.0,2021.0,0.0,0.0,192.31995655833336,9391.399725,-9199.079768441667
2021-12-25,153939.565,44826.62416666667,52810.70958333334,16282.671666666667,38121.6225,1897.9375,15.487499999999999,71.95833333333333,27.583333333333332,0.0,4.991666666666666,138.5,1.9391666666666667,195.65404550000002,0.0,195.654,11.5,5.0,12.0,2021.0,1.0,0.0,195.65404550000002,9236.3739,-9040.7198545
2021-12-26,148447.05708333335,42660.77,51531.777916666666,16091.263333333334,36332.41458333333,1830.83,15.025,79.75,94.29166666666667,0.19166666666666665,7.533333333333334,58.333333333333336,2.7975,65.65821613749999,0.0,65.65825,11.5,6.0,12.0,2021.0,1.0,0.07815186328303612,65.73636800078303,8906.823425,-8841.087056999217
2021-12-27,151591.78916666665,42184.13125,52320.481250000004,16538.906666666666,38648.151666666665,1900.1195833333334,14.866666666666667,72.08333333333333,71.5,0.13333333333333333,6.9375,131.54166666666666,2.27375,179.99599554583332,0.0,179.99604166666666,11.5,0.0,12.0,2021.0,0.0,0.000392032464563325,179.9963875782979,9095.50735,-8915.510962421702
2021-12-28,149133.71875,42244.99333333333,48901.237499999996,16415.85625,39644.543333333335,1927.0883333333334,13.945833333333333,77.70833333333333,82.20833333333333,0.07083333333333333,5.454166666666667,90.20833333333333,1.6025,106.69870246875,0.0,106.69875,11.5,1.0,12.0,2021.0,0.0,0.0,106.69870246875,8948.023125,-8841.32442253125
2021-12-29,146620.10874999998,41857.537083333336,47599.25625,15379.226666666667,39829.981250000004,1954.1066666666666,13.016666666666666,72.45833333333333,28.291666666666668,0.0,7.258333333333333,128.75,2.97125,192.07826091666666,0.0,192.07820833333335,11.5,2.0,12.0,2021.0,0.0,0.38397862368541386,192.4622395403521,8797.206525,-8604.744285459647
2021-12-30,149477.72833333333,43149.845,48571.275,16201.467083333335,39631.31,1923.8304166666667,10.720833333333333,66.58333333333333,40.25,0.0,8.545833333333333,132.0,1.8508333333333333,169.7794526125,0.0,169.77941666666666,11.5,3.0,12.0,2021.0,0.0,0.0,169.7794526125,8968.6637,-8798.8842473875
2021-12-31,150620.16625,43826.690833333334,49058.31,16743.437083333334,39049.98666666667,1941.7425,10.504166666666666,70.66666666666667,39.541666666666664,0.0,7.9750000000000005,143.58333333333334,2.060416666666667,210.40407064166666,0.0,210.40404166666667,11.5,4.0,12.0,2021.0,0.0,0.028116140832190207,210.43218678249886,9037.209975,-8826.777788217501
2022-01-01,148279.98500000002,43708.105,48723.74333333334,16393.797916666666,37614.645833333336,1839.6899999999998,10.970833333333333,75.83333333333333,8.458333333333334,0.0,7.7124999999999995,143.91666666666666,1.3,206.33426686875,0.0,206.33433333333335,11.5,5.0,1.0,2022.0,1.0,0.0,206.33426686875,8896.7991,-8690.464833131251
2022-01-02,143587.63499999998,41306.40708333333,48852.39875,16110.504583333333,35526.88,1791.4437500000001,11.904166666666667,77.04166666666667,64.83333333333333,0.0,7.329166666666667,134.66666666666666,1.8804166666666668,191.8116455958333,0.0,191.8117083333333,11.5,6.0,1.0,2022.0,1.0,0.0,191.8116455958333,8615.2581,-8423.446454404166
2022-01-03,151003.86958333335,43485.6875,50924.770833333336,16252.805,38415.091250000005,1925.515,12.620833333333332,74.75,28.5,0.0,8.129166666666666,143.54166666666666,1.3404166666666668,201.43930946,0.0,201.43933333333334,11.5,0.0,1.0,2022.0,0.0,0.0,201.43930946,9060.232175,-8858.79286554
2022-01-04,152910.02083333334,43835.00625,51626.39958333334,16718.358333333334,38793.80416666667,1936.4525,14.520833333333334,71.04166666666667,55.708333333333336,0.008333333333333333,6.625,125.83333333333333,1.9024999999999999,183.10129939166666,0.0,183.1012916666667,11.5,1.0,1.0,2022.0,0.0,0.0016825560128029221,183.10298194767947,9174.60125,-8991.498268052319
2022-01-05,151393.10916666666,40901.72666666666,51819.895,16520.905416666665,40205.54083333333,1945.0391666666667,13.366666666666667,86.25,99.08333333333333,0.39999999999999997,10.75,25.25,3.3699999999999997,17.7754856205,0.0,17.7755,11.5,2.0,1.0,2022.0,0.0,2.708178383630544,20.483664004130542,9083.58655,-9063.10288599587
2022-01-06,148096.37708333333,38542.222083333334,50289.41166666666,16639.4225,40677.63916666667,1947.6795833333333,14.591666666666667,82.95833333333333,77.95833333333333,0.0375,11.979166666666666,77.33333333333333,4.335,84.06948416887501,0.0,84.06945833333333,11.5,3.0,1.0,2022.0,0.0,8.37849199817101,92.44797616704601,8885.782625,-8793.334648832953
2022-01-07,148624.04166666666,39421.879583333335,49025.90708333333,16866.26,41372.66125,1937.33375,15.641666666666666,85.5,66.45833333333333,0.07916666666666666,14.25,74.625,4.92125,81.33872426266667,0.0,81.33870833333333,11.5,4.0,1.0,2022.0,0.0,13.174017318244168,94.51274158091083,8917.4425,-8822.929758419088
2022-01-08,143421.3325,35176.13375,48310.66416666666,16914.104583333334,41099.00541666667,1921.4245833333334,15.379166666666668,90.54166666666667,82.04166666666667,0.6749999999999999,15.320833333333333,58.416666666666664,4.380833333333333,24.243283863625,0.0,24.24325,11.5,5.0,1.0,2022.0,1.0,16.813623342478284,41.05690720610328,8605.279949999998,-8564.223042793896
2022-01-09,138653.82625,36290.16333333334,45215.83458333334,16334.777916666666,38958.02,1855.0291666666665,14.079166666666666,89.45833333333333,72.125,0.15,7.7,65.91666666666667,2.3325,68.12784691666667,0.0,68.127875,11.5,6.0,1.0,2022.0,1.0,0.00025725880201187993,68.12810417546868,8319.229575,-8251.101470824531
2022-01-10,145474.38166666668,39535.95875,46658.067500000005,16402.546666666665,40962.66333333334,1915.1475,11.495833333333332,82.04166666666667,4.541666666666667,0.0,8.554166666666667,149.16666666666666,2.5454166666666667,151.95262964875,0.0,151.95266666666666,11.5,0.0,1.0,2022.0,0.0,0.013034636488340181,151.96566428523835,8728.4629,-8576.497235714762
2022-01-11,148076.52958333332,41101.379166666666,47364.45583333333,16270.19,41394.697916666664,1945.8058333333336,11.508333333333333,79.04166666666667,1.75,0.0,9.466666666666667,148.66666666666666,2.783333333333333,184.12962663625,0.0,184.12954166666668,11.5,1.0,1.0,2022.0,0.0,0.002741769547325097,184.13236840579734,8884.591774999999,-8700.459406594202
2022-01-12,148488.39041666666,41754.482083333336,47790.80333333334,16138.845416666665,40936.613333333335,1867.6466666666668,11.341666666666667,80.29166666666667,41.416666666666664,0.0,8.316666666666666,126.41666666666667,1.4691666666666665,135.30801119416665,0.0,135.30795833333335,11.5,2.0,1.0,2022.0,0.0,0.0,135.30801119416665,8909.303425,-8773.995413805833
2022-01-13,148440.35666666666,42145.72541666667,48148.1,16429.31375,39943.005833333336,1774.21125,12.299999999999999,75.375,35.833333333333336,0.0,4.204166666666667,135.41666666666666,1.0629166666666665,140.53447766958334,0.0,140.5345,11.5,3.0,1.0,2022.0,0.0,0.0,140.53447766958334,8906.4214,-8765.886922330415
2022-01-14,144297.63166666668,43001.060000000005,44826.24083333334,16722.95375,37908.35875,1839.01875,10.762500000000001,81.25,33.291666666666664,0.0,5.6625000000000005,132.20833333333334,1.6670833333333333,120.76871080000001,0.0,120.76866666666666,11.5,4.0,1.0,2022.0,0.0,0.0,120.76871080000001,8657.857899999999,-8537.0891892
2022-01-15,142792.89708333334,42834.48,45509.52375,16330.9375,36293.465833333335,1824.4891666666665,9.975,86.66666666666667,25.041666666666668,0.0,6.779166666666666,153.04166666666666,1.8854166666666667,220.57272030083334,0.0,220.57270833333334,11.5,5.0,1.0,2022.0,1.0,0.0,220.57272030083334,8567.573825,-8347.001104699166
2022-01-16,141020.33541666667,41617.13958333333,46516.15,16280.232916666668,34814.822916666664,1791.9891666666665,10.191666666666666,85.83333333333333,62.875,0.0,6.125,140.95833333333334,1.39375,208.42173889166668,0.0,208.42175,11.5,6.0,1.0,2022.0,1.0,0.0,208.42173889166668,8461.220125,-8252.798386108332
2022-01-17,148946.53,43650.78083333333,48516.51583333333,16777.48,38129.07166666666,1872.6845833333334,9.766666666666667,85.45833333333333,60.916666666666664,0.0,4.208333333333333,109.08333333333333,1.6695833333333334,147.935674825,0.0,147.93570833333334,11.5,0.0,1.0,2022.0,0.0,0.0,147.935674825,8936.7918,-8788.856125175
2022-01-18,154373.73791666667,44872.70041666667,50024.505000000005,17507.9775,40050.97416666667,1917.5795833333334,9.583333333333334,88.5,49.875,0.0,8.262500000000001,138.83333333333334,2.6420833333333333,216.0628769804167,0.0,216.06291666666667,11.5,1.0,1.0,2022.0,0.0,0.08760116598079563,216.1504781463975,9262.424275,-9046.273796853602
2022-01-19,156136.00791666665,45437.135833333334,50340.50583333333,17776.74125,40648.90916666667,1932.7154166666667,11.0625,88.66666666666667,53.791666666666664,0.029166666666666664,6.241666666666667,139.41666666666666,1.4195833333333334,150.33390139583332,0.0,150.33391666666668,11.5,2.0,1.0,2022.0,0.0,0.0,150.33390139583332,9368.160474999999,-9217.826573604167
2022-01-20,157392.42791666667,45288.02166666667,50841.35166666666,17897.51875,41417.60875,1947.9254166666667,13.145833333333334,85.29166666666667,40.5,0.0375,5.458333333333333,137.5,1.6408333333333334,158.94054071166667,0.0,158.94062499999998,11.5,3.0,1.0,2022.0,0.0,0.0,158.94054071166667,9443.545675,-9284.605134288333
2022-01-21,159412.31166666668,45455.72,51112.01125,17563.070833333335,43349.416666666664,1932.09375,12.262500000000001,85.20833333333333,44.666666666666664,0.0,6.754166666666666,152.95833333333334,2.5558333333333336,153.47109369166665,0.0,153.47116666666668,11.5,4.0,1.0,2022.0,0.0,3.202296410608138,156.6733901022748,9564.7387,-9408.065309897725
2022-01-22,152029.85666666666,41663.42833333334,49150.075000000004,17260.22333333333,42034.91125,1921.2179166666667,13.220833333333333,84.66666666666667,91.41666666666667,0.9500000000000001,19.704166666666666,55.458333333333336,6.234583333333333,58.59718778041667,0.0,58.59725,11.5,5.0,1.0,2022.0,1.0,86.82782624599908,145.42501402641577,9121.7914,-8976.366385973584
2022-01-23,144339.91791666666,39987.105416666665,47913.87708333333,16490.185833333333,38037.31875,1911.4333333333334,12.758333333333333,86.20833333333333,62.916666666666664,0.14583333333333334,8.216666666666667,91.20833333333333,2.1129166666666666,66.93001994166667,0.0,66.93004166666667,11.5,6.0,1.0,2022.0,1.0,0.00042861225422953357,66.9304485539209,8660.395074999999,-8593.464626446079
2022-01-24,154144.73666666666,43003.48708333333,50301.12,16933.520833333332,41960.66333333334,1945.9466666666667,10.729166666666666,82.95833333333333,10.958333333333334,0.024999999999999998,8.345833333333333,145.45833333333334,2.4116666666666666,156.40137404375,0.0,156.40133333333333,11.5,0.0,1.0,2022.0,0.0,0.0,156.40137404375,9248.6842,-9092.28282595625
2022-01-25,157033.7425,44171.17916666667,51123.737499999996,17098.16625,42662.472916666666,1978.1841666666667,10.283333333333333,80.16666666666667,23.25,0.0,8.608333333333333,142.04166666666666,2.4783333333333335,155.64160569166668,0.0,155.641625,11.5,1.0,1.0,2022.0,0.0,0.00023416780978509095,155.64183985947645,9422.02455,-9266.382710140524
2022-01-26,149706.27833333335,42043.035833333335,48421.27125,16645.028333333332,40712.45958333334,1884.48375,10.700000000000001,81.41666666666667,11.208333333333334,0.0,10.112499999999999,151.29166666666666,2.999166666666667,170.0446911375,0.0,170.04470833333332,11.5,2.0,1.0,2022.0,0.0,0.16894850251486052,170.21363964001486,8982.376699999999,-8812.163060359986
2022-01-27,154780.10916666666,43443.83666666666,50517.69333333333,17097.25458333333,41811.621666666666,1909.70375,11.554166666666667,73.33333333333333,0.0,0.0,13.170833333333334,171.875,3.5850000000000004,224.86837338750001,0.0,224.86841666666666,11.5,3.0,1.0,2022.0,0.0,2.325288808870599,227.1936621963706,9286.80655,-9059.612887803629
2022-01-28,155611.385,43549.59416666667,50935.607083333336,17334.072083333333,41913.70333333333,1878.4108333333334,11.591666666666667,71.16666666666667,0.0,0.0,13.7875,175.25,3.4445833333333336,237.97283437916667,0.0,237.97287500000002,11.5,4.0,1.0,2022.0,0.0,6.025875857338819,243.9987102365055,9336.6831,-9092.684389763495
2022-01-29,159227.29291666666,44709.90916666667,52324.9575,17676.98041666667,42531.043750000004,1984.399583333333,12.379166666666668,72.83333333333333,0.0,0.0,9.241666666666667,174.29166666666666,2.9958333333333336,230.24574499583332,0.0,230.24575000000002,11.5,5.0,1.0,2022.0,1.0,0.11318518518518521,230.3589301810185,9553.637574999999,-9323.278644818982
2022-01-30,155163.41416666665,43073.653333333335,51871.08791666667,17556.388333333332,40733.71125,1928.575,13.695833333333333,71.66666666666667,0.20833333333333334,0.0,14.691666666666668,177.0,3.4499999999999997,233.9453357875,0.0,233.94533333333334,11.5,6.0,1.0,2022.0,1.0,5.741592764060356,239.68692855156038,9309.804849999999,-9070.117921448438
2022-01-31,160754.82499999998,44455.10333333333,53237.9775,17997.646666666667,43060.59583333333,2003.5020833333335,13.679166666666667,79.91666666666667,0.0,0.0,5.45,176.16666666666666,1.665,223.72669413749998,0.0,223.72666666666666,11.5,0.0,1.0,2022.0,0.0,0.0,223.72669413749998,9645.289499999999,-9421.562805862499
2022-02-01,161508.87666666668,44730.958333333336,53439.026249999995,17746.60125,43606.214583333334,1986.0754166666666,13.966666666666667,84.75,18.0,0.0,8.75,166.83333333333334,2.845416666666667,206.90552832083335,0.0,206.9054583333333,11.5,1.0,2.0,2022.0,0.0,0.13820884773662553,207.04373716856995,9690.5326,-9483.48886283143
2022-02-02,163198.62875,45604.138333333336,53933.612499999996,17707.19958333333,44039.09958333333,1914.5808333333334,14.25,77.875,13.0,0.0,10.383333333333333,180.0,3.235416666666667,227.20747175833333,0.0,227.20741666666666,11.5,2.0,2.0,2022.0,0.0,7.093898891175127,234.30137064950847,9791.917725,-9557.616354350492
2022-02-03,159272.14208333334,43311.665,53436.80541666667,17352.36625,43172.57083333333,1998.7345833333331,12.733333333333334,85.08333333333333,76.45833333333333,0.6916666666666665,19.433333333333334,79.5,3.9754166666666664,82.16360512916667,0.0,82.16354166666666,11.5,3.0,2.0,2022.0,0.0,13.298843792866942,95.46244892203362,9556.328524999999,-9460.866076077966
2022-02-04,158685.73791666667,44528.31208333333,53970.049999999996,15369.962083333334,42957.49208333334,1859.9204166666668,11.558333333333332,83.75,41.375,0.008333333333333333,13.220833333333333,128.45833333333334,2.920833333333333,121.70331053583334,0.0,121.70329166666666,11.5,4.0,2.0,2022.0,0.0,0.13485962505715596,121.8381701608905,9521.144275,-9399.306104839108
2022-02-05,160591.5725,44634.83583333334,53657.892916666664,16353.797083333333,44268.19041666667,1676.8545833333335,10.904166666666667,83.5,28.0,0.0,6.591666666666666,159.20833333333334,1.4425,213.85694507916665,0.0,213.85691666666665,11.5,5.0,2.0,2022.0,1.0,0.0,213.85694507916665,9635.494349999999,-9421.637404920833
2022-02-06,155766.09833333333,42837.655,52552.4075,16573.968333333334,42085.9625,1716.1033333333335,13.691666666666668,74.625,0.125,0.0,5.820833333333333,187.25,2.2883333333333336,232.85277837499999,0.0,232.85275000000001,11.5,6.0,2.0,2022.0,1.0,0.008962505715592121,232.86174088071562,9345.9659,-9113.104159119284
2022-02-07,161186.49708333335,44031.13291666666,53991.27583333334,17103.771666666667,44179.08083333333,1881.2354166666667,15.216666666666667,77.83333333333333,18.041666666666668,0.0,7.745833333333334,183.66666666666666,2.3033333333333332,224.35236748333332,0.0,224.35237500000002,11.5,0.0,2.0,2022.0,0.0,0.00038671696387744997,224.3527542002972,9671.189825,-9446.837070799704
2022-02-08,163199.855,44083.21083333334,54919.04708333333,17222.562916666666,45009.68208333334,1965.3533333333335,16.099999999999998,81.375,16.333333333333332,0.05833333333333333,5.279166666666667,173.0,1.9516666666666669,195.23349539583333,0.0,195.23350000000002,11.5,1.0,2.0,2022.0,0.0,0.0,195.23349539583333,9791.9913,-9596.757804604165
2022-02-09,161450.52458333332,43187.956666666665,53987.57,17097.7025,45211.401666666665,1965.8925,14.395833333333334,82.875,50.833333333333336,0.15,8.533333333333333,133.625,2.4091666666666667,161.17169739833335,0.0,161.17166666666665,11.5,2.0,2.0,2022.0,0.0,2.360725194330133,163.53242259266347,9687.031475,-9523.499052407336
2022-02-10,161206.89625,43158.768749999996,53891.236249999994,17009.496666666666,45198.97,1948.4275,13.779166666666667,74.79166666666667,19.208333333333332,0.0,10.7125,186.125,3.5995833333333334,219.06535172916665,0.0,219.065375,11.5,3.0,2.0,2022.0,0.0,1.3464922839506173,220.41184401311727,9672.413774999999,-9452.001930986882
2022-02-11,161705.92083333334,43847.23708333333,54042.338749999995,17282.585,44627.54625000001,1906.2150000000001,14.258333333333333,64.58333333333333,0.0,0.0,15.595833333333333,197.875,3.9633333333333334,243.88584522083332,0.0,243.88583333333335,11.5,4.0,2.0,2022.0,0.0,7.368995827617741,251.25484104845108,9702.355249999999,-9451.100408951548
2022-02-12,160578.355,43490.08625,54339.44125,16916.279583333333,43961.59666666667,1870.9529166666669,14.345833333333333,67.45833333333333,0.0,0.0,12.866666666666667,201.875,2.6995833333333334,245.34966166666666,0.0,245.34962499999997,11.5,5.0,2.0,2022.0,1.0,1.74685853909465,247.09652020576132,9634.701299999999,-9387.60477979424
2022-02-13,156758.0508333333,42140.31958333334,53602.44458333333,16852.895416666666,42305.7825,1856.6095833333331,14.775,70.16666666666667,0.0,0.0,6.941666666666666,199.79166666666666,2.1391666666666667,233.29804449999997,0.0,233.29804166666665,11.5,6.0,2.0,2022.0,1.0,8.321902149062084e-05,233.2981277190215,9405.483049999999,-9172.184922280978
2022-02-14,161165.82499999998,43594.263333333336,54368.29666666666,17299.710416666665,43993.62375,1909.930833333333,15.566666666666668,69.95833333333333,0.0,0.0,7.845833333333334,200.58333333333334,2.4629166666666666,233.34986854166667,0.0,233.349875,11.5,0.0,2.0,2022.0,0.0,0.00905509830818471,233.35892363997485,9669.9495,-9436.590576360026
2022-02-15,162646.47875,43936.68208333334,54738.02708333333,17414.736666666668,44644.03541666667,1913.0,16.554166666666667,65.29166666666667,1.2916666666666667,0.0,6.6125,198.08333333333334,1.9404166666666667,227.6901172833333,0.0,227.690125,11.5,1.0,2.0,2022.0,0.0,0.0,227.6901172833333,9758.788725,-9531.098607716665
2022-02-16,164170.40041666667,44463.46125,54728.41916666667,17485.44916666667,45497.57874999999,1995.4933333333336,16.179166666666667,69.41666666666667,2.0,0.0,8.025,199.04166666666666,2.67375,230.533812,0.0,230.53383333333332,11.5,2.0,2.0,2022.0,0.0,0.17625108596250558,230.7100630859625,9850.224025,-9619.513961914037
2022-02-17,164049.085,44121.55291666667,54746.195,17914.757083333334,45321.07208333333,1945.5091666666667,17.370833333333334,63.583333333333336,3.9583333333333335,0.0,8.308333333333334,201.29166666666666,2.441666666666667,227.191294,0.0,227.19129166666667,11.5,3.0,2.0,2022.0,0.0,0.02162499999999999,227.21291900000003,9842.945099999999,-9615.732181
2022-02-18,164876.0375,44497.83541666667,54925.253333333334,17594.528333333332,45889.81333333333,1968.6079166666666,17.354166666666668,60.666666666666664,9.5,0.0,7.820833333333333,200.58333333333334,2.2087499999999998,226.859671125,0.0,226.85966666666664,11.5,4.0,2.0,2022.0,0.0,0.000424382716049375,226.86009550771607,9892.562249999999,-9665.702154492285
2022-02-19,163476.30666666667,43967.395416666666,54970.51624999999,17632.279583333333,44962.5025,1943.6141666666665,16.595833333333335,61.25,0.0,0.0,11.941666666666668,209.75,3.2379166666666666,240.79772733333334,0.0,240.79774999999998,11.5,5.0,2.0,2022.0,1.0,0.5567252514860538,241.35445258481937,9808.5784,-9567.223947415181
2022-02-20,158125.87916666668,41913.41916666667,53376.511666666665,17114.044166666667,43913.025,1808.8787499999999,17.224999999999998,57.291666666666664,0.2916666666666667,0.0,16.0,211.83333333333334,4.2124999999999995,236.17215266666665,0.0,236.17212500000002,11.5,6.0,2.0,2022.0,1.0,11.724827846364883,247.89698051303154,9487.55275,-9239.655769486968
2022-02-21,163582.76833333334,43782.50041666667,54596.37791666667,17192.092083333333,46230.24416666667,1781.5545833333333,17.575,53.541666666666664,0.8333333333333334,0.0,9.083333333333334,217.625,3.004583333333333,242.85897547916667,0.0,242.859,11.5,0.0,2.0,2022.0,0.0,0.17890740740740743,243.03788288657407,9814.9661,-9571.928217113425
2022-02-22,165980.0375,43196.29625,55649.576250000006,17659.75416666667,47572.275833333326,1902.1354166666667,18.6125,55.666666666666664,24.791666666666668,0.0,20.720833333333335,211.125,6.097916666666666,240.04976845833335,0.0,240.04979166666666,11.5,1.0,2.0,2022.0,0.0,69.45949902834936,309.5092674866827,9958.802249999999,-9649.292982513316
2022-02-23,165513.85083333333,42362.5175,55727.4125,17740.9575,47760.47291666667,1922.4925,18.658333333333335,67.58333333333333,33.875,0.0,14.204166666666666,202.41666666666666,2.598333333333333,224.35519995833332,0.0,224.35524999999998,11.5,2.0,2.0,2022.0,0.0,0.054549154092363966,224.40974911242571,9930.831049999999,-9706.421300887574
2022-02-24,167490.46,43742.41458333333,56353.18583333333,17117.850416666668,48312.38291666666,1964.6270833333335,18.245833333333334,72.0,51.416666666666664,0.0,7.016666666666667,198.375,2.0395833333333333,190.81636235416667,0.0,190.81633333333335,11.5,3.0,2.0,2022.0,0.0,0.0,190.81636235416667,10049.4276,-9858.611237645833
2022-02-25,167990.20458333334,44410.47,56696.119999999995,16650.041666666668,48410.597083333334,1822.9770833333332,18.620833333333334,68.29166666666667,18.291666666666668,0.0,8.0875,202.875,3.8841666666666668,222.88941008333333,0.0,222.88945833333332,11.5,4.0,2.0,2022.0,0.0,9.327423639689071,232.2168337230224,10079.412275,-9847.195441276977
2022-02-26,164501.88708333333,40944.15541666667,56645.29541666667,17100.607500000002,48038.715,1773.1120833333334,17.808333333333334,69.16666666666667,22.208333333333332,0.0625,17.599999999999998,211.29166666666666,4.933333333333334,231.3468993125,0.0,231.34687499999998,11.5,5.0,2.0,2022.0,1.0,44.41511928440786,275.76201859690786,9870.113225,-9594.351206403093
2022-02-27,160553.34708333333,41012.12625,55057.28708333333,16651.40625,46008.75833333333,1823.7679166666667,17.1375,63.708333333333336,10.083333333333334,0.0,10.525,218.29166666666666,3.2737499999999997,234.712988,0.0,234.71304166666667,11.5,6.0,2.0,2022.0,1.0,0.17569187242798345,234.888679872428,9633.200825,-9398.312145127571
2022-02-28,165977.65083333335,42688.027083333334,56360.99041666667,17117.082916666666,47938.65791666667,1872.8908333333331,16.412499999999998,62.666666666666664,11.416666666666666,0.0,12.0875,228.95833333333334,2.935833333333333,248.02689175,0.0,248.02691666666666,11.5,0.0,2.0,2022.0,0.0,0.15040466392318236,248.1772964139232,9958.65905,-9710.481753586077
2022-03-01,166472.3375,43315.82125,55461.34916666666,17330.216666666667,48482.32708333334,1882.6241666666667,17.116666666666667,64.54166666666667,4.875,0.0,8.466666666666667,224.83333333333334,2.2216666666666667,240.65597279166664,0.0,240.65599999999998,11.5,1.0,3.0,2022.0,0.0,0.0020091449474165415,240.65798193661408,9988.34025,-9747.682268063385
2022-03-02,166541.61416666667,43417.987916666665,56097.01583333333,17368.345,47758.799999999996,1899.4658333333334,18.479166666666668,62.041666666666664,5.375,0.0,6.383333333333333,226.375,2.1508333333333334,237.20676966666667,0.0,237.20675000000003,11.5,2.0,3.0,2022.0,0.0,0.0,237.20676966666667,9992.49685,-9755.290080333334
2022-03-03,167484.69083333333,43684.20375,56416.53041666667,17119.7375,48359.4725,1904.7483333333332,19.5,63.333333333333336,28.291666666666668,0.06666666666666667,6.295833333333333,202.45833333333334,2.33875,212.23139558333332,0.0,212.23137499999999,11.5,3.0,3.0,2022.0,0.0,0.0,212.23139558333332,10049.08145,-9836.850054416665
2022-03-04,168761.88999999998,44045.017499999994,56386.27333333334,17471.78875,48962.019583333335,1896.79375,18.8625,69.75,7.208333333333333,0.0,13.637500000000001,222.91666666666666,3.695,229.3145785,0.0,229.31454166666666,11.5,4.0,3.0,2022.0,0.0,1.6174414723365338,230.93201997233655,10125.713399999999,-9894.781380027664
2022-03-05,169174.65875,43860.761666666665,56550.35208333333,17731.27375,49137.00916666666,1895.2645833333333,18.945833333333333,65.29166666666667,0.9583333333333334,0.0,14.979166666666666,232.66666666666666,3.464166666666667,245.768974125,0.0,245.769,11.5,5.0,3.0,2022.0,1.0,1.2182305098308186,246.98720463483082,10150.479525,-9903.492320365169
2022-03-06,164501.80583333332,42753.80541666666,55594.04583333334,17747.16375,46578.04416666667,1828.7458333333334,19.620833333333334,62.958333333333336,90.375,0.0,7.558333333333334,210.625,2.0025,198.76883545833334,0.0,198.76883333333333,11.5,6.0,3.0,2022.0,1.0,0.0,198.76883545833334,9870.10835,-9671.339514541667
2022-03-07,167746.63625,43649.76833333333,56308.525,17978.610416666666,47920.697916666664,1889.0329166666668,20.954166666666666,59.958333333333336,48.583333333333336,0.0,7.079166666666667,228.125,2.314583333333333,213.96600654166664,0.0,213.96604166666668,11.5,0.0,3.0,2022.0,0.0,0.0022484567901234543,213.96825499845679,10064.798175,-9850.829920001543
2022-03-08,169751.15166666667,44506.854583333334,56931.95374999999,18001.774999999998,48362.27833333333,1948.29125,21.5,56.375,36.458333333333336,0.0,9.854166666666666,235.125,2.8175000000000003,239.93188675,0.0,239.931875,11.5,1.0,3.0,2022.0,0.0,0.1473708276177412,240.0792575776177,10185.069099999999,-9944.989842422381
2022-03-09,170947.26708333334,44835.48166666667,56371.942500000005,18097.742916666666,49670.97291666667,1971.1279166666666,22.120833333333334,51.041666666666664,19.75,0.0,10.987499999999999,235.0,3.090833333333333,233.05438470833334,0.0,233.05433333333335,11.5,2.0,3.0,2022.0,0.0,0.06329983996342017,233.11768454829675,10256.836024999999,-10023.718340451704
2022-03-10,171751.18541666667,44837.784583333334,55999.815833333334,18574.379166666666,50352.13416666666,1987.07125,22.22083333333333,51.0,29.083333333333332,0.0,12.329166666666667,233.45833333333334,3.5812500000000003,238.6576725,0.0,238.65766666666664,11.5,3.0,3.0,2022.0,0.0,2.564752686328303,241.2224251863283,10305.071125,-10063.84869981367
2022-03-11,173327.9883333333,45174.81416666667,57041.378333333334,18746.66,50356.25875,2008.8795833333334,22.004166666666666,57.375,0.08333333333333333,0.0,12.770833333333334,241.875,3.547916666666667,244.1258807083333,0.0,244.1257916666667,11.5,4.0,3.0,2022.0,0.0,1.8926167123914033,246.01849742072474,10399.6793,-10153.660802579276
2022-03-12,172554.35083333333,44961.365,56917.3225,18902.772083333333,49780.97791666666,1991.915,22.270833333333332,53.833333333333336,0.16666666666666666,0.0,11.975,246.41666666666666,2.904583333333333,246.21886666666668,0.0,246.21883333333335,11.5,5.0,3.0,2022.0,1.0,0.2938343621399176,246.51270102880656,10353.26105,-10106.748348971194
2022-03-13,168350.31791666665,44117.17041666667,56062.020416666666,18734.479583333334,47494.71333333334,1941.9345833333334,23.525000000000002,59.041666666666664,0.0,0.0,11.129166666666668,241.04166666666666,2.4154166666666668,236.85327820833334,0.0,236.85333333333335,11.5,6.0,3.0,2022.0,1.0,2.053255086877,238.90653329521032,10101.019075,-9862.11254170479
2022-03-14,174666.18166666667,45880.88375,57574.41583333333,19248.750416666666,49889.729583333334,2072.4008333333336,24.270833333333332,64.45833333333333,0.0,0.0,8.295833333333333,242.33333333333334,2.1275,234.57907183333336,0.0,234.57908333333333,11.5,0.0,3.0,2022.0,0.0,0.39272776634659334,234.97179959967994,10479.9709,-10244.999100400319
2022-03-15,178561.26916666667,47252.90541666667,59323.57166666666,19275.803333333333,50631.41291666666,2077.5745833333335,26.120833333333334,63.833333333333336,0.0,0.0,9.891666666666667,242.29166666666666,3.1333333333333333,234.14773666666667,0.0,234.14775,11.5,1.0,3.0,2022.0,0.0,2.556462962962963,236.70419962962964,10713.67615,-10476.971950370369
2022-03-16,180716.8554166667,47751.18083333334,59764.83083333333,20068.310416666667,51082.559166666666,2049.9758333333334,27.020833333333332,58.291666666666664,24.75,0.0,15.65,247.5,4.37875,239.68693716666667,0.0,239.68691666666666,11.5,2.0,3.0,2022.0,0.0,31.30013620256059,270.9870733692273,10843.011325,-10572.024251630772
2022-03-17,181051.26333333334,47589.91083333333,59352.33375,20482.672083333335,51539.840416666666,2086.5066666666667,26.541666666666668,64.08333333333333,13.333333333333334,0.0,7.795833333333333,247.625,2.945,232.4897615,0.0,232.48975,11.5,3.0,3.0,2022.0,0.0,0.41923336762688607,232.9089948676269,10863.0758,-10630.166805132372
2022-03-18,168008.40666666665,44105.72875,51963.20291666667,19404.452083333334,50545.052083333336,1989.9754166666664,27.375,65.625,19.083333333333332,0.0,9.095833333333333,244.58333333333334,3.00375,233.81281633333333,0.0,233.81279166666664,11.5,4.0,3.0,2022.0,0.0,0.8402537151348879,234.6530700484682,10080.5044,-9845.85132995153
2022-03-19,169721.79708333334,43791.03958333333,55310.5625,19320.080416666668,49308.2425,1991.8716666666667,27.791666666666668,60.166666666666664,4.958333333333333,0.0,7.129166666666666,245.95833333333334,2.5904166666666666,231.34813229166664,0.0,231.34816666666666,11.5,5.0,3.0,2022.0,1.0,0.042724908550525825,231.39085720021717,10183.307825,-9951.916967799783
2022-03-20,171967.965,45868.12791666667,57360.15333333333,19968.545833333334,46746.75583333333,2024.38375,28.120833333333334,48.166666666666664,0.625,0.0,9.429166666666667,252.29166666666666,1.3908333333333334,230.2164733333333,0.0,230.21654166666667,11.5,6.0,3.0,2022.0,1.0,0.0,230.2164733333333,10318.077899999998,-10087.861426666666
2022-03-21,178908.7666666667,47831.076250000006,58695.00291666667,21014.634583333333,49301.40916666667,2066.6441666666665,27.858333333333334,44.666666666666664,1.375,0.0,10.079166666666667,250.29166666666666,2.611666666666667,234.60741099999998,0.0,234.60741666666664,11.5,0.0,3.0,2022.0,0.0,0.08246147690900774,234.68987247690902,10734.526,-10499.83612752309
2022-03-22,179195.9541666667,47460.034583333334,58668.88458333333,21536.802916666667,49439.168750000004,2091.065,27.849999999999998,43.0,0.0,0.0,17.304166666666667,260.625,4.1625000000000005,247.23813654166668,0.0,247.23808333333332,11.5,1.0,3.0,2022.0,0.0,16.8321183127572,264.07025485442387,10751.75725,-10487.686995145576
2022-03-23,180223.27083333334,47434.18541666667,58851.43666666667,21508.636666666665,50336.57041666666,2092.44375,27.541666666666668,38.416666666666664,8.666666666666666,0.0,9.916666666666666,253.16666666666666,2.1345833333333335,237.63927679166667,0.0,237.63924999999998,11.5,2.0,3.0,2022.0,0.0,0.0,237.63927679166667,10813.39625,-10575.756973208334
2022-03-24,179483.89833333332,47046.32749999999,58859.700833333336,21354.92541666667,50179.46375,2043.4799999999998,27.420833333333334,36.916666666666664,0.4166666666666667,0.0,12.0,260.0,3.358333333333333,243.56475470833334,0.0,243.56483333333333,11.5,3.0,3.0,2022.0,0.0,2.3936490054869686,245.9584037138203,10769.0339,-10523.07549628618
2022-03-25,179206.65125,46961.24583333333,59053.99791666667,21399.995,49776.106250000004,2015.3062499999999,26.866666666666664,31.333333333333332,0.0,0.0,12.508333333333333,262.4166666666667,3.6766666666666663,245.03526583333334,0.0,245.03525000000002,11.5,4.0,3.0,2022.0,0.0,3.677615397805212,248.71288123113854,10752.399075,-10503.68619376886
2022-03-26,178299.91333333333,46138.05958333333,59060.37875,21110.94625,50006.19708333333,1984.33,27.179166666666664,29.958333333333332,0.0,0.0,17.5,267.5,4.785833333333334,250.11507958333334,0.0,250.115125,11.5,5.0,3.0,2022.0,1.0,40.86363557384545,290.9787151571788,10697.994799999999,-10407.01608484282
2022-03-27,174825.56416666668,45930.642916666664,57593.660833333335,21166.993333333336,48133.151249999995,2001.1179166666668,28.020833333333332,27.5,0.0,0.0,14.454166666666666,269.8333333333333,3.045833333333333,247.53837416666667,0.0,247.538375,11.5,6.0,3.0,2022.0,1.0,11.151114654778235,258.6894888214449,10489.53385,-10230.844361178555
2022-03-28,180987.11125,47928.75666666666,59150.3775,21788.3075,50106.082916666666,2013.58625,28.954166666666666,27.916666666666668,0.0,0.0,9.145833333333334,268.9583333333333,2.1395833333333334,242.39237125,0.0,242.39237500000002,11.5,0.0,3.0,2022.0,0.0,0.0029861111111111126,242.3953573611111,10859.226675,-10616.83131763889
2022-03-29,183917.1525,48703.105833333335,59677.68166666667,21941.658750000002,51551.275,2043.4320833333334,29.099999999999998,26.708333333333332,0.0,0.0,11.654166666666667,270.125,2.4175,243.05247045666667,0.0,243.05254166666668,11.5,1.0,3.0,2022.0,0.0,0.5731549497027891,243.62562540636944,11035.02915,-10791.40352459363
2022-03-30,184434.66,49393.22125,59837.511666666665,21815.46125,51341.8975,2046.5662499999999,29.379166666666666,28.375,0.0,0.0,7.408333333333334,268.25,2.3937500000000003,236.81668164583334,0.0,236.81670833333337,11.5,2.0,3.0,2022.0,0.0,0.06493924325560126,236.88162088908894,11066.0796,-10829.197979110912
2022-03-31,184797.75291666668,49496.84083333333,59823.435,21638.749583333334,51788.55666666667,2050.1695833333333,29.474999999999998,38.375,0.0,0.0,8.295833333333333,266.4583333333333,2.72,236.04645673041668,0.0,236.0465,11.5,3.0,3.0,2022.0,0.0,0.020854538180155435,236.0673112685968,11087.865174999999,-10851.797863731403
2022-04-01,184070.89625,49333.17125000001,59047.815833333334,21518.204166666666,52124.885416666664,2046.8195833333332,28.916666666666668,26.166666666666668,0.0,0.0,13.875,278.1666666666667,3.465,250.9754673,0.0,250.97545833333334,11.5,4.0,4.0,2022.0,0.0,6.081719307270233,257.05718660727024,11044.253775,-10787.19658839273
2022-04-02,181335.77333333335,47928.22583333333,58836.4775,21887.802916666667,50613.855416666665,2069.41,28.912499999999998,23.5,0.0,0.0,8.629166666666666,275.4583333333333,2.09,240.07344749166668,0.0,240.0735,11.5,5.0,4.0,2022.0,1.0,0.23999119798811153,240.31343868965476,10880.1464,-10639.832961310345
2022-04-03,175554.7354166667,46452.72416666666,58125.74958333333,21158.465833333332,47797.39708333334,2020.3991666666668,30.120833333333334,18.875,0.0,0.0,9.9375,281.25,2.7937499999999997,244.90843131666668,0.0,244.90845833333333,11.5,6.0,4.0,2022.0,1.0,1.1860924782807503,246.09452379494743,10533.284125,-10287.189601205051
2022-04-04,182045.86125,48339.57958333333,60239.14208333333,20776.590833333332,50704.567500000005,1985.9804166666665,29.141666666666666,18.208333333333332,13.958333333333334,0.0,12.799999999999999,280.0,3.5654166666666662,244.7803381125,0.0,244.78025,11.5,0.0,4.0,2022.0,0.0,1.8454930269775947,246.62583113947758,10922.751675,-10676.125843860522
2022-04-05,184120.76625,48309.840416666666,61159.06291666667,21598.202916666665,50994.30583333334,2059.3529166666667,29.46666666666667,20.291666666666668,53.875,0.0,10.745833333333332,281.0833333333333,2.7550000000000003,244.07063159583333,0.0,244.07070833333333,11.5,1.0,4.0,2022.0,0.0,0.7701460333790581,244.8407776292124,11047.245975,-10802.405197370788
2022-04-06,184031.35958333334,48739.24041666667,60755.26125,22246.51375,50198.61083333333,2091.7325,30.266666666666666,19.291666666666668,28.833333333333332,0.0,12.15,278.9583333333333,2.295,242.70639171666664,0.0,242.70641666666666,11.5,2.0,4.0,2022.0,0.0,0.06703600823045264,242.77342772489712,11041.881575,-10799.108147275103
2022-04-07,185634.67416666666,49611.450833333336,60599.315,22273.365416666667,51046.89041666667,2103.650833333333,31.054166666666664,18.25,0.0,0.0,11.233333333333334,278.6666666666667,2.3024999999999998,239.70776211249998,0.0,239.70779166666668,11.5,3.0,4.0,2022.0,0.0,0.233508230452675,239.94127034295266,11138.08045,-10898.139179657048
2022-04-08,187064.07875,50564.07125,60893.90416666667,22328.30875,51180.8025,2096.9900000000002,32.108333333333334,15.708333333333334,0.0,0.0,11.141666666666666,280.1666666666667,2.1754166666666666,238.42793491666666,0.0,238.42791666666668,11.5,4.0,4.0,2022.0,0.0,0.04572433699131228,238.47365925365798,11223.844725,-10985.37106574634
2022-04-09,184842.59458333332,50505.96875,60931.47583333333,22150.18625,49176.53291666667,2078.4275000000002,32.925,15.875,5.041666666666667,0.0,10.4,273.625,2.8654166666666665,228.047453305,0.0,228.04754166666666,11.5,5.0,4.0,2022.0,1.0,0.7485616140832186,228.7960149190832,11090.555675000001,-10861.759660080917
2022-04-10,178366.6025,48931.72416666666,59388.93125,21562.98833333333,46456.39666666667,2026.5625,33.2875,15.5,0.0,0.0,15.129166666666668,280.9166666666667,3.7529166666666662,239.58202839875003,0.0,239.58208333333334,11.5,6.0,4.0,2022.0,1.0,10.719393804298123,250.30142220304813,10701.99615,-10451.694727796952
2022-04-11,183527.74708333332,51463.57541666667,59700.87541666667,22352.02791666667,48071.90583333333,1939.36125,32.97083333333334,17.833333333333332,49.291666666666664,0.0,10.954166666666666,276.4166666666667,2.3866666666666667,235.67000764583335,0.0,235.67004166666666,11.5,0.0,4.0,2022.0,0.0,0.22488220164609074,235.89488984747945,11011.664825,-10775.76993515252
2022-04-12,184883.7958333333,51996.25541666666,59815.448333333334,22645.528333333335,48395.661250000005,2030.9029166666667,32.375,20.125,93.95833333333333,0.0,10.0375,248.79166666666666,2.1662500000000002,205.93452925,0.0,205.93449999999999,11.5,1.0,4.0,2022.0,0.0,0.06991712391403748,206.00444637391402,11093.02775,-10887.023303626085
2022-04-13,184362.58875,52055.71458333333,59730.722083333334,22944.07375,47584.99041666667,2047.0858333333333,32.49583333333333,19.708333333333332,3.4583333333333335,0.0,10.25,277.5833333333333,2.8579166666666667,234.60206770833335,0.0,234.60204166666668,11.5,2.0,4.0,2022.0,0.0,1.0306168267032465,235.63268453503656,11061.755325,-10826.122640464962
2022-04-14,181117.9425,50874.65208333333,60824.37291666667,23076.117499999997,44341.37708333333,2001.4216666666669,31.829166666666666,18.416666666666668,19.291666666666668,0.0,13.416666666666666,279.2083333333333,3.4133333333333336,232.13214390833332,0.0,232.13220833333332,11.5,3.0,4.0,2022.0,0.0,1.1207094764517604,233.25285338478508,10867.07655,-10633.823696615214
2022-04-15,181104.23416666666,50710.449583333335,61342.35291666666,22655.57375,44483.495416666665,1912.3620833333334,31.145833333333332,20.375,10.125,0.0,10.554166666666667,270.7916666666667,3.7937499999999997,233.37648232708332,0.0,233.37645833333332,11.5,4.0,4.0,2022.0,0.0,6.70231167123914,240.07879399832248,10866.25405,-10626.175256001678
2022-04-16,183551.08083333334,51533.535833333335,61007.64875,23457.880833333333,45576.236249999994,1975.7783333333334,31.72083333333333,18.5,2.0833333333333335,0.0,8.454166666666667,280.0,2.9595833333333332,231.47357714708335,0.0,231.47350000000003,11.5,5.0,4.0,2022.0,1.0,0.053119741655235475,231.52669688873857,11013.06485,-10781.538153111262
2022-04-17,176964.26708333334,50680.14666666667,59429.14041666667,22814.322916666668,42091.770833333336,1948.8858333333335,32.05833333333333,19.375,15.833333333333334,0.0,9.304166666666667,284.7916666666667,2.502083333333333,232.69698156166666,0.0,232.69704166666668,11.5,6.0,4.0,2022.0,1.0,0.012264860539551871,232.7092464222062,10617.856025,-10385.146778577793
2022-04-18,183515.26375,52528.932499999995,61449.9375,23225.975416666668,44339.012500000004,1971.4066666666668,32.68333333333333,21.208333333333332,2.2083333333333335,0.0,8.116666666666667,278.5416666666667,3.01625,228.37340402833334,0.0,228.373375,11.5,0.0,4.0,2022.0,0.0,2.947818529949702,231.32122255828304,11010.915824999998,-10779.594602441717
2022-04-19,185070.27625,52565.77708333333,61794.361249999994,23174.427083333332,45491.40375,2044.3083333333334,34.09583333333333,17.166666666666668,2.625,0.0,15.125,276.7916666666667,3.997916666666667,224.4032069875,0.0,224.4032083333333,11.5,1.0,4.0,2022.0,0.0,5.649025434385002,230.052232421885,11104.216574999999,-10874.164342578115
2022-04-20,184403.7316666667,53366.11666666667,61284.19666666666,21804.628333333334,45964.53666666666,1984.2533333333333,33.97083333333333,17.041666666666668,49.583333333333336,0.0,15.775,276.5833333333333,4.514166666666667,235.14595635208335,0.0,235.1459166666667,11.5,2.0,4.0,2022.0,0.0,29.445947187928667,264.59190354001197,11064.223899999999,-10799.631996459988
2022-04-21,183871.6395833333,52602.83958333333,60712.8975,21784.185416666667,46792.837916666664,1978.88,31.504166666666666,23.0,69.5,0.0,13.320833333333333,179.75,2.6991666666666667,154.96093365208333,0.0,154.96087500000002,11.5,3.0,4.0,2022.0,0.0,2.3814190100594423,157.3423526621428,11032.298374999998,-10874.956022337856
2022-04-22,181153.79458333334,51105.53,59579.53041666667,21979.42,46500.12125,1989.1929166666666,30.933333333333334,28.208333333333332,2.0,0.0,10.1875,275.4166666666667,2.219583333333333,222.74078116666666,0.0,222.7407916666667,11.5,4.0,4.0,2022.0,0.0,0.006733024691358021,222.74751419135802,10869.227675,-10646.480160808642
2022-04-23,183121.86833333332,51513.81083333333,61158.26416666667,22052.204583333336,46384.56541666667,2013.02375,31.629166666666666,19.625,0.4583333333333333,0.0,9.716666666666667,284.7916666666667,2.938333333333333,234.8108675670833,0.0,234.81079166666666,11.5,5.0,4.0,2022.0,1.0,0.5894120941929581,235.40027966127627,10987.312100000001,-10751.911820338724
2022-04-24,178938.2325,50350.48458333333,59387.98375000001,21741.11333333333,45438.06958333333,2020.5804166666667,32.09583333333333,18.666666666666668,6.083333333333333,0.0,15.9,284.25,4.562083333333334,237.82267775291666,0.0,237.82266666666666,11.5,6.0,4.0,2022.0,1.0,53.344983139003205,291.16766089191987,10736.29395,-10445.126289108079
2022-04-25,184394.3554166667,51675.409583333334,61061.47791666666,22591.314583333336,47003.55541666667,2062.59875,32.99166666666667,19.708333333333332,26.5,0.0,13.041666666666666,277.0416666666667,2.7920833333333337,226.56209082083333,0.0,226.5620416666667,11.5,0.0,4.0,2022.0,0.0,3.6771971879286696,230.23928800876197,11063.661325000001,-10833.422036991238
2022-04-26,184428.66541666666,51320.88916666667,61088.480833333335,22949.24625,47007.15583333333,2062.895,33.020833333333336,20.0,3.75,0.0,12.141666666666666,277.3333333333333,3.8387499999999997,230.29182244416666,0.0,230.29183333333333,11.5,1.0,4.0,2022.0,0.0,8.690519090077734,238.9823415342444,11065.719925,-10826.737583465756
2022-04-27,187024.14,51973.02333333334,61244.43208333334,23012.324583333335,48808.17291666666,1986.1866666666667,33.233333333333334,16.791666666666668,0.0,0.0,10.970833333333333,286.6666666666667,3.4091666666666662,236.31525193833332,0.0,236.31529166666667,11.5,2.0,4.0,2022.0,0.0,8.485357281664381,244.8006092199977,11221.4484,-10976.647790780002
2022-04-28,188043.25541666665,53131.91458333333,61394.435,22647.587499999998,48792.173749999994,2077.14375,34.94166666666667,16.25,7.125,0.0,10.762500000000001,282.5833333333333,2.87625,230.46041166666666,0.0,230.46045833333335,11.5,3.0,4.0,2022.0,0.0,0.344973765432099,230.80538543209877,11282.595325,-11051.7899395679
2022-04-29,188891.4325,54245.737499999996,61842.05291666667,22781.582916666666,47943.35916666667,2078.6970833333335,35.87083333333333,13.625,5.291666666666667,0.0,14.725,281.6666666666667,4.0216666666666665,228.59624358541666,0.0,228.59629166666664,11.5,4.0,4.0,2022.0,0.0,8.092271776406035,236.6885153618227,11333.48595,-11096.797434638176
2022-04-30,188382.83333333334,57073.32125,61270.84625,19696.89125,48375.94291666666,1965.8283333333331,35.78333333333333,13.791666666666666,4.333333333333333,0.0,12.0875,281.4583333333333,2.3541666666666665,226.723952625,0.0,226.72400000000002,11.5,5.0,4.0,2022.0,1.0,0.019728452217649736,226.74368107721764,11302.97,-11076.226318922782
2022-05-01,178823.43916666668,55167.77208333334,58285.424999999996,19016.641666666666,44371.229166666664,1982.3687499999999,32.99583333333333,31.0,20.666666666666668,0.0,15.483333333333334,256.625,3.7770833333333336,216.68951892916667,0.0,216.68954166666666,11.5,6.0,5.0,2022.0,1.0,10.922460448102422,227.6119793772691,10729.40635,-10501.79437062273
2022-05-02,185191.39833333332,57457.25791666666,59827.38125,19594.18333333333,46329.43333333333,1983.1408333333331,32.59166666666667,37.208333333333336,11.708333333333334,0.0,15.245833333333335,260.7916666666667,3.126666666666667,226.74787547208334,0.0,226.74783333333335,11.5,0.0,5.0,2022.0,0.0,3.0754184385002277,229.82329391058354,11111.4839,-10881.660606089416
2022-05-03,185695.5625,58446.13333333333,60277.767499999994,18525.382083333334,46487.111249999994,1959.165,32.858333333333334,42.083333333333336,19.041666666666668,0.004166666666666667,11.275,253.0,1.7466666666666668,215.61410684999998,0.0,215.61408333333335,11.5,1.0,5.0,2022.0,0.0,0.0,215.61410684999998,11141.73375,-10926.11964315
2022-05-04,181452.37875,55114.12083333333,60333.04541666667,19518.243333333336,44558.10666666667,1928.8620833333334,31.058333333333334,47.0,27.458333333333332,0.008333333333333333,10.950000000000001,245.79166666666666,2.0316666666666667,206.20884435125,0.0,206.20883333333333,11.5,2.0,5.0,2022.0,0.0,0.004238225880201187,206.2130825771302,10887.142725,-10680.929642422869
2022-05-05,177835.27666666664,51169.72708333333,60661.34958333333,19857.517083333332,44156.701250000006,1989.9783333333335,30.6375,46.5,3.6666666666666665,0.0,7.841666666666666,270.375,2.5029166666666667,218.34088150541666,0.0,218.34087499999998,11.5,3.0,5.0,2022.0,0.0,0.024608882030178303,218.36549038744684,10670.1166,-10451.751109612553
2022-05-06,181608.55708333335,55449.71875,60463.548749999994,19948.5425,43713.22416666666,2033.5225,32.28333333333333,33.041666666666664,6.958333333333333,0.0,7.095833333333334,263.8333333333333,2.4766666666666666,213.92215334583332,0.0,213.92220833333332,11.5,4.0,5.0,2022.0,0.0,0.7141080246913583,214.6362613705247,10896.513425,-10681.877163629475
2022-05-07,184024.19041666668,56857.97833333333,60144.448333333334,21442.79125,43505.409583333334,2073.5620833333332,32.791666666666664,29.833333333333332,4.625,0.0,8.216666666666667,266.3333333333333,2.5225,212.8384972725,0.0,212.83854166666666,11.5,5.0,5.0,2022.0,1.0,1.4794712505715593,214.31796852307158,11041.451425,-10827.133456476928
2022-05-08,179211.50916666666,55656.947916666664,58673.730833333335,21577.451250000002,41280.32541666667,2023.0516666666665,33.079166666666666,33.833333333333336,0.8333333333333334,0.0,11.966666666666667,274.5,2.69,222.47334670166666,0.0,222.47333333333333,11.5,6.0,5.0,2022.0,1.0,0.2490106881572931,222.72235738982397,10752.69055,-10529.968192610175
2022-05-09,184405.67791666664,58812.36916666667,60414.630416666674,21216.400416666667,41957.1425,2005.1333333333332,33.36666666666667,44.25,4.625,0.0,14.666666666666666,255.79166666666666,3.55625,219.33251700125,0.0,219.33254166666666,11.5,0.0,5.0,2022.0,0.0,2.7001343735711028,222.03265137482109,11064.340675,-10842.308023625179
2022-05-10,182856.16291666668,60443.68208333334,60706.96208333334,21178.987083333333,38533.79083333333,1992.7395833333333,33.45,45.416666666666664,10.625,0.0,11.845833333333333,251.33333333333334,3.1024999999999996,214.42726549999998,0.0,214.42725,11.5,1.0,5.0,2022.0,0.0,3.6752757201646102,218.10254122016462,10971.369775,-10753.267233779834
2022-05-11,183290.91583333336,61715.00125,61134.925416666665,21406.0575,37017.49083333334,2017.4399999999998,34.0875,43.958333333333336,5.708333333333333,0.0,11.641666666666666,257.125,2.955,212.08948566666666,0.0,212.08950000000002,11.5,2.0,5.0,2022.0,0.0,0.9019210676726107,212.99140673433928,10997.45495,-10784.46354326566
2022-05-12,186793.37541666665,63137.06166666667,60898.225,21809.66875,38933.0875,2015.3275,35.145833333333336,41.458333333333336,3.2083333333333335,0.0,12.754166666666668,257.125,2.6654166666666668,211.8685823333333,0.0,211.8685416666667,11.5,3.0,5.0,2022.0,0.0,0.615072930955647,212.48365526428896,11207.602525,-10995.118869735712
2022-05-13,185737.73708333334,62741.09416666667,60034.6025,21778.431666666667,39185.98375,1997.6216666666667,34.99583333333333,41.708333333333336,2.25,0.0,13.0375,268.6666666666667,3.6391666666666667,219.10326745833333,0.0,219.10333333333332,11.5,4.0,5.0,2022.0,0.0,11.6136022519433,230.71686971027665,11144.264224999999,-10913.547355289722
2022-05-14,187231.24041666664,63568.239583333336,59586.957916666666,21601.06,40479.20125,1995.7820833333333,35.949999999999996,26.375,0.4166666666666667,0.0,9.866666666666667,276.0416666666667,3.3791666666666664,225.47289604166667,0.0,225.47287500000002,11.5,5.0,5.0,2022.0,1.0,10.07864397576589,235.55154001743256,11233.874425,-10998.322884982568
2022-05-15,180818.12458333335,61814.9775,58066.30708333334,21749.068333333333,37209.645416666666,1978.1254166666668,37.69583333333333,15.125,24.0,0.0,12.579166666666666,266.4583333333333,4.352916666666666,218.17444716666668,0.0,218.17445833333332,11.5,6.0,5.0,2022.0,1.0,21.03188351623228,239.20633068289897,10849.087475,-10609.881144317102
2022-05-16,186074.54875,62685.33083333333,59366.825000000004,22274.31583333333,39723.58833333333,2024.4887499999998,36.42916666666667,22.333333333333332,54.0,0.0,16.058333333333334,201.70833333333334,3.68875,207.62209908333332,0.0,207.62212499999998,11.5,0.0,5.0,2022.0,0.0,26.843206847279372,234.4653059306127,11164.472925,-10930.007619069387
2022-05-17,186510.93041666667,61688.92333333333,60173.012083333335,22051.274583333332,40598.32833333333,1999.3908333333331,32.97083333333333,41.666666666666664,22.875,0.016666666666666666,10.304166666666667,234.5,1.9108333333333334,202.34533054166664,0.0,202.34529166666667,11.5,1.0,5.0,2022.0,0.0,0.0,202.34533054166664,11190.655825,-10988.310494458332
2022-05-18,185916.87291666667,61730.335,59892.207916666666,22647.48875,39625.637500000004,2021.2020833333333,34.833333333333336,32.166666666666664,13.75,0.0,8.5875,254.75,2.2104166666666667,204.941209125,0.0,204.94125,11.5,2.0,5.0,2022.0,0.0,1.9583225308641978,206.8995316558642,11155.012374999998,-10948.112843344135
2022-05-19,185760.81625,63352.106250000004,59648.04083333333,21831.97875,38979.50916666666,1949.1758333333335,35.512499999999996,28.75,1.4166666666666667,0.0,9.091666666666667,270.7916666666667,2.654166666666667,214.495154375,0.0,214.49516666666668,11.5,3.0,5.0,2022.0,0.0,3.370326245999086,217.86548062099908,11145.648974999998,-10927.783494379
2022-05-20,184549.43291666664,64273.50375,57783.77916666667,21703.539583333335,38848.651666666665,1939.95625,36.82083333333333,21.833333333333332,21.5,0.0,12.070833333333333,267.4166666666667,4.195,214.99030975000002,0.0,214.99024999999997,11.5,4.0,5.0,2022.0,0.0,44.28881052812071,259.27912027812073,11072.965975,-10813.686854721878
2022-05-21,176830.29333333333,59234.64708333334,56034.59416666667,20995.202083333334,38594.97583333333,1970.8733333333332,35.104166666666664,28.041666666666668,44.625,0.0,12.783333333333333,226.625,2.169583333333333,197.16667708333333,0.0,197.16670833333333,11.5,5.0,5.0,2022.0,1.0,0.6597491426611796,197.8264262259945,10609.8176,-10411.991173774006
2022-05-22,167297.83666666667,56148.285833333335,53399.801666666666,18979.157916666667,36727.505833333336,2043.0829166666665,33.420833333333334,32.5,8.916666666666666,0.0,9.108333333333333,262.375,2.77875,213.05156366666665,0.0,213.05158333333335,11.5,6.0,5.0,2022.0,1.0,2.9206255144032913,215.97218918106998,10037.8702,-9821.89801081893
2022-05-23,163675.00125,47484.925833333335,54311.53958333333,20189.368749999998,39612.315833333334,2076.85,26.2625,64.91666666666667,63.083333333333336,1.0625,21.333333333333332,196.66666666666666,5.56375,204.20120745833333,0.0,204.20129166666666,11.5,0.0,5.0,2022.0,0.0,50.307716106538635,254.508923564872,9820.500075,-9565.991151435128
2022-05-24,166039.24291666667,42743.975,56127.65458333333,21436.720833333333,43625.901666666665,2104.9895833333335,26.90833333333333,64.29166666666667,26.125,0.0,11.433333333333332,255.08333333333334,2.67,133.97212695833335,0.0,133.97216666666665,11.5,1.0,5.0,2022.0,0.0,14.408077046181985,148.38020400451532,9962.354575,-9813.974370995484
2022-05-25,174443.92250000002,49653.85083333333,57530.33541666667,21963.985416666666,43237.46375,2058.28375,28.175,60.541666666666664,4.5,0.0,6.3500000000000005,259.9583333333333,2.129583333333333,196.274618,0.0,196.27462500000001,11.5,2.0,5.0,2022.0,0.0,1.2083842592592593,197.48300225925925,10466.635349999999,-10269.15234774074
2022-05-26,178839.31208333335,54030.0225,57376.8675,22053.215,43340.775,2038.4291666666668,29.587500000000002,54.083333333333336,0.25,0.0,6.958333333333333,270.8333333333333,2.28625,214.88170475,0.0,214.88170833333334,11.5,3.0,5.0,2022.0,0.0,0.04063934613625972,214.92234409613627,10730.358725,-10515.436380903864
2022-05-27,181016.46833333335,56867.84625,56645.835,22224.49625,43245.340833333335,2032.9483333333335,31.379166666666666,49.083333333333336,13.958333333333334,0.0,10.329166666666667,250.625,2.8800000000000003,204.88273795833334,0.0,204.88270833333334,11.5,4.0,5.0,2022.0,0.0,3.1848729995427534,208.0676109578761,10860.9881,-10652.920489042122
2022-05-28,181670.44708333336,57060.30291666667,56583.64166666666,22444.256250000002,43552.457083333335,2029.7870833333334,32.88333333333333,49.166666666666664,13.541666666666666,0.049999999999999996,8.170833333333333,250.04166666666666,3.7287500000000002,205.032434,0.0,205.032375,11.5,5.0,5.0,2022.0,1.0,4.26677486282579,209.2992088628258,10900.226825,-10690.927616137174
2022-05-29,177182.50916666666,55497.61541666667,55784.25708333333,21635.575416666667,42232.6075,2032.4516666666668,33.02916666666667,48.208333333333336,8.208333333333334,0.0,11.3125,260.4583333333333,3.22875,204.02012391666665,0.0,204.02016666666668,11.5,6.0,5.0,2022.0,1.0,2.3133173868312755,206.33344130349795,10630.95055,-10424.617108696502
2022-05-30,185057.48416666666,57435.47458333333,58344.9,22554.449583333335,44676.77458333334,2045.8812500000001,32.854166666666664,47.583333333333336,5.166666666666667,0.008333333333333333,10.616666666666667,250.79166666666666,1.8358333333333334,200.07968583333331,0.0,200.07970833333331,11.5,0.0,5.0,2022.0,0.0,0.0,200.07968583333331,11103.449050000001,-10903.369364166667
2022-05-31,188392.00125,59999.26458333334,58836.18625,23088.120833333334,44382.10666666667,2086.3233333333333,32.74166666666667,40.0,7.958333333333333,0.0,9.725,255.54166666666666,2.8662500000000004,203.96140233333335,0.0,203.96141666666665,11.5,1.0,5.0,2022.0,0.0,0.4532973251028806,204.4146996584362,11303.520075,-11099.105375341564
2022-06-01,186703.61583333334,60684.99291666667,57299.637500000004,22804.79291666667,43874.17083333334,2040.02375,33.62916666666667,33.666666666666664,7.833333333333333,0.0,10.833333333333334,257.8333333333333,2.7591666666666668,200.79054062500003,0.0,200.79058333333333,11.5,2.0,6.0,2022.0,0.0,3.2227874371284866,204.0133280621285,11202.21695,-10998.203621937872
2022-06-02,189551.07875,61702.901249999995,58267.675416666665,23145.007083333334,44382.62125,2052.8745833333332,34.141666666666666,27.291666666666668,9.375,0.0,12.0,249.54166666666666,3.28,199.36835258333335,0.0,199.36837500000001,11.5,3.0,6.0,2022.0,0.0,3.0535566415180604,202.42190922485142,11373.064724999998,-11170.642815775149
2022-06-03,190667.65291666667,62806.800416666665,58582.614166666666,23306.819583333334,43927.99041666667,2043.4279166666665,34.93333333333333,22.166666666666668,6.125,0.0,10.904166666666667,281.4583333333333,3.0833333333333335,215.98358479166666,0.0,215.9835416666667,11.5,4.0,6.0,2022.0,0.0,8.90573519661637,224.88931998828306,11440.059175,-11215.169855011716
2022-06-04,191013.27208333334,62553.652916666666,59238.269166666665,23004.931666666667,44202.079999999994,2014.3374999999999,35.483333333333334,19.625,16.791666666666668,0.0,8.591666666666667,274.125,2.252083333333333,210.66689616666667,0.0,210.66695833333333,11.5,5.0,6.0,2022.0,1.0,0.036280349794238685,210.7031765164609,11460.796325000001,-11250.093148483538
2022-06-05,185058.71458333335,61006.638750000006,57407.48458333333,22599.415416666667,42027.52375,2017.6516666666666,35.82083333333333,19.0,14.458333333333334,0.0,13.262500000000001,248.29166666666666,3.8470833333333334,205.20735549999998,0.0,205.20729166666663,11.5,6.0,6.0,2022.0,1.0,6.05730492684042,211.26466042684044,11103.522875,-10892.25821457316
2022-06-06,188189.66625,63804.67041666667,58992.16375,23025.01875,40300.28166666667,2067.53125,35.391666666666666,17.791666666666668,0.08333333333333333,0.0,11.933333333333332,283.75,1.9095833333333332,211.49317599999998,0.0,211.49316666666667,11.5,0.0,6.0,2022.0,0.0,0.4054527892089619,211.89862878920894,11291.379974999998,-11079.48134621079
2022-06-07,192722.21041666667,65612.80625000001,60017.66583333333,23456.79875,41554.32375,2080.6145833333335,36.37916666666667,21.166666666666668,4.125,0.0,15.216666666666667,267.6666666666667,4.83,197.13666075,0.0,197.136625,11.5,1.0,6.0,2022.0,0.0,16.867689814814813,214.0043505648148,11563.332625000001,-11349.328274435184
2022-06-08,194457.55708333335,66259.39458333333,59509.388750000006,23733.938333333335,42891.54958333333,2063.28625,36.80833333333333,19.125,2.875,0.0,19.495833333333334,273.0,5.407916666666666,211.13529933333334,0.0,211.13520833333334,11.5,2.0,6.0,2022.0,0.0,80.35150125743026,291.4868005907636,11667.453425,-11375.966624409237
2022-06-09,194635.57541666666,66885.84125,58294.03875,23094.437083333334,44298.136666666665,2063.11875,36.737500000000004,22.458333333333332,15.333333333333334,0.0,14.674999999999999,238.91666666666666,2.9304166666666664,187.58178791666668,0.0,187.58179166666665,11.5,3.0,6.0,2022.0,0.0,2.73501817558299,190.31680609224964,11678.134525,-11487.817718907749
2022-06-10,195425.40583333335,66854.35625,58178.11083333333,22690.01,45399.47041666667,2303.4570833333332,36.94166666666667,21.583333333333332,8.333333333333334,0.0,18.3625,256.9583333333333,6.1275,207.47442808333335,0.0,207.47441666666668,11.5,4.0,6.0,2022.0,0.0,96.96611625514403,304.44054433847737,11725.52435,-11421.083805661523
2022-06-11,192260.99750000003,66920.08166666667,56297.57166666666,22682.560833333333,44078.888750000006,2281.8937499999997,37.225,20.458333333333332,5.333333333333333,0.0,19.270833333333332,267.375,6.00125,209.22115770833332,0.0,209.22120833333335,11.5,5.0,6.0,2022.0,1.0,74.89785030864198,284.11900801697533,11535.659849999998,-11251.540841983026
2022-06-12,183794.4491666667,65352.065833333334,52172.52125,22428.12041666667,41752.347499999996,2089.3941666666665,36.666666666666664,23.083333333333332,10.875,0.0,15.049999999999999,251.41666666666666,4.1674999999999995,203.541923375,0.0,203.54195833333333,11.5,6.0,6.0,2022.0,1.0,19.639329389574762,223.18125276457477,11027.666949999999,-10804.485697235425
2022-06-13,188267.83708333332,65171.63791666667,54235.00583333333,23347.556249999998,43595.37458333333,1918.2608333333335,37.34583333333333,25.625,23.625,0.0,19.258333333333333,246.70833333333334,6.141249999999999,188.06407770833334,0.0,188.064,11.5,0.0,6.0,2022.0,0.0,58.30839591906721,246.37247362740052,11296.070225000001,-11049.6977513726
2022-06-14,191555.50916666666,66081.31625,55712.58375,23180.946249999997,44711.543750000004,1869.11625,34.733333333333334,38.833333333333336,60.041666666666664,0.0,22.891666666666666,195.0,6.259166666666666,153.63641175,0.0,153.63641666666666,11.5,1.0,6.0,2022.0,0.0,61.697586991312306,215.33399874131229,11493.330549999999,-11277.996551258688
2022-06-15,190281.08583333332,68017.72708333333,55570.09458333333,21994.61666666667,42899.457083333335,1799.1925,35.762499999999996,39.458333333333336,7.5,0.0,20.104166666666668,259.125,4.826666666666667,195.3221575,0.0,195.32216666666667,11.5,2.0,6.0,2022.0,0.0,24.48302097622313,219.80517847622312,11416.86515,-11197.059971523777
2022-06-16,186299.92541666667,65264.56083333333,54778.309166666666,22641.525833333333,41905.44583333333,1710.0858333333333,34.25,44.166666666666664,14.333333333333334,0.029166666666666664,12.083333333333334,229.04166666666666,3.4333333333333336,197.43470133333332,0.0,197.43479166666668,11.5,3.0,6.0,2022.0,0.0,5.346381630086877,202.7810829634202,11177.995524999998,-10975.21444203658
2022-06-17,179650.48958333334,59121.615,54783.93541666667,22121.718333333334,41961.513750000006,1661.7091666666665,29.916666666666668,64.08333333333333,21.333333333333332,0.4833333333333334,9.6,233.375,2.3491666666666666,140.13542720833334,0.0,140.13541666666666,11.5,4.0,6.0,2022.0,0.0,0.8007597736625517,140.9361869819959,10779.029375,-10638.093188018003
2022-06-18,174518.24083333332,56771.38458333333,54097.76500000001,20941.694166666668,40999.980833333335,1707.4154166666667,29.7375,64.70833333333333,45.541666666666664,0.0375,8.420833333333333,228.04166666666666,2.1316666666666664,112.01368183333334,0.0,112.01366666666667,11.5,5.0,6.0,2022.0,1.0,0.03413791723822586,112.04781975057155,10471.094449999999,-10359.046630249428
2022-06-19,165677.68708333335,54589.145833333336,50930.62791666667,20166.914583333335,38298.003333333334,1692.9962500000001,26.633333333333336,81.625,87.58333333333333,0.41250000000000003,9.75,159.54166666666666,1.5779166666666666,118.201190625,0.0,118.201125,11.5,6.0,6.0,2022.0,1.0,0.0,118.201190625,9940.661225,-9822.460034375
2022-06-20,170200.01291666666,56358.361249999994,51233.16541666666,21065.568750000002,39680.777500000004,1862.1416666666667,27.566666666666666,73.29166666666667,45.083333333333336,0.004166666666666667,5.816666666666666,208.83333333333334,1.4208333333333334,187.72829645833335,0.0,187.72833333333332,11.5,0.0,6.0,2022.0,0.0,0.0,187.72829645833335,10212.000774999999,-10024.272478541667
2022-06-21,169925.00541666665,55052.34083333333,51854.11833333334,21748.04375,39151.13791666667,2119.36375,27.933333333333334,72.04166666666667,28.458333333333332,0.3875,6.104166666666667,231.04166666666666,2.794583333333333,177.00172791666668,0.0,177.00170833333334,11.5,1.0,6.0,2022.0,0.0,0.3980133173296754,177.39974123399634,10195.500324999999,-10018.100583766003
2022-06-22,173912.76916666667,56968.53208333333,52501.167083333334,22476.82416666667,39752.254583333335,2213.990416666667,29.55,64.91666666666667,18.916666666666668,0.5416666666666666,7.5874999999999995,247.91666666666666,3.0408333333333335,187.98755916666667,0.0,187.98758333333333,11.5,2.0,6.0,2022.0,0.0,0.8531738683127572,188.84073303497942,10434.76615,-10245.925416965021
2022-06-23,179577.73375,61588.96708333333,51737.619999999995,22980.36208333333,41011.057916666665,2259.7279166666667,31.145833333333332,52.375,15.458333333333334,0.0,13.125,274.2083333333333,4.3062499999999995,211.021484375,0.0,211.02150000000003,11.5,3.0,6.0,2022.0,0.0,17.14924285550983,228.1707272305098,10774.664025,-10546.49329776949
2022-06-24,181567.78208333335,63473.52416666667,51530.77916666667,22716.367499999997,41512.41583333333,2334.69375,30.929166666666664,45.333333333333336,0.0,0.0,11.808333333333335,285.5416666666667,3.6041666666666665,215.47631604166665,0.0,215.47633333333332,11.5,4.0,6.0,2022.0,0.0,2.9441931298582538,218.4205091715249,10894.066925,-10675.646415828474
2022-06-25,181505.65916666668,65409.72583333333,51413.14625,22129.002500000002,40229.666666666664,2324.1195833333336,32.475,39.833333333333336,4.416666666666667,0.0,6.283333333333334,280.4583333333333,1.9083333333333332,208.30024075000003,0.0,208.30025,11.5,5.0,6.0,2022.0,1.0,0.0033977480566986704,208.3036384980567,10890.339549999999,-10682.035911501944
2022-06-26,180226.12666666668,67080.08791666667,50399.60791666667,21969.627083333336,38491.06083333333,2285.744166666667,33.62916666666667,51.375,29.583333333333332,0.0,13.829166666666666,261.75,3.888333333333333,176.46344808333333,0.0,176.4634583333333,11.5,6.0,6.0,2022.0,1.0,4.896402720621855,181.35985080395517,10813.5676,-10632.207749196044
2022-06-27,187377.95750000002,70338.77625000001,50874.94,22788.072916666668,41112.75916666666,2263.4079166666666,34.295833333333334,53.666666666666664,47.625,0.0,12.35,253.29166666666666,3.0820833333333333,186.27897091666668,0.0,186.27895833333332,11.5,0.0,6.0,2022.0,0.0,2.1034119798811153,188.3823828965478,11242.677450000001,-11054.29506710345
2022-06-28,191553.09083333332,72386.76083333333,52322.24291666667,22583.138333333332,42065.947916666664,2195.0025,34.266666666666666,55.916666666666664,78.16666666666667,0.0375,11.166666666666666,248.54166666666666,2.785,178.22926775,0.0,178.22912499999998,11.5,1.0,6.0,2022.0,0.0,2.2614939414723367,180.49076169147236,11493.185449999999,-11312.694688308527
2022-06-29,189014.035,70252.7525,52379.35791666667,21228.477916666667,42986.91416666667,2166.5308333333332,33.96666666666666,57.958333333333336,90.79166666666667,0.0,14.108333333333334,233.5,3.3666666666666667,177.6066879166667,0.0,177.60666666666668,11.5,2.0,6.0,2022.0,0.0,8.570981538637401,186.17766945530408,11340.8421,-11154.664430544695
2022-06-30,174701.91916666666,56637.86208333333,51422.46958333333,21640.171666666665,42733.11833333333,2268.2975,28.641666666666666,79.33333333333333,100.0,0.05833333333333334,8.970833333333333,122.95833333333333,2.10875,38.35047880416666,0.0,38.350375,11.5,3.0,6.0,2022.0,0.0,0.1410787608596251,38.49155756502629,10482.11515,-10443.623592434973
2022-07-01,170911.58958333332,55000.4925,49761.486666666664,22004.571249999997,41804.06416666667,2340.97625,28.120833333333334,81.29166666666667,95.875,0.041666666666666664,5.391666666666667,171.25,2.55375,105.48350452083334,0.0,105.48341666666666,11.5,4.0,7.0,2022.0,0.0,0.07649828532235939,105.5600028061557,10254.695375,-10149.135372193845
2022-07-02,172520.35375,58569.56541666667,48846.13208333333,21580.422083333335,41038.53166666667,2485.704583333333,29.929166666666664,74.04166666666667,57.958333333333336,0.09583333333333333,8.950000000000001,249.66666666666666,2.63125,156.50123875,0.0,156.50120833333332,11.5,5.0,7.0,2022.0,1.0,0.019335276634659327,156.52057402663465,10351.221225,-10194.700650973366
2022-07-03,168746.53416666665,57821.94666666666,48061.42041666667,21470.854166666668,39031.964166666665,2360.349583333333,29.2,80.875,80.58333333333333,0.1875,9.329166666666667,197.83333333333334,2.8441666666666667,141.995332125,0.0,141.99529166666667,11.5,6.0,7.0,2022.0,1.0,1.2207350251486055,143.2160671501486,10124.79205,-9981.57598284985
2022-07-04,177368.29833333334,63109.15666666667,49164.64625,22329.5575,40258.08375,2506.855,30.733333333333334,75.41666666666667,75.83333333333333,0.6458333333333334,4.466666666666667,250.79166666666666,1.4579166666666667,149.76579675,0.0,149.76570833333332,11.5,0.0,7.0,2022.0,0.0,0.013826474622770897,149.77962322462278,10642.097899999999,-10492.318276775377
2022-07-05,180932.87833333333,66977.30125,48028.76833333333,22832.715833333335,40436.394583333335,2657.6974999999998,32.0,69.95833333333333,81.625,0.008333333333333333,10.279166666666667,230.66666666666666,3.749166666666667,153.48977770833332,0.0,153.48979166666666,11.5,1.0,7.0,2022.0,0.0,1.1817924668495656,154.6715701751829,10855.9727,-10701.301129824817
2022-07-06,178492.43083333332,67353.65791666666,47092.77208333334,22355.230833333335,39168.3475,2522.420833333333,30.78333333333333,75.16666666666667,71.25,0.16666666666666666,13.216666666666667,177.29166666666666,4.344166666666667,176.42148716666668,0.0,176.42145833333333,11.5,2.0,7.0,2022.0,0.0,8.857764403292181,185.27925156995886,10709.54585,-10524.26659843004
2022-07-07,180119.74583333335,68274.83166666667,47436.215416666666,22652.05416666667,39104.98708333333,2651.6558333333332,31.575,69.66666666666667,63.75,0.020833333333333332,12.366666666666667,242.0,3.53375,175.20639854166666,0.0,175.20641666666666,11.5,3.0,7.0,2022.0,0.0,5.388145690443529,180.59454423211017,10807.184749999999,-10626.590205767889
2022-07-08,180372.06666666665,69777.82541666667,47019.541666666664,23238.205416666668,37799.533749999995,2536.960833333333,32.65833333333333,63.25,33.25,0.004166666666666667,11.166666666666666,260.2083333333333,2.4154166666666668,185.91823175000002,0.0,185.91825000000003,11.5,4.0,7.0,2022.0,0.0,0.34394810242341106,186.2621798524234,10822.323999999999,-10636.061820147575
2022-07-09,172263.72708333333,65899.63666666667,44898.69875,22845.331666666665,36090.20208333333,2529.8579166666664,31.05,69.29166666666667,90.5,0.049999999999999996,12.420833333333334,182.08333333333334,3.975,136.3604715,0.0,136.36041666666668,11.5,5.0,7.0,2022.0,1.0,2.391774462734339,138.75224596273435,10335.823624999999,-10197.071379037267
2022-07-10,163726.10708333334,62643.22166666667,42637.70125,22973.404583333333,32972.17208333333,2499.6070833333333,29.558333333333334,76.66666666666667,88.75,0.3125,7.3125,188.70833333333334,2.58125,127.67587554166666,0.0,127.675875,11.5,6.0,7.0,2022.0,1.0,1.168553669410151,128.8444292110768,9823.566424999999,-9694.721995788923
2022-07-11,169205.16916666666,65121.739583333336,43524.597083333334,23214.021666666667,34841.40708333333,2503.4066666666668,31.233333333333334,71.375,22.25,0.004166666666666667,5.004166666666667,245.33333333333334,2.0029166666666667,183.23783654166667,0.0,183.23783333333333,11.5,0.0,7.0,2022.0,0.0,0.00012557155921353333,183.23796211322588,10152.31015,-9969.072187886773
2022-07-12,171626.47916666666,66559.08125,44158.980416666665,23044.895833333332,35279.67416666667,2583.846666666667,31.212500000000002,71.41666666666667,49.0,0.1125,7.141666666666667,201.95833333333334,2.2925,164.88675162500002,0.0,164.88675,11.5,1.0,7.0,2022.0,0.0,0.06002977823502512,164.94678140323504,10297.58875,-10132.641968596765
2022-07-13,171792.82083333333,66744.48166666667,43800.87708333333,23006.01875,35538.86625,2702.5750000000003,30.954166666666666,74.20833333333333,27.916666666666668,0.008333333333333333,8.387500000000001,235.83333333333334,2.3775,170.15931108333334,0.0,170.15929166666666,11.5,2.0,7.0,2022.0,0.0,0.22338900320073166,170.38270008653407,10307.569249999999,-10137.186549913466
2022-07-14,168463.19666666668,63083.37416666667,43871.75916666666,22888.191666666666,35989.48,2630.39125,29.950000000000003,76.45833333333333,59.541666666666664,0.44166666666666665,11.25,200.0,4.4366666666666665,181.67684791666667,0.0,181.676875,11.5,3.0,7.0,2022.0,0.0,6.954485482395977,188.63133339906264,10107.7918,-9919.160466600937
2022-07-15,168217.99708333332,59806.349583333336,44077.76500000001,23007.588333333333,38550.35916666667,2775.9370833333337,31.4375,67.5,46.958333333333336,0.10833333333333334,15.616666666666667,229.0,4.95,193.24965277083334,0.0,193.24966666666668,11.5,4.0,7.0,2022.0,0.0,32.033963077274805,225.28361584810816,10093.079824999999,-9867.796209151891
2022-07-16,171543.96125,60800.71,45085.1,23803.53958333333,39131.5875,2723.02375,29.645833333333332,75.125,59.875,0.8541666666666666,9.270833333333334,173.79166666666666,4.03375,158.60960925,0.0,158.609625,11.5,5.0,7.0,2022.0,1.0,15.261021433470509,173.8706306834705,10292.637675,-10118.767044316528
2022-07-17,161854.98083333333,55703.044583333336,43832.95416666666,23210.8925,36600.72416666667,2507.36625,29.65416666666667,80.125,66.75,0.4291666666666667,9.208333333333334,216.0,3.2920833333333337,153.07143814166668,0.0,153.07145833333334,11.5,6.0,7.0,2022.0,1.0,2.7791229995427518,155.85056114120943,9711.29885,-9555.44828885879
2022-07-18,171842.79791666666,63232.93791666667,45084.57833333333,23385.09375,37594.14791666667,2546.0383333333334,30.974999999999998,75.70833333333333,25.791666666666668,0.13333333333333333,6.0249999999999995,255.08333333333334,2.5154166666666664,174.219124,0.0,174.21908333333332,11.5,0.0,7.0,2022.0,0.0,0.04968364197530863,174.26880764197531,10310.567874999999,-10136.299067358024
2022-07-19,179075.98708333334,67016.99583333333,45801.465416666666,23988.215,39721.620416666665,2547.6912500000003,31.0625,75.16666666666667,58.75,0.07083333333333335,7.208333333333333,236.16666666666666,1.8595833333333334,147.816376875,0.0,147.81641666666667,11.5,1.0,7.0,2022.0,0.0,0.0037953246456332835,147.8201721996456,10744.559224999999,-10596.739052800354
2022-07-20,174434.51125,61075.832083333335,45884.29583333334,23805.191666666666,41093.695,2575.49625,28.9375,83.5,98.875,1.1208333333333333,9.933333333333334,190.25,1.8949999999999998,98.03216045833334,0.0,98.03212500000001,11.5,2.0,7.0,2022.0,0.0,0.0,98.03216045833334,10466.070675,-10368.038514541668
2022-07-21,165966.85666666666,52945.7925,46037.30458333334,23516.163750000003,40960.02416666666,2507.5729166666665,27.787499999999998,83.70833333333333,99.29166666666667,0.6875,4.5874999999999995,195.54166666666666,2.066666666666667,79.85359678333333,0.0,79.85358333333333,11.5,3.0,7.0,2022.0,0.0,0.0,79.85359678333333,9958.0114,-9878.157803216667
2022-07-22,166445.75375,54646.267916666664,46191.44166666667,23340.00375,39703.918750000004,2564.12,27.804166666666664,85.83333333333333,99.58333333333333,0.20833333333333334,6.904166666666666,187.5,2.4566666666666666,137.807200875,0.0,137.80729166666666,11.5,4.0,7.0,2022.0,0.0,0.002125514403292172,137.8093263894033,9986.745225,-9848.935898610596
2022-07-23,165966.07833333334,55823.87208333333,45906.199166666665,23536.40125,38139.724583333336,2559.8795833333334,27.745833333333334,85.41666666666667,100.0,0.6416666666666667,13.475,137.75,5.404166666666666,102.75539655416667,0.0,102.75541666666668,11.5,5.0,7.0,2022.0,1.0,36.869321216278,139.62471777044468,9957.964699999999,-9818.339982229554
2022-07-24,160469.61583333334,55525.06208333333,43588.253749999996,22527.606666666663,36506.643749999996,2322.0529166666665,28.954166666666666,80.75,91.41666666666667,0.325,15.15,232.375,5.109166666666667,159.25932304166668,0.0,159.25933333333333,11.5,6.0,7.0,2022.0,1.0,39.917657293095566,199.17698033476222,9628.17695,-9428.999969665238
2022-07-25,167636.67458333334,57145.05375,45320.798749999994,22465.819583333334,40314.138333333336,2390.8616666666667,28.691666666666666,78.70833333333333,49.0,0.41250000000000003,15.716666666666667,234.0,4.857916666666667,157.31519983333334,0.0,157.31516666666667,11.5,0.0,7.0,2022.0,0.0,42.45987494284408,199.77507477617743,10058.200475,-9858.425400223821
2022-07-26,170062.4825,58557.27583333334,46531.50875,22800.04291666667,39773.58875,2400.0675,28.183333333333334,79.25,57.041666666666664,0.11666666666666668,14.375,202.58333333333334,3.9479166666666665,142.18669458333332,0.0,142.18675,11.5,1.0,7.0,2022.0,0.0,7.141824302697759,149.3285188860311,10203.74895,-10054.42043111397
2022-07-27,171462.66458333333,59662.27583333334,46714.5375,22435.960000000003,40125.42208333333,2524.4691666666668,28.304166666666664,81.0,91.875,0.2041666666666667,12.841666666666667,197.83333333333334,4.189166666666666,159.58125904166667,0.0,159.58125,11.5,2.0,7.0,2022.0,0.0,16.53657407407407,176.11783311574072,10287.759875,-10111.642041884259
2022-07-28,171430.08083333334,57600.400833333326,47908.65,23039.159166666665,40390.995,2490.8758333333335,27.625,85.79166666666667,96.58333333333333,0.9083333333333333,5.666666666666667,180.83333333333334,2.2395833333333335,111.40965425,0.0,111.40958333333333,11.5,3.0,7.0,2022.0,0.0,0.02455921353452216,111.4342134635345,10285.804849999999,-10174.370636536465
2022-07-29,172588.36375,56181.80666666667,48535.04958333333,23323.9425,41941.21375,2606.3525,27.308333333333334,87.125,99.125,0.7041666666666666,6.875,169.16666666666666,2.46875,79.45209299166667,0.0,79.45204166666667,11.5,4.0,7.0,2022.0,0.0,0.008150948788294447,79.46024394045496,10355.301825,-10275.841581059545
2022-07-30,170423.2425,54077.339166666665,49043.36541666667,23709.132916666666,41129.595,2463.81125,27.695833333333336,85.79166666666667,99.95833333333333,0.2041666666666667,5.566666666666666,161.83333333333334,2.3720833333333333,84.32934687083333,0.0,84.329375,11.5,5.0,7.0,2022.0,1.0,0.03987037037037037,84.36921724120371,10225.394549999999,-10141.025332758796
2022-07-31,162856.67208333334,50608.048749999994,48153.87208333333,22859.83541666667,39018.88208333334,2216.03375,28.40416666666667,81.125,89.375,0.041666666666666664,6.7749999999999995,241.25,2.525,140.5134742625,0.0,140.51341666666667,11.5,6.0,7.0,2022.0,1.0,0.048840649291266525,140.56231491179128,9771.400325,-9630.838010088208
2022-08-01,169849.03083333332,54605.67041666667,50222.543750000004,22608.4575,40105.84458333333,2306.5141666666664,27.84166666666667,83.625,74.04166666666667,0.4166666666666667,6.608333333333333,203.29166666666666,1.755,137.89937703333334,0.0,137.89933333333332,11.5,0.0,8.0,2022.0,0.0,0.0022345679012345586,137.90161160123458,10190.94185,-10053.040238398766
2022-08-02,175718.10166666668,59524.58541666667,51430.520416666666,23162.247916666664,39097.70208333333,2503.0470833333334,29.349999999999998,77.625,46.125,0.012500000000000002,9.387500000000001,254.625,1.7854166666666667,166.07844345833334,0.0,166.07845833333332,11.5,1.0,8.0,2022.0,0.0,0.0,166.07844345833334,10543.0861,-10377.007656541666
2022-08-03,177424.72166666668,61572.583333333336,51707.02916666667,23528.286666666667,38089.03875,2527.7833333333333,29.09583333333333,80.25,94.70833333333333,0.024999999999999998,7.4624999999999995,212.125,1.3462500000000002,145.49479125,0.0,145.49475,11.5,2.0,8.0,2022.0,0.0,0.0,145.49479125,10645.4833,-10499.988508749999
2022-08-04,175420.60208333333,60886.99875,50935.37666666667,23468.595416666667,37513.56041666667,2616.0691666666667,28.108333333333334,85.375,98.33333333333333,0.07083333333333333,8.066666666666666,162.41666666666666,1.9091666666666667,96.05484432083334,0.0,96.054875,11.5,3.0,8.0,2022.0,0.0,0.0,96.05484432083334,10525.236125,-10429.181280679166
2022-08-05,173021.22083333333,59284.86708333334,49866.70041666667,24327.520833333332,36865.840833333335,2676.2904166666667,27.641666666666666,85.875,67.91666666666667,0.23750000000000002,8.266666666666667,162.08333333333334,2.3520833333333333,79.73839179166667,0.0,79.73841666666667,11.5,4.0,8.0,2022.0,0.0,0.07607876085962503,79.81447055252629,10381.27325,-10301.458779447474
2022-08-06,171751.72791666668,60020.067083333335,49180.6875,23875.846250000002,35991.901666666665,2683.2258333333334,28.683333333333334,83.33333333333333,69.20833333333333,0.07916666666666668,3.8666666666666667,238.08333333333334,0.9166666666666666,162.23959527083335,0.0,162.23954166666667,11.5,5.0,8.0,2022.0,1.0,0.0,162.23959527083335,10305.103675,-10142.864079729166
2022-08-07,163699.24916666668,56328.419583333336,47034.682916666665,23597.932083333333,34069.92208333333,2668.2929166666668,27.775000000000002,85.41666666666667,98.66666666666667,0.775,7.708333333333333,156.16666666666666,2.122916666666667,75.36601546666667,0.0,75.366,11.5,6.0,8.0,2022.0,1.0,0.005841449474165524,75.37185691614083,9821.95495,-9746.583093083858
2022-08-08,167812.03708333333,59897.65583333333,47723.331666666665,23058.03458333333,34667.23666666667,2465.7775,29.070833333333336,80.33333333333333,76.125,0.008333333333333333,5.883333333333333,249.04166666666666,2.275,180.75719329166665,0.0,180.75729166666667,11.5,0.0,8.0,2022.0,0.0,0.018786408321902138,180.77597969998854,10068.722225,-9887.94624530001
2022-08-09,168805.24625,63543.302083333336,46493.42458333333,21276.67541666667,34832.3375,2659.5066666666667,30.366666666666664,76.66666666666667,40.375,0.016666666666666666,9.7125,236.58333333333334,2.53375,185.649681375,0.0,185.64970833333334,11.5,1.0,8.0,2022.0,0.0,0.13551428898033838,185.78519566398032,10128.314775,-9942.52957933602
2022-08-10,170214.72666666665,64848.86958333334,45239.822916666664,21212.620833333334,36326.35708333333,2587.05625,30.887500000000003,71.875,44.416666666666664,0.016666666666666666,10.595833333333333,254.125,4.100416666666667,199.87812560833333,0.0,199.87816666666666,11.5,2.0,8.0,2022.0,0.0,4.381733939186099,204.25985954751943,10212.8836,-10008.62374045248
2022-08-11,163845.95708333334,59532.32166666666,41196.72125,21479.399999999998,38864.11166666667,2773.403333333333,27.804166666666664,81.66666666666667,85.45833333333333,0.15833333333333333,17.258333333333333,106.125,5.138333333333334,88.43271376666667,0.0,88.43270833333332,11.5,3.0,8.0,2022.0,0.0,62.39606161408324,150.8287753807499,9830.757425,-9679.928649619249
2022-08-12,169633.73333333334,61069.7525,42253.369166666664,22588.28458333333,40861.224583333336,2861.102083333333,29.320833333333336,72.45833333333333,32.875,0.008333333333333333,15.779166666666667,254.66666666666666,4.803333333333334,190.6904292083333,0.0,190.69033333333334,11.5,4.0,8.0,2022.0,0.0,29.84814111796982,220.53857032630313,10178.024,-9957.485429673698
2022-08-13,172861.49375,63209.3675,43515.13791666667,22975.529583333333,40501.14833333333,2660.31,29.4375,75.25,21.25,0.03333333333333333,13.408333333333333,243.83333333333334,4.100416666666667,172.53077908333333,0.0,172.53075,11.5,5.0,8.0,2022.0,1.0,18.94455149748514,191.47533058081845,10371.689625,-10180.214294419182
2022-08-14,163981.04875,60718.69875,42656.150416666664,20611.9425,37490.012083333335,2504.245,27.920833333333334,85.375,68.83333333333333,0.22916666666666666,7.283333333333334,171.45833333333334,2.3275,144.80975,0.0,144.80974999999998,11.5,6.0,8.0,2022.0,1.0,0.014672839506172826,144.82442283950618,9838.862925,-9694.038502160494
2022-08-15,151233.47083333333,53167.86708333334,38894.76291666667,19932.567916666667,36867.375,2370.9008333333336,27.90416666666667,82.16666666666667,91.16666666666667,0.06666666666666667,11.170833333333334,187.875,4.8012500000000005,73.01222179166668,0.0,73.01220833333333,11.5,0.0,8.0,2022.0,0.0,18.547287894375856,91.55950968604252,9074.00825,-8982.448740313957
2022-08-16,162708.90333333335,54731.81916666666,41459.31,22606.7775,41309.755,2601.2425,27.40833333333333,79.41666666666667,75.29166666666667,0.35000000000000003,22.27916666666667,120.5,8.5375,47.172315075,0.0,47.172374999999995,11.5,1.0,8.0,2022.0,0.0,299.2502030178327,346.42251809283266,9762.5342,-9416.111681907167
2022-08-17,173505.87083333332,59020.57125,44424.60125,23895.82375,43338.13791666667,2826.736666666667,28.34583333333333,75.33333333333333,28.416666666666668,0.012500000000000002,16.395833333333332,244.20833333333334,4.847083333333333,158.51092470833333,0.0,158.511,11.5,2.0,8.0,2022.0,0.0,49.70737791495199,208.21830262328533,10410.35225,-10202.133947376713
2022-08-18,179049.26,62459.30333333334,45140.802083333336,24831.476249999996,43768.089166666665,2849.5866666666666,29.2375,72.58333333333333,13.541666666666666,0.03333333333333333,9.1,247.45833333333334,3.17625,167.90652341666666,0.0,167.90645833333335,11.5,3.0,8.0,2022.0,0.0,0.2731093964334706,168.17963281310014,10742.9556,-10574.7759671869
2022-08-19,179362.08916666664,65366.34791666667,44894.674166666664,22193.62625,44171.5675,2735.872083333333,29.954166666666666,70.66666666666667,48.083333333333336,0.020833333333333332,12.795833333333334,248.625,2.889583333333333,179.61715839166666,0.0,179.61716666666666,11.5,4.0,8.0,2022.0,0.0,3.360999142661179,182.97815753432783,10761.725349999999,-10578.747192465671
2022-08-20,172668.41,62115.74333333334,44207.75833333333,19800.350000000002,43778.325833333336,2766.232083333334,27.791666666666668,80.95833333333333,95.5,0.2833333333333333,6.579166666666667,134.54166666666666,1.2804166666666668,144.09937887499999,0.0,144.09941666666666,11.5,5.0,8.0,2022.0,1.0,0.0,144.09937887499999,10360.1046,-10216.005221124999
2022-08-21,169671.54708333334,61364.739583333336,42836.42958333333,21536.9525,41227.51,2705.9158333333335,29.391666666666666,76.45833333333333,85.29166666666667,0.012500000000000002,6.745833333333334,233.375,2.44875,157.32357831666667,0.0,157.32358333333335,11.5,6.0,8.0,2022.0,1.0,0.016361225422953814,157.33993954208964,10180.292824999999,-10022.95288545791
2022-08-22,177655.27583333335,64708.642499999994,44172.62,23149.01625,42860.99458333333,2764.0033333333336,29.1875,76.625,98.83333333333333,0.2708333333333333,9.895833333333334,170.54166666666666,3.3379166666666666,148.86374579166667,0.0,148.86370833333334,11.5,0.0,8.0,2022.0,0.0,0.9137525720164613,149.77749836368312,10659.31655,-10509.539051636317
2022-08-23,179250.49,63920.92916666667,45891.2725,22949.679999999997,43839.07208333333,2649.535,29.333333333333332,71.08333333333333,69.20833333333333,0.049999999999999996,22.558333333333334,239.95833333333334,7.625,177.42047475,0.0,177.42045833333336,11.5,1.0,8.0,2022.0,0.0,209.86685905349793,387.2873338034979,10755.0294,-10367.742066196502
2022-08-24,178167.49250000002,62377.60791666667,47056.49625,21907.624166666665,44017.70958333334,2808.056666666667,28.366666666666664,75.91666666666667,81.625,0.02916666666666667,13.012500000000001,217.25,4.122916666666667,160.87162708333332,0.0,160.87158333333332,11.5,2.0,8.0,2022.0,0.0,15.884196902149062,176.75582398548238,10690.04955,-10513.293726014517
2022-08-25,178069.41916666666,62080.11875,48171.668750000004,22164.56375,42883.59583333333,2769.472916666667,29.108333333333334,73.29166666666667,50.5,0.020833333333333332,4.9875,244.66666666666666,1.9591666666666665,165.14194881666666,0.0,165.141875,11.5,3.0,8.0,2022.0,0.0,0.00012557155921353333,165.1420743882259,10684.165149999999,-10519.023075611774
2022-08-26,181561.01249999998,64184.12208333333,49485.29708333334,23065.844583333335,41971.755,2853.9933333333333,30.191666666666666,65.25,28.458333333333332,0.020833333333333332,10.887500000000001,225.125,3.515833333333333,162.74592154166666,0.0,162.74587499999998,11.5,4.0,8.0,2022.0,0.0,0.9131539208962046,163.65907546256287,10893.660750000001,-10730.001674537436
2022-08-27,180458.69999999998,64284.55791666667,50024.22625,23352.677916666667,40113.85333333333,2683.38625,30.65833333333333,60.875,21.416666666666668,0.049999999999999996,16.429166666666667,238.5,4.272916666666666,200.41588572916666,0.0,200.41583333333332,11.5,5.0,8.0,2022.0,1.0,17.31842975537266,217.73431548453934,10827.521999999999,-10609.78768451546
2022-08-28,175000.43375,63224.207083333335,49787.0275,21884.618333333332,37638.655,2465.9245833333334,31.004166666666666,55.458333333333336,46.916666666666664,0.004166666666666667,15.366666666666667,244.75,3.395,182.0176539375,0.0,182.01762499999998,11.5,6.0,8.0,2022.0,1.0,7.32883527663466,189.34648921413466,10500.026025,-10310.679535785865
2022-08-29,180542.595,64091.55416666667,51543.97041666667,22981.48166666667,39384.83583333334,2540.7520833333333,30.145833333333332,60.916666666666664,56.416666666666664,0.024999999999999998,8.2125,239.95833333333334,1.2562499999999999,189.84755844583333,0.0,189.84754166666667,11.5,0.0,8.0,2022.0,0.0,0.0019368427069044335,189.84949528854023,10832.555699999999,-10642.70620471146
2022-08-30,184089.53541666665,65958.41958333334,52482.888333333336,23666.66458333333,39409.151666666665,2572.4112499999997,30.554166666666664,67.54166666666667,51.083333333333336,0.0,5.791666666666667,242.83333333333334,1.3729166666666668,185.86954195833334,0.0,185.86958333333334,11.5,1.0,8.0,2022.0,0.0,0.0,185.86954195833334,11045.372125,-10859.502583041665
2022-08-31,182683.32125,67429.1125,51380.38208333333,23514.618333333332,37831.19625,2528.015,31.3875,61.333333333333336,57.291666666666664,0.008333333333333333,9.320833333333333,216.79166666666666,2.3608333333333333,190.17273110416667,0.0,190.17274999999998,11.5,2.0,8.0,2022.0,0.0,0.23045736168267042,190.40318846584933,10960.999275,-10770.59608653415
2022-09-01,181662.99333333332,66949.87791666666,50276.03958333333,23408.48,38567.91166666667,2460.6841666666664,31.849999999999998,60.291666666666664,94.66666666666667,0.020833333333333332,8.775,228.33333333333334,1.7791666666666668,182.88276158333335,0.0,182.88275,11.5,3.0,9.0,2022.0,0.0,2.120484682212996e-05,182.88278278818015,10899.7796,-10716.89681721182
2022-09-02,184519.30625,66702.08625000001,51811.72833333333,23833.270416666666,39664.08375,2508.1370833333335,31.879166666666666,57.791666666666664,46.708333333333336,0.0,6.8125,235.04166666666666,1.6066666666666667,186.4886379333333,0.0,186.48870833333334,11.5,4.0,9.0,2022.0,0.0,0.006800411522633751,186.49543834485598,11071.158374999999,-10884.662936655144
2022-09-03,187603.80375,68002.94833333333,53288.88333333333,22883.520416666666,40983.35916666667,2445.0916666666667,32.041666666666664,51.416666666666664,11.416666666666666,0.0,12.5875,242.45833333333334,4.115,194.42437189166665,0.0,194.42437500000003,11.5,5.0,9.0,2022.0,1.0,11.837822873799723,206.26219476546638,11256.228224999999,-11049.966030234535
2022-09-04,180970.03,67117.43125000001,50350.177083333336,22419.855,38775.605416666665,2306.9587500000002,32.083333333333336,51.25,5.791666666666667,0.0,15.254166666666668,257.0,4.176666666666667,211.29922209583333,0.0,211.29925,11.5,6.0,9.0,2022.0,1.0,9.822910779606767,221.12213287544012,10858.2018,-10637.07966712456
2022-09-05,185452.6345833333,68012.13375,51468.79583333334,23265.445416666666,40308.722916666666,2397.5316666666668,31.454166666666666,52.791666666666664,10.0,0.0,9.424999999999999,254.5,1.82125,198.894950325,0.0,198.89495833333334,11.5,0.0,9.0,2022.0,0.0,0.02502057613168725,198.91997090113168,11127.158075,-10928.238104098868
2022-09-06,187559.3270833333,68690.63458333333,52889.885416666664,23166.117083333334,40284.30416666667,2528.3841666666667,31.729166666666668,52.5,11.666666666666666,0.0,7.0625,243.04166666666666,1.8016666666666667,195.29001159166668,0.0,195.28995833333332,11.5,1.0,9.0,2022.0,0.0,0.0,195.29001159166668,11253.559625,-11058.269613408333
2022-09-07,188971.12583333335,70260.72875,53431.90666666667,23447.93875,39263.816249999996,2566.7341666666666,31.9875,52.541666666666664,5.041666666666667,0.0,7.429166666666667,246.29166666666666,2.282083333333333,190.81553946666665,0.0,190.81545833333334,11.5,2.0,9.0,2022.0,0.0,0.05107104481024233,190.8666105114769,11338.267549999999,-11147.400939488523
2022-09-08,186901.96166666667,70640.41791666667,53342.72833333333,23306.12041666667,37034.261666666665,2578.4325,31.833333333333332,53.25,7.083333333333333,0.0,6.4750000000000005,245.04166666666666,2.07375,182.35835718333337,0.0,182.35841666666667,11.5,3.0,9.0,2022.0,0.0,2.3262459990854284e-05,182.35838044579336,11214.1177,-11031.759319554207
2022-09-09,185491.96958333332,71281.7,51578.19541666666,23367.535,36667.49458333333,2597.0445833333333,31.566666666666666,62.708333333333336,12.791666666666666,0.008333333333333333,8.016666666666667,230.08333333333334,1.7054166666666666,180.18499938333332,0.0,180.18499999999997,11.5,4.0,9.0,2022.0,0.0,0.0,180.18499938333332,11129.518175,-10949.333175616666
2022-09-10,182107.34708333333,70613.05666666666,51109.792916666665,22734.71041666667,35154.11708333333,2495.6679166666668,30.179166666666664,68.95833333333333,29.791666666666668,0.12916666666666665,9.354166666666666,226.0,2.2425,168.1944343125,0.0,168.19433333333333,11.5,5.0,9.0,2022.0,1.0,0.007454789666209422,168.2018891021662,10926.440825,-10758.238935897833
2022-09-11,172429.22833333333,67519.87458333334,48487.355416666665,21367.649583333332,32647.865833333333,2406.4804166666668,29.695833333333336,68.04166666666667,34.75,0.15416666666666667,10.104166666666666,233.29166666666666,2.127083333333333,182.95070005416667,0.0,182.95075,11.5,6.0,9.0,2022.0,1.0,0.0,182.95070005416667,10345.7537,-10162.802999945832
2022-09-12,174320.88541666666,67444.685,48086.94,20689.689166666667,35774.74375,2324.8254166666666,30.254166666666666,64.25,24.791666666666668,0.041666666666666664,10.595833333333333,201.54166666666666,3.0075000000000003,174.26443958333334,0.0,174.2645,11.5,0.0,9.0,2022.0,0.0,1.302323673982625,175.56676325731596,10459.253125,-10283.686361742684
2022-09-13,173116.07625,64773.39708333334,46950.49083333334,20738.216666666667,38323.1775,2330.7929166666668,29.491666666666664,67.04166666666667,41.166666666666664,0.06666666666666667,17.349999999999998,226.16666666666666,4.616666666666666,156.34706782916666,0.0,156.34708333333333,11.5,1.0,9.0,2022.0,0.0,16.444860768175584,172.79192859734223,10386.964575,-10214.172646402658
2022-09-14,171758.37375,62150.17125000001,45789.35,21229.63375,40152.346666666665,2436.869166666667,27.516666666666666,76.58333333333333,72.125,0.25416666666666665,19.3,142.04166666666666,4.944999999999999,101.87871356250001,0.0,101.87866666666667,11.5,2.0,9.0,2022.0,0.0,21.97570238911751,123.85441595161751,10305.502425,-10181.648009048382
2022-09-15,168073.79958333334,57677.38625,45377.86708333334,21548.31708333333,41025.035416666666,2445.1929166666664,26.120833333333334,85.54166666666667,84.08333333333333,0.38333333333333336,14.508333333333333,155.66666666666666,4.3966666666666665,68.35695851083334,0.0,68.35695833333334,11.5,3.0,9.0,2022.0,0.0,12.90785013717421,81.26480864800754,10084.427975,-10003.163166351993
2022-09-16,166452.42833333332,54232.262083333335,45658.37083333333,21770.43625,42298.13333333333,2493.2220833333336,26.179166666666664,83.625,74.125,0.5583333333333333,9.895833333333334,178.54166666666666,2.99625,73.9590198625,0.0,73.95895833333333,11.5,4.0,9.0,2022.0,0.0,3.990898319615912,77.94991818211592,9987.1457,-9909.195781817883
2022-09-17,166417.885,54943.90541666667,45323.77541666667,21358.084166666667,42348.98166666667,2443.13625,27.462500000000002,78.29166666666667,38.916666666666664,0.03333333333333333,9.637500000000001,224.25,2.50875,176.56202563916668,0.0,176.56208333333333,11.5,5.0,9.0,2022.0,1.0,0.09193221307727484,176.65395785224393,9985.0731,-9808.419142147755
2022-09-18,165945.15208333332,55831.902916666666,45384.78166666667,21402.3675,40821.799999999996,2504.3008333333332,28.016666666666666,78.66666666666667,15.875,0.016666666666666666,6.95,228.5,2.0854166666666667,195.80624954583334,0.0,195.80625,11.5,6.0,9.0,2022.0,1.0,0.43926457475994524,196.24551412059327,9956.709125,-9760.463610879406
2022-09-19,174418.34,59815.74458333334,47486.026666666665,21926.774166666666,42554.659583333334,2635.132916666667,28.541666666666668,74.5,13.083333333333334,0.0,6.670833333333333,221.58333333333334,2.46125,143.54083903333333,0.0,143.54083333333332,11.5,0.0,9.0,2022.0,0.0,1.2386310585276636,144.779470091861,10465.1004,-10320.320929908139
2022-09-20,175577.56000000003,60441.362916666665,48045.213749999995,21830.371666666666,42589.721666666665,2670.889583333333,27.191666666666666,84.04166666666667,55.625,0.09999999999999999,5.333333333333333,199.0,1.3925,151.65979591250002,0.0,151.65979166666668,11.5,1.0,9.0,2022.0,0.0,0.0,151.65979591250002,10534.6536,-10382.9938040875
2022-09-21,173606.64416666667,57519.93833333333,47704.61208333333,22376.12041666667,43310.316666666666,2695.6558333333332,27.3875,83.91666666666667,67.54166666666667,0.07083333333333335,5.5125,173.45833333333334,2.0974999999999997,93.16882735833333,0.0,93.16883333333334,11.5,2.0,9.0,2022.0,0.0,0.014982967535436648,93.18381032586876,10416.39865,-10323.21483967413
2022-09-22,170767.45041666666,52754.848750000005,48181.62916666667,23250.102499999997,43958.21958333333,2622.648333333333,25.070833333333336,92.29166666666667,99.75,1.4124999999999999,10.654166666666667,81.66666666666667,3.805,83.922882239375,0.0,83.92295833333334,11.5,3.0,9.0,2022.0,0.0,11.664226680384088,95.58710891975909,10246.047025,-10150.45991608024
2022-09-23,167856.37458333335,48596.174166666664,48556.94375,23651.195416666666,44506.85874999999,2545.204583333333,24.700000000000003,93.83333333333333,100.0,2.0083333333333333,12.308333333333332,74.33333333333333,4.028333333333333,41.03096427916667,0.0,41.031,11.5,4.0,9.0,2022.0,0.0,10.425810813900322,51.45677509306699,10071.382475,-10019.925699906933
2022-09-24,165915.93291666667,45033.03333333333,49347.08708333334,23762.921666666665,45387.40875,2385.4808333333335,24.662499999999998,93.75,100.0,1.7291666666666667,15.945833333333333,67.83333333333333,3.8241666666666667,31.679539875,0.0,31.679541666666665,11.5,5.0,9.0,2022.0,1.0,5.407056755829903,37.0865966308299,9954.955974999999,-9917.869378369169
2022-09-25,163913.83916666667,44249.76500000001,49228.095,23519.27791666667,44609.89333333333,2306.8070833333336,26.304166666666664,83.91666666666667,39.875,0.0375,10.025,218.04166666666666,2.93125,168.23120094791668,0.0,168.23125,11.5,6.0,9.0,2022.0,1.0,6.313227366255144,174.5444283141718,9834.83035,-9660.285921685829
2022-09-26,168648.15,46946.18125,51700.18458333333,23375.50125,44237.21208333334,2389.070833333333,26.724999999999998,83.20833333333333,26.166666666666668,0.004166666666666667,7.629166666666666,211.04166666666666,2.0620833333333333,192.69846251125,0.0,192.69845833333332,11.5,0.0,9.0,2022.0,0.0,0.3026367741197989,193.0010992853698,10118.889,-9925.88790071463
2022-09-27,171167.61666666667,49573.951250000006,52379.205416666664,23260.9275,43434.97791666666,2518.555,26.65833333333333,79.04166666666667,7.166666666666667,0.0,7.9624999999999995,224.08333333333334,2.033333333333333,204.34579549,0.0,204.34574999999998,11.5,1.0,9.0,2022.0,0.0,0.011761488340192047,204.3575569783402,10270.056999999999,-10065.69944302166
2022-09-28,174509.46541666667,51443.57041666666,52773.17166666667,23404.581666666665,44320.70041666667,2567.4441666666667,27.2375,76.08333333333333,6.083333333333333,0.008333333333333333,6.908333333333334,223.70833333333334,1.9175000000000002,196.98048061166665,0.0,196.98058333333333,11.5,2.0,9.0,2022.0,0.0,0.015606767261088247,196.99608737892777,10470.567925,-10273.571837621072
2022-09-29,174095.58,52579.776249999995,52886.4075,23230.302083333332,42764.03875,2635.0570833333336,27.162499999999998,76.5,2.125,0.0,8.345833333333333,221.83333333333334,2.1754166666666666,201.04450298749998,0.0,201.04445833333332,11.5,3.0,9.0,2022.0,0.0,0.3192325674439872,201.363735554944,10445.7348,-10244.371064445057
2022-09-30,174717.51583333334,54649.54708333333,53257.12416666667,23664.392083333336,40439.19,2707.2625000000003,27.329166666666666,75.58333333333333,4.791666666666667,0.0,7.945833333333333,219.79166666666666,2.080833333333333,207.3880213625,0.0,207.38804166666668,11.5,4.0,9.0,2022.0,0.0,0.07934202103337905,207.46736338353335,10483.050949999999,-10275.583586616465
2022-10-01,171761.5275,54292.098333333335,52917.270833333336,23704.54875,38109.988333333335,2737.6216666666664,27.974999999999998,72.08333333333333,4.375,0.0,7.720833333333334,217.66666666666666,2.27625,207.10243276916665,0.0,207.10241666666664,11.5,5.0,10.0,2022.0,1.0,0.07879578189300415,207.1812285510597,10305.691649999999,-10098.51042144894
2022-10-02,164207.10958333334,51965.38333333333,51477.9025,22292.676666666666,35897.175416666665,2573.96875,28.008333333333336,66.16666666666667,3.9583333333333335,0.0,8.6,218.0,2.6795833333333334,211.10296603125002,0.0,211.10300000000004,11.5,6.0,10.0,2022.0,1.0,1.2819661636945592,212.38493219494455,9852.426575,-9640.041642805054
2022-10-03,169759.68333333332,54111.18708333333,53251.31083333333,21333.422083333335,38873.87458333333,2189.88875,27.741666666666664,60.708333333333336,0.0,0.0,14.583333333333334,223.20833333333334,3.93375,218.87612090125,0.0,218.876,11.5,0.0,10.0,2022.0,0.0,15.088576245999086,233.9646971472491,10185.581,-9951.61630285275
2022-10-04,168940.195,55628.4375,53373.17291666666,19381.076666666668,38380.4525,2177.05625,27.695833333333336,66.54166666666667,11.416666666666666,0.0,9.779166666666667,213.58333333333334,2.6041666666666665,199.81524846958334,0.0,199.81525,11.5,1.0,10.0,2022.0,0.0,0.08604766803840873,199.90129613762176,10136.411699999999,-9936.510403862378
2022-10-05,161149.50125,52312.15833333333,49522.670000000006,19468.12625,37858.20041666667,1988.3474999999999,27.120833333333334,76.83333333333333,32.375,0.004166666666666667,7.3125,191.66666666666666,1.80375,176.3806447645833,0.0,176.38066666666666,11.5,2.0,10.0,2022.0,0.0,0.0,176.3806447645833,9668.970075,-9492.589430235415
2022-10-06,162102.31583333333,51635.13333333333,51078.94541666666,20550.678333333333,36609.691249999996,2227.867083333333,26.383333333333336,74.83333333333333,36.958333333333336,0.0,10.191666666666666,185.83333333333334,2.259583333333333,180.55727392375002,0.0,180.55729166666666,11.5,3.0,10.0,2022.0,0.0,0.007413180155464101,180.56468710390547,9726.138949999999,-9545.574262896094
2022-10-07,160561.9804166667,50061.07958333333,49226.80291666667,21174.02875,37659.855416666665,2440.212916666667,24.570833333333336,82.25,98.29166666666667,0.04583333333333334,11.979166666666666,61.541666666666664,2.7525,57.070322000000004,0.0,57.07029166666666,11.5,4.0,10.0,2022.0,0.0,0.5407613168724278,57.61108331687243,9633.718825,-9576.107741683127
2022-10-08,156831.47625,45725.38166666666,49019.58666666667,21928.66791666667,37895.42916666667,2262.41,22.491666666666664,94.83333333333333,100.0,1.55,13.745833333333332,35.625,3.8208333333333333,12.824808554166665,0.0,12.824833333333332,11.5,5.0,10.0,2022.0,1.0,4.243821444901691,17.06862999906836,9409.888574999999,-9392.81994500093
2022-10-09,150602.60374999998,42284.487499999996,48437.2775,21871.855,35877.29583333333,2131.69,22.645833333333332,92.625,99.33333333333333,1.9625000000000001,11.912500000000001,76.25,4.385416666666667,23.00925492083333,0.0,23.009208333333333,11.5,6.0,10.0,2022.0,1.0,30.896033036122546,53.905287956955874,9036.156225,-8982.250937043043
2022-10-10,152600.445,42536.61958333333,49907.86375,21833.735833333336,36151.79125,2170.43625,23.458333333333332,88.33333333333333,62.916666666666664,0.06666666666666667,8.770833333333334,142.75,1.8087499999999999,96.20166891666666,0.0,96.20166666666667,11.5,0.0,10.0,2022.0,0.0,0.0,96.20166891666666,9156.0267,-9059.825031083334
2022-10-11,152643.91666666666,42910.65083333333,49796.020833333336,20976.780416666665,36813.0225,2147.44,23.462500000000002,87.41666666666667,62.666666666666664,0.1125,5.970833333333334,124.79166666666667,1.47,101.02281641666667,0.0,101.02283333333334,11.5,1.0,10.0,2022.0,0.0,0.0,101.02281641666667,9158.635,-9057.612183583333
2022-10-12,154581.35791666666,44478.91625,49845.769166666665,20317.70875,37788.64166666667,2150.32,23.78333333333333,82.66666666666667,27.25,0.0,6.6625000000000005,186.70833333333334,1.9029166666666668,172.24193649999998,0.0,172.242,11.5,2.0,10.0,2022.0,0.0,0.0029367855509830794,172.244873285551,9274.881475,-9102.636601714448
2022-10-13,155982.1,45001.986249999994,49759.098750000005,20920.548749999998,38079.36541666667,2221.1008333333334,23.84583333333333,72.29166666666667,1.4166666666666667,0.0,9.004166666666666,203.45833333333334,2.38875,214.40955,0.0,214.40958333333333,11.5,3.0,10.0,2022.0,0.0,0.6821358024691356,215.09168580246913,9358.926,-9143.834314197531
2022-10-14,155804.10583333333,45282.13208333333,49066.84791666667,21511.171666666665,37628.159583333334,2315.7945833333333,23.72083333333333,68.41666666666667,0.0,0.0,9.204166666666667,208.41666666666666,2.2975,220.25382183333332,0.0,220.25383333333332,11.5,4.0,10.0,2022.0,0.0,0.3629437585733882,220.61676559190673,9348.24635,-9127.629584408092
2022-10-15,153051.29750000002,44959.07874999999,48543.40875,21468.41833333333,35750.255,2330.13875,23.920833333333334,68.625,0.0,0.0,7.754166666666666,208.04166666666666,1.8670833333333334,219.70601291666665,0.0,219.70600000000002,11.5,5.0,10.0,2022.0,1.0,0.0,219.70601291666665,9183.07785,-8963.371837083332
2022-10-16,147388.24125,43107.73666666667,47780.66916666667,20673.08166666667,33597.325000000004,2229.4270833333335,24.166666666666668,69.29166666666667,0.0,0.0,6.095833333333334,203.0,1.195,216.77710833333333,0.0,216.7770833333333,11.5,6.0,10.0,2022.0,1.0,0.0,216.77710833333333,8843.294475,-8626.517366666667
2022-10-17,153914.9025,44621.21458333333,50073.60791666667,20906.70625,36027.91541666666,2285.4566666666665,24.254166666666666,63.125,0.0,0.0,7.845833333333334,201.5,1.8641666666666667,217.23396958333333,0.0,217.234,11.5,0.0,10.0,2022.0,0.0,0.0,217.23396958333333,9234.89415,-9017.660180416666
2022-10-18,156246.78791666668,45060.205416666664,50617.04749999999,21166.755833333333,37101.120833333334,2301.659166666667,24.270833333333332,60.333333333333336,0.0,0.0,7.395833333333333,201.91666666666666,2.2254166666666664,219.33755499999998,0.0,219.3375,11.5,1.0,10.0,2022.0,0.0,0.0,219.33755499999998,9374.807275,-9155.46972
2022-10-19,156728.525,45141.62083333333,50898.263333333336,20951.095833333333,37454.223333333335,2283.3229166666665,23.770833333333332,66.29166666666667,0.0,0.0,7.354166666666667,199.125,2.2720833333333332,213.58884425,0.0,213.58879166666668,11.5,2.0,10.0,2022.0,0.0,0.01686414037494285,213.60570839037496,9403.7115,-9190.105791609625
2022-10-20,156060.30833333332,44954.30375,50930.42958333334,20760.500416666666,37143.832916666666,2271.2400000000002,23.575,64.0,3.8333333333333335,0.04583333333333334,6.316666666666666,194.29166666666666,2.3895833333333334,209.566776875,0.0,209.5667083333333,11.5,3.0,10.0,2022.0,0.0,0.0770899062642889,209.64386678126428,9363.618499999999,-9153.974633218735
2022-10-21,155555.49458333335,45369.870416666665,50392.729166666664,20409.9925,37140.526666666665,2242.3754166666668,24.008333333333336,65.04166666666667,0.2916666666666667,0.0,5.583333333333333,195.66666666666666,2.3604166666666666,216.422740625,0.0,216.4226666666667,11.5,4.0,10.0,2022.0,0.0,0.13261814128943758,216.55535876628946,9333.329674999999,-9116.77431623371
2022-10-22,152152.64708333332,44938.68791666667,48609.15083333334,20353.515833333335,36022.072916666664,2229.2204166666666,22.775000000000002,67.08333333333333,0.0,0.0,8.5875,194.5,2.6320833333333336,217.69082416666666,0.0,217.690875,11.5,5.0,10.0,2022.0,1.0,0.3967557727480569,218.08757993941472,9129.158825,-8911.071245060584
2022-10-23,143030.70166666666,42243.80291666667,45139.89708333334,20066.139166666664,33445.82958333333,2135.0308333333332,22.025000000000002,63.166666666666664,0.0,0.0,6.866666666666667,195.70833333333334,1.5845833333333335,220.67049941666667,0.0,220.67049999999998,11.5,6.0,10.0,2022.0,1.0,0.0,220.67049941666667,8581.8421,-8361.171600583333
2022-10-24,131411.42250000002,38272.784583333334,40713.462916666664,19110.05,31576.622083333335,1738.505,22.254166666666666,60.875,0.0,0.0,9.808333333333334,194.58333333333334,2.555833333333333,222.79732041666668,0.0,222.79733333333334,11.5,0.0,10.0,2022.0,0.0,0.016068587105624126,222.81338900377227,7884.68535,-7661.871960996227
2022-10-25,128971.39583333333,35265.36541666667,39397.24125,19131.378333333334,33673.912083333336,1503.5004166666668,22.104166666666668,56.375,0.0,0.0,11.658333333333333,195.16666666666666,2.51625,220.83983666666666,0.0,220.83983333333333,11.5,1.0,10.0,2022.0,0.0,1.421698445358939,222.26153511202563,7738.28375,-7516.022214887974
2022-10-26,136446.83291666667,38082.433333333334,40312.84625,19769.899999999998,36528.387083333335,1753.2658333333331,23.099999999999998,62.25,0.0,0.0,6.4375,189.33333333333334,1.91625,210.05755091666666,0.0,210.05758333333333,11.5,2.0,10.0,2022.0,0.0,0.0022464563328760834,210.05979737299955,8186.809974999999,-7976.750177627
2022-10-27,143328.86000000002,40662.190416666665,43257.222083333334,19198.49375,38327.935,1883.0200000000002,24.02916666666667,61.166666666666664,0.0,0.0,5.208333333333333,187.29166666666666,1.8354166666666665,208.48338133333334,0.0,208.483375,11.5,3.0,10.0,2022.0,0.0,1.5432098765431797e-06,208.48338287654323,8599.7316,-8391.248217123457
2022-10-28,148129.82791666666,42313.67083333333,45673.02875,18658.955833333333,39512.19291666667,1971.9795833333335,23.224999999999998,65.54166666666667,0.0,0.0,5.7250000000000005,183.16666666666666,1.7054166666666666,205.56537875,0.0,205.56533333333334,11.5,4.0,10.0,2022.0,0.0,0.0,205.56537875,8887.789675,-8682.22429625
2022-10-29,148965.60125,42715.93041666666,46843.785,18701.96416666667,38705.431666666664,1998.49,23.429166666666664,63.416666666666664,0.0,0.0,4.795833333333333,184.375,1.6837499999999999,210.87800558333333,0.0,210.8780416666667,11.5,5.0,10.0,2022.0,1.0,0.0,210.87800558333333,8937.936075,-8727.058069416666
2022-10-30,143902.17416666666,41242.59333333333,46804.80333333334,17842.78875,36058.56166666667,1953.4291666666668,22.983333333333334,62.583333333333336,0.0,0.0,7.279166666666666,181.58333333333334,1.9116666666666668,210.69046916666665,0.0,210.69045833333334,11.5,6.0,10.0,2022.0,1.0,0.002695873342478271,210.69316504000915,8634.130449999999,-8423.437284959991
2022-10-31,150657.83125000002,42811.441249999996,48908.614583333336,18160.284166666668,38807.23166666667,1970.2579166666667,23.212500000000002,63.208333333333336,0.0,0.0,5.458333333333333,179.0,2.0025,206.30458308333334,0.0,206.3045833333333,11.5,0.0,10.0,2022.0,0.0,0.0,206.30458308333334,9039.469875,-8833.165291916666
2022-11-01,151655.38583333333,43190.83708333333,49780.324166666665,18837.1675,37824.17041666667,2022.8854166666667,23.379166666666666,67.79166666666667,0.16666666666666666,0.0,7.254166666666666,175.54166666666666,2.215,204.3262449166667,0.0,204.3262083333333,11.5,1.0,11.0,2022.0,0.0,0.026701588934613597,204.3529465056013,9099.32315,-8894.970203494398
2022-11-02,153283.04583333334,43776.34458333333,50814.40708333333,18944.88625,37707.06375,2040.3425,23.166666666666668,70.125,0.0,0.0,8.983333333333333,177.75,2.6175,209.70290258333333,0.0,209.70287499999998,11.5,2.0,11.0,2022.0,0.0,1.336935585276635,211.03983816860998,9196.982750000001,-8985.942911831391
2022-11-03,153636.03333333333,43738.10791666667,51640.49708333333,18450.824166666665,37768.870416666665,2037.73375,23.479166666666668,66.33333333333333,17.666666666666668,0.0,10.183333333333334,172.95833333333334,2.7262500000000003,206.67373825,0.0,206.67370833333334,11.5,3.0,11.0,2022.0,0.0,0.35663734567901234,207.03037559567903,9218.161999999998,-9011.131624404321
2022-11-04,155806.17124999998,44329.01833333333,52744.68541666667,18503.591666666667,38217.58375,2011.2920833333335,24.816666666666666,64.875,7.75,0.0,4.658333333333333,169.79166666666666,2.355,200.72932416666666,0.0,200.72929166666665,11.5,4.0,11.0,2022.0,0.0,0.03404903978052124,200.7633732064472,9348.370275,-9147.606901793553
2022-11-05,155515.18625,43786.82541666667,53449.829999999994,18619.079583333332,37663.512500000004,1995.9333333333334,23.933333333333334,77.08333333333333,11.708333333333334,0.0,9.408333333333333,166.875,3.1604166666666664,201.95127816666664,0.0,201.95129166666666,11.5,5.0,11.0,2022.0,1.0,0.28579749657064474,202.2370756632373,9330.911175,-9128.674099336762
2022-11-06,149602.6991666667,41804.369166666664,52342.03708333333,17993.318333333333,35555.7975,1907.1762500000002,23.462500000000002,77.91666666666667,73.125,0.0,7.491666666666667,142.625,2.334166666666667,174.84921845833333,0.0,174.84920833333334,11.5,6.0,11.0,2022.0,1.0,4.572473708276191e-07,174.84921891558068,8976.16195,-8801.31273108442
2022-11-07,149614.00958333333,41804.369166666664,52355.120416666665,17993.318333333333,35555.7975,1905.4025,23.366666666666664,71.70833333333333,46.791666666666664,0.024999999999999998,6.245833333333334,159.125,1.6991666666666667,194.09911033333333,0.0,194.0990833333333,11.5,0.0,11.0,2022.0,0.0,0.0,194.09911033333333,8976.840575,-8782.741464666668
2022-11-08,157960.95249999998,43547.487499999996,55165.361249999994,18053.845,39226.77958333333,1967.4783333333335,21.84583333333333,74.875,60.541666666666664,0.2875,6.529166666666666,142.16666666666666,1.8558333333333332,177.46946470833333,0.0,177.4695,11.5,1.0,11.0,2022.0,0.0,0.7713159007773202,178.24078060911066,9477.65715,-9299.416369390889
2022-11-09,158658.39166666666,43627.10375,55376.83083333333,18087.933333333334,39615.613333333335,1950.9091666666666,22.083333333333332,70.16666666666667,7.416666666666667,0.004166666666666667,3.85,157.20833333333334,1.4825,175.9572027083333,0.0,175.95720833333334,11.5,2.0,11.0,2022.0,0.0,0.0,175.9572027083333,9519.5035,-9343.546297291667
2022-11-10,158829.10416666666,44113.98875,55480.880416666674,17876.94,39403.18916666667,1954.1066666666666,21.116666666666667,74.20833333333333,10.458333333333334,0.0,7.366666666666667,147.875,2.2516666666666665,186.86920916666668,0.0,186.86920833333332,11.5,3.0,11.0,2022.0,0.0,0.03618890032007316,186.90539806698675,9529.74625,-9342.840851933013
2022-11-11,157815.4375,44233.21666666667,55288.79416666667,17629.1025,38691.82208333333,1972.5008333333333,20.120833333333334,64.5,0.0,0.0,11.558333333333332,163.83333333333334,3.56375,212.00815541666668,0.0,212.00816666666665,11.5,4.0,11.0,2022.0,0.0,3.238458447645177,215.24661386431183,9468.926249999999,-9253.679636135688
2022-11-12,154734.06833333333,43039.00625,55222.98291666667,17292.385,37242.878333333334,1936.8183333333334,19.970833333333335,58.958333333333336,0.16666666666666666,0.0,13.283333333333333,163.95833333333334,3.7720833333333332,214.44590000000002,0.0,214.445875,11.5,5.0,11.0,2022.0,1.0,8.21500011431184,222.66090011431186,9284.044100000001,-9061.383199885688
2022-11-13,147017.9491666667,40960.56083333333,53890.01125,16299.77875,34028.84916666667,1838.74875,19.966666666666665,62.916666666666664,25.333333333333332,0.0,10.695833333333333,159.70833333333334,2.68875,210.38192924999998,0.0,210.381875,11.5,6.0,11.0,2022.0,1.0,0.6638519090077732,211.0457811590078,8821.07695,-8610.031168840991
2022-11-14,151616.49583333332,41935.559166666666,55225.80583333334,16209.544583333334,36412.42833333334,1833.1575,20.929166666666667,61.791666666666664,26.875,0.0,8.125,156.16666666666666,3.0425,201.32117008333333,0.0,201.32120833333332,11.5,0.0,11.0,2022.0,0.0,4.261178612254229,205.58234869558757,9096.989749999999,-8891.407401304412
2022-11-15,155858.91874999998,43219.480833333335,56381.02375,16393.749583333334,37984.76625,1879.89625,20.308333333333334,65.95833333333333,11.416666666666666,0.0,6.808333333333334,148.125,2.39,186.09408854166668,0.0,186.09408333333332,11.5,1.0,11.0,2022.0,0.0,0.0001292295381801543,186.09421777120485,9351.535125,-9165.440907228794
2022-11-16,157251.64791666667,43908.75833333333,56238.15916666667,16544.320833333335,38656.2275,1904.1820833333334,19.425,60.291666666666664,1.7083333333333333,0.0,10.379166666666666,157.0,3.545,209.38426983333332,0.0,209.38424999999998,11.5,2.0,11.0,2022.0,0.0,2.4806097965249196,211.86487962985825,9435.098875,-9223.233995370141
2022-11-17,157533.88749999998,43810.824166666665,56340.58625,16508.00375,38967.745833333334,1906.725416666667,18.091666666666665,60.5,0.0,0.0,12.537500000000001,158.5,3.7112499999999997,214.01009420833336,0.0,214.01008333333334,11.5,3.0,11.0,2022.0,0.0,10.172139746227709,224.18223395456107,9452.03325,-9227.851016045439
2022-11-18,157660.10041666668,44077.29708333333,55871.52166666667,16411.617916666666,39415.232500000006,1884.4291666666668,17.337500000000002,57.458333333333336,5.208333333333333,0.0,9.616666666666665,160.29166666666666,2.3195833333333336,214.67384574999997,0.0,214.6737916666667,11.5,4.0,11.0,2022.0,0.0,0.09856938728852306,214.7724151372885,9459.606025,-9244.833609862711
2022-11-19,156105.49875,43961.61875,55205.6175,16537.099166666667,38508.03416666667,1893.1274999999998,17.704166666666666,58.541666666666664,35.958333333333336,0.0,7.391666666666667,155.625,2.2087499999999998,207.09497933333333,0.0,207.09504166666667,11.5,5.0,11.0,2022.0,1.0,4.572473708276191e-07,207.0949797905807,9366.329925,-9159.234945209419
2022-11-20,150372.30541666667,42502.37416666667,53653.49125,16215.28375,36181.08875,1820.0645833333335,17.483333333333334,62.333333333333336,36.208333333333336,0.0,9.216666666666667,154.0,3.0508333333333333,209.77999495833333,0.0,209.77995833333333,11.5,6.0,11.0,2022.0,1.0,0.2299417009602195,210.00993665929354,9022.338324999999,-8812.328388340706
2022-11-21,154618.97708333333,43678.38833333333,54888.52166666667,16531.12875,37669.82375,1851.1129166666667,18.0625,58.458333333333336,0.0,0.0,11.795833333333334,155.75,3.2916666666666665,211.84580008333333,0.0,211.84574999999998,11.5,0.0,11.0,2022.0,0.0,2.0182639460448106,213.86406402937814,9277.138625,-9063.274560970622
2022-11-22,157524.2175,44411.28666666666,55750.94041666667,16763.64125,38699.17458333333,1899.1733333333334,17.908333333333335,55.25,0.0,0.0,10.825000000000001,155.20833333333334,3.2887500000000003,212.31507683333334,0.0,212.31504166666664,11.5,1.0,11.0,2022.0,0.0,1.4150332075903063,213.73011004092362,9451.45305,-9237.722939959076
2022-11-23,158029.33791666667,44584.81416666667,55979.62458333333,16899.019166666665,38659.01708333333,1906.8629166666667,17.620833333333334,50.541666666666664,0.0,0.0,12.116666666666667,158.0,3.72875,216.8797535,0.0,216.87974999999997,11.5,2.0,11.0,2022.0,0.0,4.343202046181985,221.222955546182,9481.760274999999,-9260.537319453817
2022-11-24,159099.09041666667,44868.87208333333,56511.72,16816.3675,38991.86125,1910.26875,17.258333333333333,54.0,0.20833333333333334,0.0,11.166666666666666,155.91666666666666,2.28,214.7388125,0.0,214.73883333333333,11.5,3.0,11.0,2022.0,0.0,0.3672308527663466,215.10604335276636,9545.945425,-9330.839381647233
2022-11-25,160859.29333333333,45459.68666666667,56732.84416666667,16834.01125,39917.83458333334,1914.9154166666667,17.354166666666668,57.041666666666664,1.0833333333333333,0.0,7.625,152.45833333333334,2.3029166666666665,207.83327608333332,0.0,207.83325,11.5,4.0,11.0,2022.0,0.0,0.0007043324188385785,207.83398041575217,9651.5576,-9443.723619584247
2022-11-26,160354.00708333333,44982.43041666667,56645.53833333333,16924.92541666667,39885.263750000006,1915.84875,17.2625,56.791666666666664,11.0,0.0,10.479166666666666,153.125,3.1725,211.81254454166665,0.0,211.81254166666668,11.5,5.0,11.0,2022.0,1.0,1.6919826817558299,213.5045272234225,9621.240425,-9407.735897776578
2022-11-27,154188.68583333332,43295.54583333333,55208.08375,16469.993333333336,37391.94625,1823.1170833333333,16.879166666666666,65.25,15.375,0.0,7.6125,152.5,1.63,209.30957304166668,0.0,209.30962499999998,11.5,6.0,11.0,2022.0,1.0,0.0,209.30957304166668,9251.32115,-9042.011576958334
2022-11-28,158573.56999999998,44301.445,56470.204999999994,16596.622916666667,39355.90083333333,1849.3929166666667,17.420833333333334,63.291666666666664,0.0,0.0,5.2375,150.41666666666666,1.6025,206.05170070833333,0.0,206.05175,11.5,0.0,11.0,2022.0,0.0,0.0,206.05170070833333,9514.4142,-9308.362499291667
2022-11-29,159908.225,44979.78375,56754.176666666666,16432.68291666667,39825.864583333336,1915.716666666667,16.795833333333334,67.91666666666667,36.125,0.0,7.0874999999999995,148.375,1.4016666666666666,205.65277066666667,0.0,205.65279166666667,11.5,1.0,11.0,2022.0,0.0,0.0,205.65277066666667,9594.493499999999,-9388.840729333333
2022-11-30,160586.41583333333,45116.58916666667,56763.33458333334,16662.705416666668,40097.67291666667,1946.1129166666667,16.816666666666666,71.125,19.25,0.0,7.1499999999999995,146.125,2.0304166666666665,203.00298883333335,0.0,203.00295833333334,11.5,2.0,11.0,2022.0,0.0,0.0,203.00298883333335,9635.18495,-9432.181961166667
2022-12-01,159044.02083333334,44778.855833333335,55431.46,16498.95375,40395.7425,1939.0075,16.483333333333334,73.91666666666667,2.3333333333333335,0.0,8.104166666666666,147.41666666666666,2.2254166666666664,208.12727425,0.0,208.12729166666668,11.5,3.0,12.0,2022.0,0.0,0.002718678555098296,208.1299929285551,9542.641249999999,-9334.511257071445
2022-12-02,160574.6075,44680.49708333333,56045.29083333333,16544.443750000002,41367.246666666666,1937.13,16.754166666666666,73.625,44.083333333333336,0.0,5.470833333333334,144.125,1.4641666666666666,200.29167600000002,0.0,200.29170833333333,11.5,4.0,12.0,2022.0,0.0,0.0,200.29167600000002,9634.47645,-9434.184774
2022-12-03,160503.43458333335,44370.949166666665,56587.5625,16537.627916666668,41092.03333333333,1915.2620833333333,17.075,72.70833333333333,5.541666666666667,0.0,4.883333333333334,143.375,1.1866666666666668,199.20869000000002,0.0,199.20870833333333,11.5,5.0,12.0,2022.0,1.0,0.0,199.20869000000002,9630.206075,-9430.997385
2022-12-04,155138.10541666666,43089.23333333333,55679.323333333334,16429.434166666666,38105.14833333334,1834.9683333333332,16.508333333333333,73.95833333333333,0.0,0.0,8.295833333333333,145.41666666666666,1.6016666666666666,204.5817974583333,0.0,204.58179166666665,11.5,6.0,12.0,2022.0,1.0,0.00015689300411522426,204.58195435133746,9308.286325,-9103.704370648662
2022-12-05,159281.55916666667,44369.01666666666,56069.7475,16807.77625,40135.4225,1899.595,15.545833333333334,73.66666666666667,0.0,0.0,6.7749999999999995,144.95833333333334,2.2733333333333334,205.63530187499998,0.0,205.63537499999998,11.5,0.0,12.0,2022.0,0.0,0.0,205.63530187499998,9556.893549999999,-9351.258248125
2022-12-06,161933.50416666668,45377.125,57196.99708333333,16619.45666666667,40807.587916666664,1932.3374999999999,16.041666666666668,68.625,0.0,0.0,13.320833333333333,145.5,3.8475,209.88847879166667,0.0,209.8885,11.5,1.0,12.0,2022.0,0.0,2.6827107910379513,212.57118958270462,9716.01025,-9503.439060417295
2022-12-07,162301.63541666666,45555.65625,57340.142916666664,16861.0725,40590.12708333333,1954.6370833333333,16.366666666666667,68.25,0.0,0.0,15.504166666666668,145.16666666666666,4.06375,210.55124887499997,0.0,210.55124999999998,11.5,2.0,12.0,2022.0,0.0,8.178895576131689,218.73014445113168,9738.098124999999,-9519.367980548868
2022-12-08,160660.47916666666,45560.57833333334,56629.017916666664,17024.125833333335,39504.4325,1942.325,15.975,73.125,0.0,0.0,11.254166666666668,142.25,2.71625,205.2621729583333,0.0,205.26208333333332,11.5,3.0,12.0,2022.0,0.0,2.406552583447645,207.668725541781,9639.62875,-9431.96002445822
2022-12-09,157628.88291666665,46036.09625,55478.93375,16602.11,37565.11208333333,1946.6312500000001,16.316666666666666,75.79166666666667,0.0,0.0,7.979166666666667,141.375,2.1041666666666665,201.968201475,0.0,201.96820833333334,11.5,4.0,12.0,2022.0,0.0,0.03573153863740283,202.0039330136374,9457.732975,-9255.729041986362
2022-12-10,154313.415,45630.23499999999,55326.855416666665,16602.483333333334,34815.683750000004,1938.1591666666666,16.941666666666666,71.16666666666667,0.0,0.0,8.6875,141.0,2.8066666666666666,201.07314560416668,0.0,201.07316666666665,11.5,5.0,12.0,2022.0,1.0,0.08310951074531314,201.156255114912,9258.8049,-9057.648644885086
2022-12-11,149429.3225,44034.12333333333,54542.503333333334,16493.881250000002,32513.729583333334,1845.0854166666668,17.3125,68.91666666666667,0.0,0.0,9.829166666666667,142.625,3.235,204.1731979,0.0,204.17316666666667,11.5,6.0,12.0,2022.0,1.0,0.2894288408779148,204.4626267408779,8965.75935,-8761.296723259122
2022-12-12,155199.04624999998,45244.23333333334,56456.595,16686.23791666667,34915.83,1896.1479166666668,16.900000000000002,61.5,0.0,0.0,11.166666666666666,143.58333333333334,3.5975,208.090703,0.0,208.0906666666667,11.5,0.0,12.0,2022.0,0.0,1.736434670781893,209.8271376707819,9311.942775,-9102.115637329218
2022-12-13,157790.93625,46165.99916666667,56998.60166666666,16912.457916666666,35841.856250000004,1872.02125,16.829166666666666,52.791666666666664,0.0,0.0,15.204166666666666,143.83333333333334,4.432083333333334,210.28856716666667,0.0,210.28858333333335,11.5,1.0,12.0,2022.0,0.0,10.186465649291266,220.47503281595792,9467.456175,-9246.981142184042
2022-12-14,159730.99291666667,46467.66916666667,57312.29,17025.558333333334,37011.00916666666,1914.4654166666667,15.679166666666667,54.833333333333336,0.0,0.0,14.691666666666668,145.58333333333334,4.3025,213.12389741666667,0.0,213.123875,11.5,2.0,12.0,2022.0,0.0,17.659278120713306,230.78317553737998,9583.859575,-9353.07639946262
2022-12-15,160032.52208333334,46069.895833333336,57289.87333333333,17008.093333333334,37736.36708333333,1928.29,14.637500000000001,56.458333333333336,0.0,0.0,12.725,144.0,3.52,211.60259150000002,0.0,211.6025833333333,11.5,3.0,12.0,2022.0,0.0,0.7024015203475079,212.30499302034752,9601.951325,-9389.646331979653
2022-12-16,161690.85958333334,46004.00208333333,57790.92083333334,17142.542916666665,38868.18083333333,1885.21125,14.0375,65.66666666666667,0.0,0.0,10.233333333333333,144.20833333333334,2.2741666666666664,209.51425066666664,0.0,209.51420833333336,11.5,4.0,12.0,2022.0,0.0,0.03970284636488342,209.55395351303153,9701.451575000001,-9491.897621486967
2022-12-17,162668.57041666665,46331.22416666666,58272.25875,17048.548749999998,39137.440416666665,1879.09875,14.0875,69.33333333333333,0.0,0.0,8.008333333333333,142.83333333333334,1.9229166666666666,207.525431475,0.0,207.52541666666664,11.5,5.0,12.0,2022.0,1.0,0.004996399176954717,207.53042787417698,9760.114225,-9552.583797125822
2022-12-18,157714.73500000002,45436.729583333334,56598.12333333333,16680.980416666665,37178.74916666667,1820.1520833333334,14.304166666666667,75.875,0.0,0.0,7.029166666666666,142.08333333333334,1.98375,203.3710123,0.0,203.37095833333333,11.5,6.0,12.0,2022.0,1.0,0.0003379629629629583,203.37135026296298,9462.8841,-9259.512749737036
2022-12-19,162200.95375000002,45711.9925,57872.9175,16934.54291666667,39822.87541666667,1858.625,14.174999999999999,79.375,72.33333333333333,0.0,7.854166666666667,140.79166666666666,1.9004166666666666,204.74876758333335,0.0,204.74875,11.5,0.0,12.0,2022.0,0.0,0.0,204.74876758333335,9732.057224999999,-9527.308457416666
2022-12-20,164214.18583333332,45645.935,58592.46041666667,17190.107500000002,40925.96625,1859.7183333333332,13.637500000000001,76.83333333333333,33.333333333333336,0.0,7.908333333333334,137.45833333333334,2.254166666666667,195.20135790833334,0.0,195.20145833333333,11.5,1.0,12.0,2022.0,0.0,0.0,195.20135790833334,9852.85115,-9657.649792091666
2022-12-21,165911.00708333333,47057.035833333335,58300.97416666666,17004.65875,41637.79083333333,1910.54875,13.070833333333333,78.79166666666667,0.4583333333333333,0.0,8.158333333333333,142.5,2.27625,203.556352375,0.0,203.55641666666668,11.5,2.0,12.0,2022.0,0.0,0.002262974394147225,203.55861534939416,9954.660425,-9751.101809650607
2022-12-22,166908.11666666667,47509.84125,58508.25041666667,16839.4725,42126.495416666665,1924.0579166666666,12.9625,79.33333333333333,2.0,0.0,8.091666666666667,141.20833333333334,2.7708333333333335,208.17299773333332,0.0,208.173,11.5,3.0,12.0,2022.0,0.0,0.006357224508459054,208.1793549578418,10014.487,-9806.307645042158
2022-12-23,167969.64958333332,47865.057499999995,58540.17791666667,16987.2075,42620.695,1956.5095833333332,12.262500000000001,81.58333333333333,46.0,0.0,7.183333333333334,130.625,2.605,187.69057152916665,0.0,187.69062499999998,11.5,4.0,12.0,2022.0,0.0,0.019655349794238667,187.71022687896092,10078.178975,-9890.468748121039
2022-12-24,165794.56041666667,47293.82833333334,57578.05291666667,16757.744583333333,42210.472916666666,1954.46125,12.475,74.70833333333333,9.75,0.0,10.929166666666667,141.5,3.8420833333333335,205.35130295833332,0.0,205.35125000000002,11.5,5.0,12.0,2022.0,1.0,2.3618636259716506,207.713166584305,9947.673625,-9739.960458415693
2022-12-25,160006.60583333333,46257.07874999999,56033.513750000006,17047.597083333334,38807.96208333333,1860.4541666666667,10.958333333333334,81.125,12.0,0.0,11.325000000000001,142.08333333333334,3.1875,208.94463787916666,0.0,208.94470833333332,11.5,6.0,12.0,2022.0,1.0,0.6587887517146775,209.60342663088136,9600.396349999999,-9390.79292336912
2022-12-26,163853.00041666665,47635.57208333333,57122.857083333336,17267.677916666667,39914.95208333333,1911.9420833333334,11.125,83.54166666666667,1.2916666666666667,0.0,8.6,141.95833333333334,3.1208333333333336,200.37910932499997,0.0,200.3791666666667,11.5,0.0,12.0,2022.0,0.0,0.08823125285779605,200.4673405778578,9831.180025,-9630.712684422142
2022-12-27,166768.42916666667,48608.53875,57972.84791666667,16896.727083333335,41386.81791666667,1903.4975000000002,11.908333333333333,78.875,26.708333333333332,0.0,13.5875,136.70833333333334,4.236666666666666,209.39496435833334,0.0,209.39495833333334,11.5,1.0,12.0,2022.0,0.0,5.893037265660722,215.28800162399406,10006.10575,-9790.817748376006
2022-12-28,168326.56916666668,48603.925416666665,57979.4925,17347.40875,42438.34208333333,1957.4004166666666,13.104166666666666,72.125,10.458333333333334,0.0,15.933333333333332,143.375,4.394166666666666,211.296576525,0.0,211.29654166666668,11.5,2.0,12.0,2022.0,0.0,21.701392432556016,232.99796895755603,10099.594149999999,-9866.596181042443
2022-12-29,169274.39375000002,48567.71291666667,58080.00041666667,17341.578333333335,43307.09291666667,1978.01,14.129166666666668,73.95833333333333,34.166666666666664,0.0,8.387500000000001,107.33333333333333,2.3070833333333334,141.91099282916664,0.0,141.911,11.5,3.0,12.0,2022.0,0.0,0.0037353109282121442,141.91472814009487,10156.463624999999,-10014.548896859904
2022-12-30,170375.35791666666,48583.79541666667,58359.02125,17339.321666666667,44108.03833333333,1985.1825,14.920833333333334,74.45833333333333,24.958333333333332,0.0,8.479166666666666,128.91666666666666,2.703333333333333,159.03740405708334,0.0,159.03733333333335,11.5,4.0,12.0,2022.0,0.0,0.07365014860539551,159.11105420568873,10222.521475,-10063.410420794311
2022-12-31,169061.53041666668,48413.426666666666,57231.77,17642.875833333335,43762.59291666667,2010.8675,13.095833333333333,81.45833333333333,3.5833333333333335,0.0,12.575000000000001,143.33333333333334,3.7304166666666667,207.0919320945833,0.0,207.09195833333334,11.5,5.0,12.0,2022.0,1.0,4.492364368998628,211.58429646358195,10143.691825,-9932.107528536419
2023-01-01,160281.21541666667,46821.64166666666,53947.33791666667,16851.477916666667,40778.832916666666,1881.9245833333334,12.479166666666666,78.54166666666667,27.375,0.0,5.966666666666666,142.83333333333334,1.1966666666666665,198.00822316666665,0.0,198.00816666666665,11.5,6.0,1.0,2023.0,1.0,0.0,198.00822316666665,9616.872925,-9418.864701833334
2023-01-02,166049.32708333334,47781.0925,56006.1275,17120.256666666664,43232.854166666664,1908.9954166666666,12.270833333333334,77.70833333333333,0.16666666666666666,0.0,4.966666666666667,145.75,1.3208333333333333,188.53466277500002,0.0,188.534625,11.5,0.0,1.0,2023.0,0.0,0.0,188.53466277500002,9962.959625,-9774.424962225
2023-01-03,171035.89708333334,49605.40791666667,57482.9375,17745.41083333333,44263.96041666667,1938.1820833333334,10.6625,85.375,30.041666666666668,0.0,6.608333333333333,131.08333333333334,2.7312499999999997,191.64016687333333,0.0,191.64020833333333,11.5,1.0,1.0,2023.0,0.0,0.11809522176497488,191.7582620950983,10262.153825,-10070.395562904901
2023-01-04,171289.2825,50910.31083333333,55860.34125,17899.170000000002,44619.190833333334,2000.2691666666667,9.695833333333333,87.54166666666667,16.666666666666668,0.0,8.4625,142.33333333333334,2.4125,210.10400206041666,0.0,210.1040416666667,11.5,2.0,1.0,2023.0,0.0,0.003390489254686787,210.10739254967135,10277.35695,-10067.249557450328
2023-01-05,172208.39375000002,50509.77583333334,57366.37583333333,17959.419166666667,44383.65916666667,1989.165,8.916666666666666,89.20833333333333,40.5,0.0,8.104166666666666,124.58333333333333,1.9054166666666665,151.98833364499998,0.0,151.988375,11.5,3.0,1.0,2023.0,0.0,1.5432098765431797e-06,151.98833518820987,10332.503625,-10180.51528981179
2023-01-06,172161.25333333333,50648.692500000005,57280.89041666667,17897.28583333333,44336.0075,1998.3766666666668,8.325000000000001,87.45833333333333,65.45833333333333,0.0,6.7124999999999995,129.66666666666666,1.5795833333333331,140.53287300666668,0.0,140.53287500000002,11.5,4.0,1.0,2023.0,0.0,0.0,140.53287300666668,10329.6752,-10189.142326993333
2023-01-07,171795.26083333333,50576.83875,57801.20333333333,17863.382083333334,43598.29666666667,1955.5370833333334,8.25,87.41666666666667,42.375,0.0,9.079166666666667,132.83333333333334,3.1345833333333335,167.98185651375,0.0,167.981875,11.5,5.0,1.0,2023.0,1.0,0.17414071787837224,168.15599723162836,10307.71565,-10139.559652768372
2023-01-08,167856.1525,50388.612499999996,56635.21625,17622.677916666667,41293.23583333333,1916.4091666666666,10.120833333333334,87.70833333333333,23.791666666666668,0.0,9.704166666666667,131.95833333333334,2.7587500000000005,207.76618409166667,0.0,207.76616666666666,11.5,6.0,1.0,2023.0,1.0,0.2450793324188387,208.0112634240855,10071.36915,-9863.357886575914
2023-01-09,170894.56916666668,50705.82708333334,57322.70041666667,17542.267083333336,43362.14083333333,1961.6341666666667,11.083333333333334,88.45833333333333,87.66666666666667,0.0,5.375,112.66666666666667,2.0075,160.72653191958332,0.0,160.72650000000002,11.5,0.0,1.0,2023.0,0.0,0.0,160.72653191958332,10253.674149999999,-10092.947618080416
2023-01-10,173036.05333333332,50938.26541666667,58297.06625,17513.76208333333,44328.144583333335,1958.8149999999998,11.554166666666667,89.25,50.958333333333336,0.0,8.933333333333334,124.70833333333333,2.7816666666666667,201.082043475,0.0,201.082,11.5,1.0,1.0,2023.0,0.0,0.07369198673982623,201.15573546173982,10382.163199999999,-10181.00746453826
2023-01-11,173785.66458333333,51845.25541666666,57962.07208333333,17884.977916666667,44124.275,1969.0820833333335,12.179166666666667,85.95833333333333,55.291666666666664,0.0,7.354166666666667,132.08333333333334,2.7866666666666666,139.9129620825,0.0,139.913,11.5,2.0,1.0,2023.0,0.0,0.3821749542752628,140.29513703677526,10427.139874999999,-10286.844737963225
2023-01-12,173219.60874999998,50040.041666666664,58478.88375,18130.34375,44553.817500000005,2016.5229166666668,14.470833333333333,80.875,39.291666666666664,0.004166666666666667,12.766666666666666,138.04166666666666,3.18875,146.26230455208335,0.0,146.26225,11.5,3.0,1.0,2023.0,0.0,0.3280596707818929,146.59036422286522,10393.176525,-10246.586160777135
2023-01-13,171832.58333333334,48239.599583333336,57985.20041666667,18627.95875,44976.56875,2003.2562500000001,13.950000000000001,87.16666666666667,34.166666666666664,0.7583333333333333,9.558333333333334,111.875,2.8837500000000005,132.01373750541666,0.0,132.01375,11.5,4.0,1.0,2023.0,0.0,1.0686480338363056,133.08238553925298,10309.955,-10176.872614460746
2023-01-14,166156.06875,48797.23166666667,53756.56791666666,18216.304166666665,43423.07541666667,1962.8895833333333,12.120833333333332,75.66666666666667,29.791666666666668,0.0,13.383333333333333,153.66666666666666,3.814583333333333,224.70309073041668,0.0,224.703125,11.5,5.0,1.0,2023.0,1.0,1.3665297210791039,226.06962045149578,9969.364125,-9743.294504548505
2023-01-15,160508.12083333332,47812.81041666667,53394.12083333333,17840.720833333333,39589.21125,1871.256666666667,9.416666666666666,65.58333333333333,4.125,0.0,12.65,163.04166666666666,3.580833333333333,234.39517527916666,0.0,234.39516666666668,11.5,6.0,1.0,2023.0,1.0,1.5260128029263835,235.92118808209307,9630.48725,-9394.566061917907
2023-01-16,166390.2125,50097.46333333334,56580.625,17815.076250000002,39966.145,1930.9045833333332,9.033333333333333,63.5,0.75,0.0,9.387500000000001,162.04166666666666,3.2100000000000004,236.64866354583333,0.0,236.648625,11.5,0.0,1.0,2023.0,0.0,0.21666981024234108,236.86533335607567,9983.41275,-9746.547416643923
2023-01-17,170747.22291666668,50899.513333333336,58141.96458333333,17946.41625,41786.997083333335,1972.3295833333334,9.0,64.16666666666667,0.0,0.0,10.145833333333334,164.0,3.1208333333333336,238.08571530833333,0.0,238.08570833333332,11.5,1.0,1.0,2023.0,0.0,0.625332304526749,238.71104761286009,10244.833375,-10006.12232738714
2023-01-18,173931.53458333333,51880.04958333333,58206.16625,18037.736666666668,43780.0325,2027.5479166666667,9.2125,65.08333333333333,4.833333333333333,0.0,8.579166666666667,162.45833333333334,1.9954166666666666,232.54802921666666,0.0,232.54804166666668,11.5,2.0,1.0,2023.0,0.0,0.0,232.54802921666666,10435.892075,-10203.344045783333
2023-01-19,173640.81625,50735.67833333334,58441.435,18064.296666666665,44379.32041666666,2020.0866666666668,12.225,63.75,62.166666666666664,0.012499999999999999,7.216666666666666,152.20833333333334,1.74875,189.28220606333335,0.0,189.28220833333333,11.5,3.0,1.0,2023.0,0.0,0.010555555555555549,189.2927616188889,10418.448975,-10229.156213381111
2023-01-20,173367.82291666666,49370.55625,58597.95333333333,18195.412916666664,45158.39333333333,2045.5066666666664,14.0625,70.08333333333333,37.458333333333336,0.0,10.475,151.91666666666666,2.92,194.89084475833332,0.0,194.89087499999997,11.5,4.0,1.0,2023.0,0.0,0.1963008116140833,195.0871455699474,10402.069375,-10206.982229430052
2023-01-21,171599.32499999998,48613.427083333336,57792.39208333333,18332.95,44852.99333333334,2007.56125,13.266666666666666,79.16666666666667,0.0,0.0,5.554166666666667,161.20833333333334,1.5416666666666667,219.59058052916666,0.0,219.59058333333334,11.5,5.0,1.0,2023.0,1.0,5.715592135344857e-08,219.5905805863226,10295.959499999999,-10076.368919413677
2023-01-22,166397.06083333332,47773.05875,55883.68625,17817.76,42949.54416666667,1973.01375,14.15,71.29166666666667,20.541666666666668,0.0,8.4625,153.95833333333334,2.18875,180.12656833208334,0.0,180.126625,11.5,6.0,1.0,2023.0,1.0,3.0864197530863594e-06,180.1265714185031,9983.82365,-9803.697078581497
2023-01-23,169607.0175,47883.7525,56718.03333333333,17870.258333333335,45096.27875,2038.6958333333332,15.504166666666668,63.833333333333336,23.125,0.0,6.520833333333333,161.33333333333334,1.8475,210.88550862083332,0.0,210.88554166666665,11.5,0.0,1.0,2023.0,0.0,0.06634562185642433,210.95185424268973,10176.421049999999,-9965.46919575731
2023-01-24,169004.45083333334,46784.57208333333,57246.27875,18433.435416666667,44522.503333333334,2017.6633333333332,16.908333333333335,81.79166666666667,69.70833333333333,0.4708333333333334,11.958333333333334,115.625,3.7675,100.04772200000001,0.0,100.04766666666666,11.5,1.0,1.0,2023.0,0.0,8.825734339277549,108.87345633927754,10140.26705,-10031.393593660721
2023-01-25,168648.18041666667,46816.38458333333,55894.236249999994,18706.44208333333,45193.50666666666,2037.6091666666664,16.466666666666665,83.45833333333333,49.875,0.041666666666666664,6.070833333333333,124.83333333333333,2.23375,152.98230645916667,0.0,152.98233333333332,11.5,2.0,1.0,2023.0,0.0,0.36885973936899874,153.35116619853565,10118.890825,-9965.539658801465
2023-01-26,158907.46666666667,44377.62541666667,51449.01833333333,17758.76208333333,43369.70541666667,1952.3566666666666,14.354166666666666,76.83333333333333,21.875,0.0,12.7125,156.29166666666666,3.112083333333333,199.38108777083335,0.0,199.38108333333332,11.5,3.0,1.0,2023.0,0.0,0.11608121856424324,199.49716898939758,9534.447999999999,-9334.950831010601
2023-01-27,166060.97708333333,46578.19375,54479.065833333334,18053.951666666664,44975.28833333333,1974.4766666666667,12.141666666666666,68.20833333333333,0.0,0.0,14.620833333333332,176.5,3.8941666666666666,236.49809755,0.0,236.4980416666667,11.5,4.0,1.0,2023.0,0.0,2.7034079789666214,239.20150552896663,9963.658625,-9724.457119471033
2023-01-28,168597.15708333332,47277.36708333334,56184.01416666667,17767.9175,45406.82208333333,1961.0354166666666,12.558333333333332,68.45833333333333,3.5,0.0,11.491666666666667,177.625,2.7295833333333337,235.46915307083336,0.0,235.46908333333332,11.5,5.0,1.0,2023.0,1.0,0.2042474851394603,235.6734005559728,10115.829425,-9880.156024444028
2023-01-29,160701.28291666668,43284.152916666666,54784.31916666666,17146.350833333334,43583.43083333333,1903.0283333333334,12.845833333333333,84.29166666666667,95.91666666666667,0.17500000000000002,9.275,60.708333333333336,2.955833333333333,66.55541877791667,0.0,66.55541666666667,11.5,6.0,1.0,2023.0,1.0,0.10634550754458162,66.66176428546125,9642.076975,-9575.415210714538
2023-01-30,162255.61208333334,41350.199583333335,55509.26583333333,17915.509583333333,45542.4075,1938.2308333333333,13.191666666666668,87.04166666666667,72.125,0.425,8.508333333333335,68.16666666666667,2.6441666666666666,101.05379390208333,0.0,101.05379166666667,11.5,0.0,1.0,2023.0,0.0,0.7047438271604936,101.75853772924383,9735.336725,-9633.578187270756
2023-01-31,166031.02041666667,44372.75666666666,56356.33625,18191.881666666664,45148.24916666667,1961.7958333333333,14.120833333333332,83.58333333333333,32.666666666666664,0.0,14.433333333333332,172.16666666666666,4.18375,228.33723364583332,0.0,228.33720833333334,11.5,1.0,1.0,2023.0,0.0,12.465692558299038,240.80292620413238,9961.861224999999,-9721.058298795868
2023-02-01,167879.1366666667,45430.06208333333,56284.22875,18008.548749999998,46170.44166666667,1985.8545833333335,13.741666666666667,75.33333333333333,0.0,0.0,16.337500000000002,181.29166666666666,4.3187500000000005,235.81742905,0.0,235.81745833333332,11.5,2.0,2.0,2023.0,0.0,7.538868827160492,243.3562978771605,10072.7482,-9829.39190212284
2023-02-02,168677.21833333335,46245.462916666664,56715.784583333334,17952.234166666665,45800.42458333333,1963.3120833333332,14.745833333333332,64.91666666666667,0.0,0.0,15.779166666666667,182.95833333333334,4.232083333333333,236.078545675,0.0,236.07858333333334,11.5,3.0,2.0,2023.0,0.0,8.660673125285781,244.73921880028578,10120.6331,-9875.893881199714
2023-02-03,169492.48208333334,46948.06833333333,56763.68541666667,17938.173749999998,45918.95333333333,1923.6025,15.008333333333333,68.75,0.08333333333333333,0.0,11.924999999999999,182.375,3.51,231.97619226666666,0.0,231.976125,11.5,4.0,2.0,2023.0,0.0,1.8603688271604941,233.83656109382716,10169.548925,-9935.712363906174
2023-02-04,169205.20583333334,46214.39125000001,57642.46833333333,18080.7425,45357.386666666665,1910.2175,15.9125,65.95833333333333,0.0,0.0,13.479166666666666,182.375,4.125,232.9556262,0.0,232.95562499999997,11.5,5.0,2.0,2023.0,1.0,13.399928040695016,246.35555424069503,10152.31235,-9905.956795759304
2023-02-05,164691.50208333333,45297.18791666667,56533.822916666664,17615.698333333334,43328.47416666667,1916.3166666666666,16.995833333333334,63.416666666666664,0.0,0.0,9.674999999999999,187.08333333333334,2.8945833333333333,234.9048589375,0.0,234.90487499999998,11.5,6.0,2.0,2023.0,1.0,1.2545488683127568,236.15940780581275,9881.490125,-9645.330717194187
2023-02-06,169801.23291666666,46399.57874999999,57950.89916666667,18087.515416666665,45387.54666666666,1975.6937500000001,17.595833333333335,70.25,7.875,0.0,7.7625,180.25,2.8212499999999996,217.59149945833335,0.0,217.59145833333332,11.5,0.0,2.0,2023.0,0.0,0.0452797782350251,217.63677923656834,10188.073975,-9970.43719576343
2023-02-07,172362.10041666668,47027.36375,58805.47083333333,18321.595833333333,46244.89166666666,1962.7783333333334,17.087500000000002,69.83333333333333,0.4166666666666667,0.0,12.6875,186.20833333333334,4.123333333333333,230.63165780416668,0.0,230.63166666666666,11.5,1.0,2.0,2023.0,0.0,7.951082418838591,238.5827402230053,10341.726025,-10103.143284776996
2023-02-08,174646.66583333333,47702.90708333333,59324.66625,18677.584583333333,46969.51291666667,1971.9954166666666,15.679166666666667,55.5,15.041666666666666,0.0,11.174999999999999,189.91666666666666,2.865,235.37161195833335,0.0,235.37166666666667,11.5,2.0,2.0,2023.0,0.0,4.658591106538638,240.03020306487198,10478.799949999999,-10238.769746935128
2023-02-09,175374.50375,47991.549166666664,59647.93,18805.507083333334,46961.00708333333,1968.51,17.370833333333334,62.541666666666664,16.708333333333332,0.0,9.895833333333334,188.83333333333334,3.0691666666666664,226.81542102083333,0.0,226.81545833333334,11.5,3.0,2.0,2023.0,0.0,0.186982053040695,227.00240307387404,10522.470225,-10295.467821926126
2023-02-10,175005.63291666668,47672.927083333336,59454.69041666667,18317.787500000002,47535.42833333334,2024.8008333333335,18.595833333333335,71.5,19.583333333333332,0.0,9.65,187.58333333333334,2.58,225.10675772916667,0.0,225.10675,11.5,4.0,2.0,2023.0,0.0,0.00015792181069957664,225.10691565097736,10500.337975,-10275.231059349022
2023-02-11,174338.9425,46973.56916666666,59066.13208333333,18386.564166666667,47918.83708333334,1993.8420833333332,18.8875,62.666666666666664,1.5833333333333333,0.0,8.85,193.70833333333334,3.339166666666667,228.42336945833333,0.0,228.42341666666667,11.5,5.0,2.0,2023.0,1.0,0.4705927069044351,228.89396216523778,10460.33655,-10231.442587834763
2023-02-12,168960.74125,45752.526249999995,57596.26,17763.460416666665,45957.792083333334,1890.70125,15.791666666666666,47.25,0.0,0.0,15.108333333333334,200.29166666666666,4.442916666666666,242.5927615208333,0.0,242.59275,11.5,6.0,2.0,2023.0,1.0,12.964731310013718,255.55749283084705,10137.644475,-9882.086982169152
2023-02-13,172664.43375,45722.49916666667,58872.44125,18005.00125,48145.713333333326,1918.7779166666667,15.016666666666666,35.125,0.16666666666666666,0.0,22.108333333333334,202.58333333333334,5.940833333333333,247.81005907083332,0.0,247.81004166666665,11.5,0.0,2.0,2023.0,0.0,93.74413625971651,341.5541953305498,10359.866025,-10018.31182966945
2023-02-14,174464.92708333334,46337.700833333336,59369.79708333333,17965.437916666666,48814.40041666667,1977.5916666666665,16.795833333333334,43.958333333333336,5.083333333333333,0.0,14.479166666666666,197.66666666666666,4.196666666666666,236.08935893333333,0.0,236.08937500000002,11.5,1.0,2.0,2023.0,0.0,8.339370941929582,244.42872987526292,10467.895625,-10223.466895124737
2023-02-15,175982.255,47666.49083333334,59351.519166666665,17770.635416666668,49254.94,1938.6704166666666,18.329166666666666,54.583333333333336,0.08333333333333333,0.0,14.987499999999999,200.79166666666666,4.54625,236.27873983333333,0.0,236.27866666666668,11.5,2.0,2.0,2023.0,0.0,32.01014037494284,268.28888020827617,10558.9353,-10290.646419791725
2023-02-16,176855.27625,47688.729166666664,59739.16333333333,18083.531666666666,49397.53791666666,1946.3129166666668,18.304166666666667,70.54166666666667,27.875,0.0,7.770833333333333,200.79166666666666,2.2270833333333333,228.56477495833335,0.0,228.56475,11.5,3.0,2.0,2023.0,0.0,0.9072485711019661,229.47202352943532,10611.316574999999,-10381.844551470565
2023-02-17,178803.705,47945.167083333334,60381.292916666665,18202.169583333332,50302.93833333333,1972.13875,19.604166666666668,76.54166666666667,51.458333333333336,0.0,5.854166666666667,201.83333333333334,1.7045833333333336,227.04455875,0.0,227.0445,11.5,4.0,2.0,2023.0,0.0,0.000392032464563325,227.04495078246455,10728.2223,-10501.177349217534
2023-02-18,177005.82166666666,47613.90666666667,59616.14041666667,18198.780833333334,49648.394583333335,1928.5966666666666,19.0625,77.66666666666667,12.458333333333334,0.0,7.3374999999999995,203.20833333333334,1.7433333333333332,229.90928020833334,0.0,229.9092916666667,11.5,5.0,2.0,2023.0,1.0,0.006237139917695471,229.91551734825103,10620.3493,-10390.43378265175
2023-02-19,171731.76166666666,45770.70208333334,58619.892499999994,17841.3325,47631.97833333333,1867.8575,21.004166666666666,70.29166666666667,41.416666666666664,0.0,5.604166666666667,203.25,1.5445833333333334,220.83334570833333,0.0,220.83337500000002,11.5,6.0,2.0,2023.0,1.0,0.0,220.83334570833333,10303.9057,-10083.072354291666
2023-02-20,176692.80291666664,46688.767499999994,60552.2925,18830.435833333333,48687.0075,1934.3004166666667,22.366666666666664,64.95833333333333,65.625,0.0,7.241666666666667,204.95833333333334,2.74625,220.07220875,0.0,220.07220833333335,11.5,0.0,2.0,2023.0,0.0,0.26924754229538184,220.34145629229536,10601.568174999999,-10381.226718707703
2023-02-21,178578.56125,46512.72416666666,61039.182916666665,19157.474583333333,49943.58791666667,1925.5912500000002,21.954166666666666,57.708333333333336,23.041666666666668,0.0,9.2875,211.45833333333334,3.3058333333333336,231.59781104166666,0.0,231.59779166666667,11.5,1.0,2.0,2023.0,0.0,1.7256980452674895,233.32350908693414,10714.713675,-10481.390165913066
2023-02-22,178762.53916666668,47181.08791666667,60593.64124999999,18546.227083333335,50590.35125,1851.2329166666668,20.545833333333334,62.583333333333336,43.958333333333336,0.0,8.058333333333334,199.58333333333334,2.606666666666667,216.68182579166668,0.0,216.681875,11.5,2.0,2.0,2023.0,0.0,0.02541763831732964,216.707243429984,10725.75235,-10509.045106570016
2023-02-23,178730.8879166667,47168.527916666666,60460.42333333333,18850.539166666666,50463.963333333326,1787.4341666666667,19.9875,53.041666666666664,0.3333333333333333,0.0,12.154166666666667,217.58333333333334,3.6795833333333334,241.96598879166666,0.0,241.96595833333333,11.5,3.0,2.0,2023.0,0.0,4.140285036579789,246.10627382824646,10723.853275,-10477.747001171754
2023-02-24,179353.34666666668,46745.503333333334,60596.51541666667,19023.874166666665,51054.450833333336,1933.0024999999998,19.833333333333332,51.083333333333336,62.291666666666664,0.0,10.625,206.16666666666666,2.6979166666666665,227.87410041666666,0.0,227.87408333333335,11.5,4.0,2.0,2023.0,0.0,0.3244685070873343,228.198568923754,10761.2008,-10533.002231076245
2023-02-25,178452.115,46579.355,60437.24833333333,18962.352083333335,50526.69458333333,1946.462083333333,20.991666666666667,53.75,2.4166666666666665,0.0,7.366666666666667,217.04166666666666,2.12375,233.261329875,0.0,233.26129166666666,11.5,5.0,2.0,2023.0,1.0,2.9721079103794287e-05,233.26135959607913,10707.1269,-10473.865540403922
2023-02-26,174794.50375,46185.53875,58965.72875,18610.178333333333,49187.06458333333,1845.9937499999999,22.370833333333334,50.708333333333336,4.291666666666667,0.0,7.308333333333334,212.91666666666666,1.5358333333333334,213.15924416666667,0.0,213.1592916666667,11.5,6.0,2.0,2023.0,1.0,0.0,213.15924416666667,10487.670225,-10274.510980833333
2023-02-27,178535.36958333335,46776.309166666666,60362.075000000004,18734.66625,50780.97666666666,1881.3416666666665,22.258333333333336,52.666666666666664,26.583333333333332,0.0,8.829166666666667,204.54166666666666,2.1149999999999998,213.36990620833333,0.0,213.37,11.5,0.0,2.0,2023.0,0.0,0.007875,213.37778120833335,10712.122174999999,-10498.744393791667
2023-02-28,179616.6679166667,46591.5375,60931.86708333334,18723.380416666667,51407.80333333334,1962.0804166666667,21.670833333333334,49.541666666666664,32.208333333333336,0.0,7.958333333333333,205.45833333333334,2.0479166666666666,214.01848054166666,0.0,214.01841666666667,11.5,1.0,2.0,2023.0,0.0,0.011157407407407392,214.02963794907407,10777.000075,-10562.970437050926
2023-03-01,179631.03125,46126.30291666667,60543.54416666667,18988.0275,51945.18458333333,2027.9733333333334,21.866666666666664,49.458333333333336,37.666666666666664,0.0,10.112499999999999,210.58333333333334,1.9720833333333332,227.01128625,0.0,227.01129166666666,11.5,2.0,3.0,2023.0,0.0,0.0,227.01128625,10777.861875,-10550.85058875
2023-03-02,181935.045,47365.55833333333,61312.77583333334,19457.767499999998,51807.9025,1991.0404166666667,22.083333333333332,54.916666666666664,8.916666666666666,0.0,9.841666666666667,218.45833333333334,2.8979166666666667,231.704763875,0.0,231.70479166666667,11.5,3.0,3.0,2023.0,0.0,0.25799599908550536,231.9627598740855,10916.1027,-10684.139940125913
2023-03-03,183074.92500000002,47972.81541666667,61677.17249999999,19713.007083333334,51742.18166666667,1969.7479166666665,22.666666666666668,55.833333333333336,11.083333333333334,0.0,11.362499999999999,215.41666666666666,3.390833333333333,225.14696725,0.0,225.14695833333334,11.5,4.0,3.0,2023.0,0.0,1.101075845907636,226.24804309590763,10984.495499999999,-10758.247456904091
2023-03-04,182400.62666666668,46529.98291666667,61469.96708333333,20276.938333333335,52159.800833333335,1963.9370833333332,22.441666666666666,54.291666666666664,36.458333333333336,0.0,11.529166666666667,206.54166666666666,3.1437500000000003,206.149608125,0.0,206.14962500000001,11.5,5.0,3.0,2023.0,1.0,0.316272633744856,206.46588075874487,10944.037599999998,-10737.571719241254
2023-03-05,175353.83916666664,45213.25125,58643.324583333335,19900.375833333335,49721.16458333333,1875.7216666666666,22.3875,53.208333333333336,6.375,0.0,12.545833333333334,223.375,3.3804166666666666,233.500404875,0.0,233.50033333333332,11.5,6.0,3.0,2023.0,1.0,0.634867055326932,234.13527193032692,10521.23035,-10287.095078069673
2023-03-06,177901.985,46458.49041666667,57694.53083333333,19783.06,52023.17916666667,1942.7245833333334,21.691666666666666,49.75,13.708333333333334,0.0,11.358333333333334,232.0,3.25375,237.75717275,0.0,237.75716666666665,11.5,0.0,3.0,2023.0,0.0,2.461614368998627,240.21878711899865,10674.1191,-10433.900312881002
2023-03-07,168279.09916666665,45150.895416666666,50000.70333333334,18875.420833333334,52285.01708333333,1967.06375,21.808333333333334,48.291666666666664,54.291666666666664,0.0,8.695833333333333,229.875,1.8066666666666666,232.34136999999998,0.0,232.341375,11.5,1.0,3.0,2023.0,0.0,0.015445987654320967,232.3568159876543,10096.745949999999,-9864.389134012346
2023-03-08,161854.21083333335,41993.18958333333,48883.35375,17703.731666666667,51426.69375,1847.2437499999999,21.316666666666666,53.875,51.791666666666664,0.008333333333333333,8.275,205.875,1.105,216.53694733333336,0.0,216.53695833333333,11.5,2.0,3.0,2023.0,0.0,0.0,216.53694733333336,9711.25265,-9494.715702666666
2023-03-09,166771.84083333335,41440.64083333333,52830.41583333333,18308.935833333333,52259.75625,1932.0912500000002,21.025000000000002,61.916666666666664,13.041666666666666,0.020833333333333332,8.895833333333334,208.41666666666666,1.19,226.98461116666667,0.0,226.98458333333335,11.5,3.0,3.0,2023.0,0.0,0.0,226.98461116666667,10006.310449999999,-9779.325838833332
2023-03-10,175907.91958333334,45080.018749999996,57036.17041666667,18679.396666666667,53109.236249999994,2003.0958333333335,22.370833333333334,57.875,0.375,0.0,9.266666666666667,234.58333333333334,2.316666666666667,236.88562958333333,0.0,236.885625,11.5,4.0,3.0,2023.0,0.0,0.02304886831275721,236.9086784516461,10554.475175,-10317.566496548354
2023-03-11,177974.16666666666,46397.550833333335,58497.857083333336,18796.518333333333,52256.55125,2025.6899999999998,23.208333333333332,51.416666666666664,2.7083333333333335,0.0,8.116666666666667,236.0,1.9108333333333334,233.23571445833332,0.0,233.23566666666667,11.5,5.0,3.0,2023.0,1.0,4.572473708276191e-07,233.2357149155807,10678.449999999999,-10445.21428508442
2023-03-12,173637.3175,45112.51541666667,57352.86708333334,19368.575,49858.979166666664,1944.3808333333334,24.333333333333332,49.083333333333336,19.875,0.0,7.716666666666666,237.95833333333334,2.0341666666666667,230.7028925,0.0,230.70287499999998,11.5,6.0,3.0,2023.0,1.0,0.002246913580246911,230.70513941358024,10418.239049999998,-10187.53391058642
2023-03-13,180728.55041666667,46856.598750000005,59069.74875,19886.735,52882.199166666665,2033.2708333333333,24.316666666666666,49.375,58.791666666666664,0.0,8.366666666666667,212.91666666666666,1.3258333333333334,178.02476095833333,0.0,178.02475,11.5,0.0,3.0,2023.0,0.0,0.0,178.02476095833333,10843.713025,-10665.688264041666
2023-03-14,182981.655,47297.06875,59267.73875,20136.69958333333,54217.6975,2062.4504166666666,24.270833333333332,48.5,7.25,0.0,10.0375,235.375,2.0966666666666667,232.34346933333333,0.0,232.343375,11.5,1.0,3.0,2023.0,0.0,0.04902937814357567,232.39249871147692,10978.8993,-10746.506801288522
2023-03-15,181930.5925,47012.90375,58624.50416666667,20326.752083333333,54183.74,1782.6908333333333,24.804166666666664,43.416666666666664,53.333333333333336,0.0,7.079166666666667,236.5,1.9395833333333332,223.84416283333334,0.0,223.84420833333334,11.5,2.0,3.0,2023.0,0.0,0.0,223.84416283333334,10915.83555,-10691.991387166667
2023-03-16,175440.995,45298.86875,55982.68458333333,19877.864166666666,52526.64833333334,1754.9279166666665,24.554166666666664,42.5,95.58333333333333,0.004166666666666667,10.4,201.45833333333334,3.3070833333333334,174.49879208333334,0.0,174.49879166666665,11.5,3.0,3.0,2023.0,0.0,4.15673691129401,178.6555289946273,10526.4597,-10347.804171005371
2023-03-17,165790.12166666667,41156.72583333334,55923.261666666665,18767.084166666667,48088.2075,1854.8408333333334,22.8875,54.916666666666664,76.875,0.07083333333333335,6.45,196.58333333333334,2.0829166666666667,186.71513354166666,0.0,186.71512499999997,11.5,4.0,3.0,2023.0,0.0,9.88225880201125e-05,186.7152323642547,9947.4073,-9760.692067635746
2023-03-18,158391.46666666665,37904.38375,53053.81666666667,18454.522083333333,47085.93541666667,1892.805833333333,20.4375,74.70833333333333,53.875,0.012499999999999999,8.045833333333333,213.0,2.4808333333333334,184.85341375,0.0,184.85345833333335,11.5,5.0,3.0,2023.0,1.0,0.009772519433013245,184.86318626943304,9503.488,-9318.624813730567
2023-03-19,146906.52166666667,36942.68125,49852.895,16613.6725,41640.87416666667,1856.3975,19.8625,82.5,83.04166666666667,0.02916666666666667,6.645833333333333,203.0,1.7279166666666665,204.76823395833333,0.0,204.76829166666667,11.5,6.0,3.0,2023.0,1.0,5.715592135345e-05,204.76829111425468,8814.3913,-8609.623008885745
2023-03-20,154213.47458333333,37724.168333333335,51866.87875,16799.1025,46034.5025,1788.8237500000002,18.729166666666668,86.91666666666667,99.83333333333333,1.0125,7.208333333333333,160.16666666666666,1.1816666666666666,97.273547875,0.0,97.27354166666667,11.5,0.0,3.0,2023.0,0.0,0.0,97.273547875,9252.808475,-9155.534927125
2023-03-21,159802.80416666667,38107.534583333334,53724.887500000004,17676.315,48451.925833333335,1842.1408333333331,18.3,83.54166666666667,40.291666666666664,0.13333333333333333,7.112500000000001,196.75,1.9554166666666666,132.79344137500001,0.0,132.79345833333335,11.5,1.0,3.0,2023.0,0.0,0.0059022062185642285,132.79934358121855,9588.16825,-9455.36890641878
2023-03-22,163107.62583333332,39731.254166666666,54010.8175,18121.969583333335,49375.14166666666,1868.4429166666666,19.554166666666667,74.58333333333333,41.791666666666664,0.0,5.908333333333334,246.33333333333334,2.2245833333333334,219.78818929166667,0.0,219.78820833333336,11.5,2.0,3.0,2023.0,0.0,0.008175582990397796,219.7963648746571,9786.45755,-9566.661185125342
2023-03-23,167011.02125000002,40523.24916666667,55368.642916666664,18948.885416666668,50263.450000000004,1906.7941666666666,21.479166666666668,64.79166666666667,30.291666666666668,0.0,9.095833333333333,248.16666666666666,2.3016666666666667,236.3086977083333,0.0,236.30870833333333,11.5,3.0,3.0,2023.0,0.0,0.00036922725194329166,236.3090669355853,10020.661275,-9784.352208064414
2023-03-24,169543.42916666667,40315.63458333333,55999.03791666666,19763.547916666666,51482.833333333336,1982.3741666666665,21.599999999999998,68.41666666666667,62.583333333333336,0.6583333333333333,9.045833333333333,176.625,2.8674999999999997,191.88537270833334,0.0,191.88537499999998,11.5,4.0,3.0,2023.0,0.0,2.2635588705989944,194.14893157893232,10172.60575,-9978.456818421068
2023-03-25,169736.2125,39277.5475,56495.46291666667,20444.856666666667,51527.21583333333,1991.1312500000001,21.195833333333333,77.875,23.708333333333332,0.04583333333333334,9.5875,232.0,2.6025,206.83723891666668,0.0,206.83725,11.5,5.0,3.0,2023.0,1.0,0.012558184727937802,206.8497971013946,10184.17275,-9977.322952898605
2023-03-26,164752.48458333334,38772.7975,54838.63958333334,20031.50375,49198.05375,1911.4908333333333,21.77916666666667,61.583333333333336,4.75,0.0,9.741666666666665,243.91666666666666,3.3420833333333335,215.72979708333332,0.0,215.72979166666664,11.5,6.0,3.0,2023.0,1.0,0.6129904549611341,216.34278753829446,9885.149075,-9668.806287461704
2023-03-27,170369.09958333333,40623.05583333333,56241.36958333334,20065.981666666667,51542.00916666666,1896.6845833333334,20.8125,61.583333333333336,0.2916666666666667,0.0,10.620833333333334,259.1666666666667,3.5262499999999997,240.02985249999998,0.0,240.02983333333336,11.5,0.0,3.0,2023.0,0.0,3.8398864883401926,243.86973898834017,10222.145975,-9978.27623601166
2023-03-28,176105.17375,41804.90458333333,57975.92041666667,20796.44875,53558.00208333333,1969.8983333333333,21.787499999999998,60.833333333333336,40.291666666666664,0.0,9.566666666666666,248.04166666666666,3.067083333333333,231.08598708333332,0.0,231.08604166666666,11.5,1.0,3.0,2023.0,0.0,1.2082393118427073,232.29422639517603,10566.310425,-10334.016198604824
2023-03-29,176783.35624999998,42360.17166666667,57710.31625,20960.378333333334,53868.82375,1883.6683333333333,23.329166666666666,54.958333333333336,45.583333333333336,0.008333333333333333,8.091666666666667,219.83333333333334,1.9241666666666666,218.26971089583333,0.0,218.26970833333334,11.5,2.0,3.0,2023.0,0.0,0.0,218.26971089583333,10607.001375,-10388.731664104167
2023-03-30,173941.91666666666,40018.817083333335,57365.67208333334,20468.173749999998,54245.425416666665,1843.8254166666666,21.787499999999998,69.91666666666667,50.083333333333336,0.23750000000000002,9.579166666666667,217.08333333333334,2.9,216.58280001666665,0.0,216.58283333333335,11.5,3.0,3.0,2023.0,0.0,5.573474336991313,222.15627435365798,10436.515,-10214.358725646342
2023-03-31,167782.63666666666,37059.815833333334,55726.89708333334,19219.477083333335,53946.70208333334,1829.7445833333334,19.608333333333334,82.58333333333333,82.16666666666667,0.39166666666666666,5.808333333333334,197.75,1.8129166666666665,193.0903622008333,0.0,193.09033333333332,11.5,4.0,3.0,2023.0,0.0,0.0006101394604481015,193.09097234029377,10066.9582,-9873.867227659706
2023-04-01,163852.13541666666,36938.637083333335,54741.12458333333,17332.7475,52921.012083333335,1918.6137500000002,20.120833333333334,79.375,26.125,0.0375,5.429166666666667,235.04166666666666,2.1933333333333334,196.99401296541666,0.0,196.994,11.5,5.0,4.0,2023.0,1.0,0.2118487082761774,197.20586167369285,9831.128125,-9633.922263326307
2023-04-02,161808.75916666666,36763.4525,54850.88208333333,18596.99,49834.724166666674,1762.7104166666668,22.233333333333334,69.29166666666667,27.125,0.0,8.495833333333334,251.41666666666666,2.5075,227.59139292083333,0.0,227.59141666666667,11.5,6.0,4.0,2023.0,1.0,0.3352463991769547,227.92663932001028,9708.52555,-9480.59891067999
2023-04-03,170380.8325,39185.473333333335,57553.277916666666,19390.881666666664,52477.72791666666,1773.4733333333334,23.304166666666664,60.666666666666664,8.625,0.0,8.174999999999999,252.83333333333334,1.6691666666666667,226.555482525,0.0,226.55545833333335,11.5,0.0,4.0,2023.0,0.0,0.0,226.555482525,10222.84995,-9996.294467475
2023-04-04,174178.64916666667,40162.35125,58786.39875,20775.185416666667,52539.785,1914.9279166666665,22.258333333333336,60.916666666666664,13.208333333333334,0.008333333333333333,9.8375,257.8333333333333,3.6054166666666667,233.820953415,0.0,233.82091666666668,11.5,1.0,4.0,2023.0,0.0,2.3787609739369,236.19971438893688,10450.71895,-10214.519235611062
2023-04-05,175857.63749999998,41337.05416666667,59285.93125,20850.999166666665,52513.47583333333,1870.1779166666665,22.97083333333333,50.333333333333336,0.08333333333333333,0.0,10.245833333333334,274.7916666666667,3.3041666666666667,244.42838169583334,0.0,244.4284583333333,11.5,2.0,4.0,2023.0,0.0,0.3394725080018289,244.76785420383518,10551.45825,-10306.690395796164
2023-04-06,177376.59416666665,41496.93041666666,59766.81125,20952.970833333333,53204.09833333333,1955.7816666666665,23.90833333333333,40.541666666666664,7.25,0.0,11.958333333333334,261.9166666666667,4.3533333333333335,235.01807536249999,0.0,235.01808333333335,11.5,3.0,4.0,2023.0,0.0,9.787925468678553,244.80600083117858,10642.59565,-10397.78964916882
2023-04-07,177734.25208333333,42835.198333333334,59163.99583333333,21535.967916666665,52217.942916666674,1981.14375,24.3,37.041666666666664,0.0,0.0,11.879166666666668,283.2083333333333,4.2575,252.0736729375,0.0,252.07366666666667,11.5,4.0,4.0,2023.0,0.0,8.510287379972565,260.58396031747253,10664.055124999999,-10403.471164682527
2023-04-08,176512.31583333333,43237.90625,57476.86625,22028.012083333335,51696.815833333334,2072.7175,24.400000000000002,33.541666666666664,0.0,0.0,10.875,284.5416666666667,3.202916666666667,249.47652764166665,0.0,249.4765,11.5,5.0,4.0,2023.0,1.0,1.7829405006858712,251.25946814235252,10590.73895,-10339.479481857647
2023-04-09,172524.185,41763.46166666666,56937.74625,22027.445416666666,49700.99,2094.5425,26.1875,29.625,0.0,0.0,9.458333333333334,280.9583333333333,2.827083333333333,244.27164531333335,0.0,244.27158333333333,11.5,6.0,4.0,2023.0,1.0,0.07268569958847733,244.3443310129218,10351.4511,-10107.106768987078
2023-04-10,180787.33458333334,43745.34666666667,59560.482500000006,22769.747083333335,52587.744166666664,2124.0158333333334,26.458333333333332,28.708333333333332,18.375,0.0,8.700000000000001,273.3333333333333,3.4675,238.18807426541665,0.0,238.18808333333334,11.5,0.0,4.0,2023.0,0.0,4.727801440329217,242.9158757057459,10847.240075,-10604.324199294255
2023-04-11,186407.04416666666,45503.38375,61712.700000000004,23143.92916666667,53854.769166666665,2192.2599999999998,27.683333333333334,27.625,26.916666666666668,0.0,13.416666666666666,279.625,3.969583333333333,232.1194273425,0.0,232.11941666666667,11.5,1.0,4.0,2023.0,0.0,10.330804983996343,242.45023232649635,11184.42265,-10941.972417673504
2023-04-12,189342.41041666665,47255.22708333333,62093.53666666666,23332.4325,54375.40708333333,2285.8070833333336,29.45,26.791666666666668,44.166666666666664,0.0,15.941666666666668,252.83333333333334,3.6441666666666666,230.77210707333333,0.0,230.77204166666664,11.5,2.0,4.0,2023.0,0.0,2.6652088477366247,233.43731592106997,11360.544625,-11127.107309078929
2023-04-13,191627.30458333332,47865.00791666666,63027.5275,23639.796666666665,54841.229166666664,2253.7425,29.5,27.583333333333332,37.333333333333336,0.0,12.120833333333332,280.8333333333333,3.1950000000000003,239.6624121625,0.0,239.66241666666667,11.5,3.0,4.0,2023.0,0.0,0.3734446159122086,240.03585677841224,11497.638275,-11257.602418221586
2023-04-14,191580.8320833333,49246.855416666665,62034.97666666666,24193.885416666668,53877.31333333333,2227.7999999999997,29.5625,27.083333333333332,49.583333333333336,0.0,9.958333333333334,277.9583333333333,1.95375,239.41567510916664,0.0,239.415625,11.5,4.0,4.0,2023.0,0.0,0.00023456790123456252,239.4159096770679,11494.849925,-11255.43401532293
2023-04-15,190335.21708333332,49759.43541666667,60878.17291666666,25079.382083333334,52370.36875,2247.860416666667,30.974999999999998,23.083333333333332,1.2916666666666667,0.0,8.25,280.875,1.9529166666666666,232.78452317999998,0.0,232.78441666666666,11.5,5.0,4.0,2023.0,1.0,0.0013070987654320917,232.78583027876542,11420.113024999999,-11187.327194721234
2023-04-16,187114.85624999998,48796.96958333333,59749.08833333334,25057.452916666665,51152.81625,2358.53,31.291666666666668,24.916666666666668,18.541666666666668,0.0,10.233333333333333,269.75,2.893333333333333,219.19557145833335,0.0,219.1955833333333,11.5,6.0,4.0,2023.0,1.0,0.3790948216735253,219.57466628000688,11226.891375,-11007.316708719993
2023-04-17,197012.10208333333,52297.56666666667,62594.31166666667,25365.14458333333,54330.65875,2424.4225,32.550000000000004,24.708333333333332,5.708333333333333,0.0,9.416666666666666,265.2083333333333,2.50375,221.4195147833333,0.0,221.41954166666665,11.5,0.0,4.0,2023.0,0.0,0.0019232967535436664,221.4214380800869,11820.726125,-11599.304686919912
2023-04-18,201305.52208333334,53749.97083333333,63516.4725,26331.86666666667,55218.26833333333,2488.9416666666666,32.608333333333334,23.375,18.583333333333332,0.0,12.916666666666666,260.9166666666667,3.65375,227.8848539125,0.0,227.88479166666664,11.5,1.0,4.0,2023.0,0.0,1.0202034750800184,228.90505738758,12078.331325,-11849.42626761242
2023-04-19,199964.4833333333,51771.06333333333,63741.84291666667,26435.8275,55792.97041666667,2222.7791666666667,29.787499999999998,35.541666666666664,62.708333333333336,0.0,10.975,245.375,2.672083333333333,214.97112991666665,0.0,214.971125,11.5,2.0,4.0,2023.0,0.0,0.0163893461362597,214.98751926280292,11997.868999999999,-11782.881480737196
2023-04-20,198146.63291666665,52459.54,62398.86833333334,25571.523749999997,55869.74208333334,1846.9583333333333,28.099999999999998,44.208333333333336,81.875,0.0,8.316666666666666,257.25,2.940416666666667,222.91911706250002,0.0,222.91908333333333,11.5,3.0,4.0,2023.0,0.0,0.05756675811614079,222.97668382061613,11888.797975,-11665.821291179383
2023-04-21,190703.70916666664,51035.11666666667,60593.99708333333,23795.815000000002,53539.64000000001,1739.1379166666666,28.837500000000002,34.25,25.041666666666668,0.0,10.200000000000001,270.375,2.464166666666667,214.96487314833334,0.0,214.964875,11.5,4.0,4.0,2023.0,0.0,0.03102817786922724,214.99590132620256,11442.222549999999,-11227.226648673795
2023-04-22,183622.38166666668,50207.581666666665,59598.21375,21525.218333333334,50608.45208333334,1682.9158333333335,28.620833333333334,25.916666666666668,10.916666666666666,0.0,9.737499999999999,267.0,3.1454166666666663,231.48276968666667,0.0,231.48275,11.5,5.0,4.0,2023.0,1.0,1.7272063900320074,233.20997607669867,11017.342899999998,-10784.1329239233
2023-04-23,169896.63791666666,44871.76541666667,56342.37333333333,20765.630833333333,46409.885,1506.9829166666666,26.95,27.0,64.625,0.0,11.766666666666666,235.79166666666666,2.8662499999999995,220.451601,0.0,220.45166666666668,11.5,6.0,4.0,2023.0,1.0,6.81615580704161,227.2677568070416,10193.798275,-9966.530518192958
2023-04-24,176819.08291666667,46290.59208333333,59229.09375,20174.520833333332,49420.15625,1704.7183333333332,26.087500000000002,34.708333333333336,47.041666666666664,0.0,10.295833333333333,243.70833333333334,2.9875000000000003,214.267037805,0.0,214.26695833333335,11.5,0.0,4.0,2023.0,0.0,0.08480961362597167,214.35184741862597,10609.144975,-10394.793127581373
2023-04-25,181131.54541666666,48622.888333333336,60158.83666666667,20919.54375,49512.99833333333,1917.2775000000001,27.087500000000002,36.583333333333336,20.25,0.0,10.6625,270.75,2.5391666666666666,234.4633401625,0.0,234.46329166666666,11.5,1.0,4.0,2023.0,0.0,1.5216231138545957,235.9849632763546,10867.892725,-10631.907761723645
2023-04-26,182416.7929166667,51096.77333333334,59320.611249999994,22010.819583333334,47969.62083333333,2018.9683333333332,28.954166666666666,32.291666666666664,57.875,0.0,8.179166666666667,246.83333333333334,1.335,204.32297333333335,0.0,204.32295833333333,11.5,2.0,4.0,2023.0,0.0,7.607453132144167e-05,204.32304940786466,10945.007574999998,-10740.684525592134
2023-04-27,180209.5625,50455.49916666667,56278.71875,21990.195416666666,49486.54,1998.6083333333333,29.099999999999998,30.458333333333332,79.125,0.0,9.620833333333334,207.25,2.5016666666666665,205.8257946125,0.0,205.82579166666665,11.5,3.0,4.0,2023.0,0.0,0.428630658436214,206.2544252709362,10812.57375,-10606.319324729064
2023-04-28,176983.14541666667,50662.199583333335,52965.07666666667,22142.127083333336,49263.465416666666,1950.2779166666667,27.958333333333332,36.041666666666664,85.58333333333333,0.0,6.358333333333333,199.58333333333334,1.5033333333333332,156.961593375,0.0,156.96166666666667,11.5,4.0,4.0,2023.0,0.0,1.600365797896628e-06,156.96159497536578,10618.988725,-10462.027130024633
2023-04-29,175315.03916666665,49511.692500000005,53645.916666666664,22598.75375,47698.62458333333,1860.0533333333333,26.479166666666668,48.583333333333336,84.20833333333333,0.024999999999999998,7.808333333333334,208.20833333333334,3.018333333333333,167.028777875,0.0,167.02879166666665,11.5,5.0,4.0,2023.0,1.0,9.702175240054869,176.73095311505486,10518.902349999998,-10342.171396884945
2023-04-30,158864.59666666665,43640.910833333335,49637.12375,20824.96125,42975.503749999996,1786.0979166666666,24.625,61.25,88.04166666666667,0.05833333333333333,7.4125000000000005,175.625,2.185,194.81473045833332,0.0,194.81470833333333,11.5,6.0,4.0,2023.0,1.0,0.24678606538637418,195.0615165237197,9531.8758,-9336.81428347628
2023-05-01,148778.94166666668,40591.823333333334,48273.06833333333,18978.179583333334,38941.112916666665,1994.7570833333332,22.125,80.33333333333333,95.625,0.225,8.262500000000001,164.04166666666666,3.078333333333333,128.65702929166667,0.0,128.6570416666667,11.5,0.0,5.0,2023.0,0.0,0.35688551668952906,129.0139148083562,8926.7365,-8797.722585191643
2023-05-02,154326.19666666668,40981.24,51295.94041666667,19867.857083333332,40100.90791666667,2080.2508333333335,22.541666666666668,80.91666666666667,87.04166666666667,0.22499999999999998,10.608333333333333,182.875,2.8366666666666664,139.1351656375,0.0,139.1350833333333,11.5,1.0,5.0,2023.0,0.0,0.38030155464106086,139.51546719214107,9259.5718,-9120.056332807859
2023-05-03,158895.36625,41422.3125,52269.51500000001,20973.388333333332,42096.0675,2134.0808333333334,22.46666666666667,80.66666666666667,60.583333333333336,0.2833333333333333,6.983333333333333,200.75,1.8575,155.5424351875,0.0,155.54245833333334,11.5,2.0,5.0,2023.0,0.0,2.926383173296667e-05,155.54246445133174,9533.721975,-9378.179510548669
2023-05-04,162009.115,42252.84166666667,53809.6625,20718.735,43168.72541666667,2059.1508333333336,24.245833333333334,73.125,21.375,0.0,4.816666666666666,256.2083333333333,1.4675,211.45081873416666,0.0,211.45083333333332,11.5,3.0,5.0,2023.0,0.0,0.0,211.45081873416666,9720.5469,-9509.096081265832
2023-05-05,168553.16333333333,46242.892499999994,55013.083333333336,21587.796666666665,43583.60875,2125.7816666666668,25.95,59.0,21.5,0.22499999999999998,7.970833333333334,225.91666666666666,2.3679166666666664,214.44003004166666,0.0,214.44008333333332,11.5,4.0,5.0,2023.0,0.0,2.2707609739368997,216.71079101560358,10113.1898,-9896.479008984395
2023-05-06,171898.33541666667,48025.07791666667,56219.15916666667,22552.88,42886.29541666667,2214.922916666667,27.40833333333333,47.875,12.333333333333334,0.0,8.604166666666666,251.58333333333334,3.299166666666667,221.94423041666667,0.0,221.94420833333334,11.5,5.0,5.0,2023.0,1.0,4.230915352080475,226.17514576874714,10313.900125,-10087.724979231252
2023-05-07,166762.49291666667,46773.10791666667,55093.21083333334,23000.385416666668,39736.520833333336,2159.2683333333334,28.96666666666667,38.958333333333336,14.625,0.0,10.320833333333333,250.125,2.415833333333333,219.57092543625,0.0,219.57095833333335,11.5,6.0,5.0,2023.0,1.0,1.1318449931412895,220.70277042939128,10005.749575,-9785.04680457061
2023-05-08,175141.56291666665,50236.419583333336,56284.425416666665,24099.612916666665,42487.08375,2034.0225,29.22083333333333,40.208333333333336,17.333333333333332,0.0,12.6625,254.70833333333334,2.796666666666667,219.34666365833334,0.0,219.34662500000002,11.5,0.0,5.0,2023.0,0.0,0.21459625057155915,219.56125990890487,10508.493774999999,-10288.932515091094
2023-05-09,180545.06916666668,53198.24166666667,57279.215,24417.766666666666,43435.375,2214.47125,29.53333333333333,33.708333333333336,0.0,0.0,11.829166666666666,283.6666666666667,4.134166666666666,234.65021883583333,0.0,234.65020833333332,11.5,1.0,5.0,2023.0,0.0,4.492673754000915,239.14289258983425,10832.70415,-10593.561257410165
2023-05-10,183536.84833333336,54251.96041666667,58333.85791666667,24837.42916666667,43962.49375,2151.108333333333,29.71666666666667,22.25,0.0,0.0,13.891666666666666,287.3333333333333,4.038333333333333,239.81935074999998,0.0,239.819375,11.5,2.0,5.0,2023.0,0.0,9.220419067215364,249.0397698172154,11012.2109,-10763.171130182784
2023-05-11,187171.96166666667,55173.267499999994,59796.15708333333,24920.35541666667,45118.47458333333,2163.7075,31.02916666666667,21.583333333333332,0.5,0.0,8.354166666666666,284.9583333333333,1.7816666666666665,232.59887604166667,0.0,232.59883333333335,11.5,3.0,5.0,2023.0,0.0,0.0003904892546867833,232.59926653092134,11230.3177,-10997.718433469077
2023-05-12,190095.73083333333,57488.486249999994,59884.205416666664,24894.7225,45609.048749999994,2219.2691666666665,33.300000000000004,22.25,11.083333333333334,0.0,10.129166666666666,277.9583333333333,2.3191666666666664,226.93674695833332,0.0,226.93679166666666,11.5,4.0,5.0,2023.0,0.0,0.024919124371284854,226.96166608270462,11405.743849999999,-11178.782183917296
2023-05-13,189459.8075,58500.32833333334,57899.362916666665,24939.37,45852.03958333333,2268.7062499999997,33.291666666666664,24.916666666666668,11.375,0.0,10.154166666666667,267.4583333333333,1.9895833333333333,225.91625816666667,0.0,225.91620833333332,11.5,5.0,5.0,2023.0,1.0,0.0001929012345679,225.91645106790122,11367.588450000001,-11141.671998932099
2023-05-14,180957.27708333335,53920.54041666666,56684.47833333333,24146.054583333334,44224.792083333334,1981.4091666666666,32.512499999999996,28.5,24.25,0.0,11.579166666666667,239.08333333333334,3.106666666666667,215.484482125,0.0,215.48445833333335,11.5,6.0,5.0,2023.0,1.0,1.3958157864654772,216.88029791146548,10857.436625,-10640.556327088534
2023-05-15,188295.57458333333,55968.16541666666,59300.987499999996,22689.926666666666,48342.86791666667,1993.6279166666666,33.44166666666667,24.541666666666668,4.25,0.0,8.720833333333333,265.75,4.68875,220.63426620833334,0.0,220.63433333333333,11.5,0.0,5.0,2023.0,0.0,11.667963248742572,232.3022294570759,11297.734475,-11065.432245542923
2023-05-16,192075.64375000002,56924.986666666664,59725.237499999996,23207.213333333333,50378.59625,1839.6075,32.42916666666667,27.708333333333332,47.5,0.0,13.870833333333332,224.875,4.9750000000000005,223.48327795833333,0.0,223.48325,11.5,1.0,5.0,2023.0,0.0,23.257008230452673,246.74028618878603,11524.538625,-11277.798338811213
2023-05-17,196785.93958333333,59643.99833333333,60127.09208333333,23691.930833333332,51535.791666666664,1787.1279166666666,33.18333333333333,25.75,29.833333333333332,0.0,13.708333333333334,254.95833333333334,3.79125,214.52314733333333,0.0,214.52312500000002,11.5,2.0,5.0,2023.0,0.0,3.8035493827160507,218.32669671604938,11807.156374999999,-11588.829678283952
2023-05-18,186813.45125,51213.199583333335,59118.43458333333,22377.01166666667,52172.56625,1932.24125,31.02916666666667,37.791666666666664,26.125,0.0,12.3375,262.4583333333333,4.38375,218.58426774999998,0.0,218.58425,11.5,3.0,5.0,2023.0,0.0,11.5394569044353,230.12372465443528,11208.807074999999,-10978.683350345564
2023-05-19,194367.54625,57884.49125,59267.20250000001,23087.434583333332,52081.68875,2046.7304166666665,31.65833333333333,34.958333333333336,0.25,0.0,14.320833333333333,274.125,4.904166666666667,227.7276545,0.0,227.72766666666666,11.5,4.0,5.0,2023.0,0.0,41.610506858710565,269.3381613587106,11662.052774999998,-11392.71461364129
2023-05-20,195964.69833333333,59366.19041666667,59757.53083333333,23741.22875,51025.736666666664,2074.0125000000003,32.84166666666666,28.25,0.875,0.0,12.612499999999999,276.0833333333333,4.064583333333333,226.0211405,0.0,226.02116666666666,11.5,5.0,5.0,2023.0,1.0,29.968149691358033,255.98929019135804,11757.8819,-11501.892609808643
2023-05-21,190579.40791666668,59494.49583333333,58403.974166666674,24588.93291666667,46226.4075,1865.600416666667,34.7875,21.833333333333332,19.416666666666668,0.0,10.279166666666667,269.125,4.034583333333333,217.25516545833332,0.0,217.25520833333334,11.5,6.0,5.0,2023.0,1.0,7.359577789208962,224.6147432475423,11434.764474999998,-11210.149731752457
2023-05-22,195338.4229166667,62475.920000000006,60001.487916666665,24129.6075,46711.50583333333,2019.8999999999999,36.079166666666666,20.5,47.916666666666664,0.0,18.329166666666666,238.25,6.274166666666667,207.47598720833332,0.0,207.47591666666668,11.5,0.0,5.0,2023.0,0.0,95.14391758116142,302.61990478949474,11720.305374999998,-11417.685470210505
2023-05-23,194644.8241666667,63125.387083333335,58984.330416666664,22276.159166666665,48120.3725,2138.57375,35.295833333333334,27.5,65.25,0.041666666666666664,18.695833333333333,224.20833333333334,4.820833333333334,195.41493845833335,0.0,195.41487500000002,11.5,1.0,5.0,2023.0,0.0,33.431164551897574,228.8461030102309,11678.68945,-11449.84334698977
2023-05-24,188094.38458333336,55367.050416666665,59340.230416666665,22549.23708333333,48787.667916666665,2050.19875,30.870833333333334,46.5,90.5,0.008333333333333333,10.208333333333334,200.91666666666666,3.1929166666666666,193.26648516666668,0.0,193.2664166666667,11.5,2.0,5.0,2023.0,0.0,2.2265848765432095,195.49307004320988,11285.663074999999,-11090.17000495679
2023-05-25,180825.76416666666,50537.23291666667,57737.64791666667,21693.787083333333,48613.75416666667,2243.3433333333332,28.179166666666664,58.333333333333336,46.875,0.008333333333333333,7.858333333333333,235.5,1.915,163.63052591666667,0.0,163.63054166666666,11.5,3.0,5.0,2023.0,0.0,0.034958333333333334,163.66548425,10849.54585,-10685.88036575
2023-05-26,175559.74166666667,47659.77666666667,57143.08958333333,20123.74125,48648.292083333334,1984.8408333333334,28.5125,54.625,31.75,0.0,5.1375,264.5,3.140833333333333,199.05807679166665,0.0,199.05812500000002,11.5,4.0,5.0,2023.0,0.0,1.9174352423411065,200.97551203400778,10533.584499999999,-10332.608987965992
2023-05-27,178167.84916666665,47116.246666666666,58983.763333333336,20782.04375,49257.75208333333,2028.0454166666666,27.162499999999998,63.666666666666664,51.333333333333336,0.7999999999999999,13.0,209.91666666666666,3.157083333333333,175.760990375,0.0,175.76087499999997,11.5,5.0,5.0,2023.0,1.0,11.284628143575674,187.04561851857568,10690.07095,-10503.025331481424
2023-05-28,174935.62458333335,47990.72541666666,55819.53375,22120.131250000002,46854.2825,2150.9529166666666,27.462500000000002,65.66666666666667,61.458333333333336,0.012499999999999999,7.25,243.29166666666666,2.3854166666666665,200.20546375,0.0,200.2055,11.5,6.0,5.0,2023.0,1.0,0.2231880429812528,200.42865179298124,10496.137475,-10295.708823207018
2023-05-29,180504.62958333336,49246.075833333336,56106.05583333334,23598.822916666668,49229.924166666664,2323.7516666666666,27.09583333333333,70.5,72.75,0.049999999999999996,7.720833333333334,217.45833333333334,2.2295833333333333,175.77632133333336,0.0,175.77633333333333,11.5,0.0,5.0,2023.0,0.0,0.0012386831275720083,175.7775600164609,10830.277775,-10654.50021498354
2023-05-30,181441.1779166667,48992.62583333333,57546.59375,24887.99875,47412.65708333333,2601.3025000000002,27.3,65.375,33.333333333333336,0.004166666666666667,7.9875,252.70833333333334,2.575833333333333,204.292635375,0.0,204.29258333333334,11.5,1.0,5.0,2023.0,0.0,0.11847890946502054,204.41111428446501,10886.470674999999,-10682.059560715536
2023-05-31,183726.0275,49116.85666666667,59277.34375,25383.37166666667,47233.46,2714.994166666667,24.933333333333334,73.79166666666667,32.125,0.12083333333333335,10.345833333333333,220.75,3.7358333333333333,179.18097666666665,0.0,179.181,11.5,2.0,5.0,2023.0,0.0,4.910240912208505,184.0912175788752,11023.561649999998,-10839.470432421125
2023-06-01,184507.51833333334,48623.22375,59861.11916666667,25352.409166666665,47906.635833333334,2764.1316666666667,26.40416666666667,65.45833333333333,28.0,0.016666666666666666,7.566666666666666,260.0416666666667,3.34375,205.66777391666665,0.0,205.66779166666666,11.5,3.0,6.0,2023.0,0.0,4.801631001371743,210.4694049180384,11070.4511,-10859.98169508196
2023-06-02,190236.72333333336,51190.19666666666,61896.27208333334,25507.093333333334,48995.29125,2647.872083333333,27.483333333333334,56.791666666666664,26.416666666666668,0.05416666666666667,9.5875,266.75,3.4562500000000003,185.20497675,0.0,185.20495833333334,11.5,4.0,6.0,2023.0,0.0,2.113168781435756,187.31814553143576,11414.203399999999,-11226.885254468565
2023-06-03,194334.5770833333,53761.57,62294.56083333333,25608.53,49897.27125,2772.6441666666665,29.245833333333334,51.583333333333336,23.5,0.0,7.754166666666666,272.0833333333333,3.607083333333333,216.137585375,0.0,216.13754166666664,11.5,5.0,6.0,2023.0,1.0,9.056241540923638,225.19382691592364,11660.074625,-11434.880798084077
2023-06-04,180221.48583333334,50781.6225,55339.96333333334,25310.6375,46237.267916666664,2551.9966666666664,29.287499999999998,57.625,40.208333333333336,0.06666666666666667,10.0875,235.33333333333334,2.282083333333333,177.24823870833333,0.0,177.24824999999998,11.5,6.0,6.0,2023.0,1.0,0.6020344078646545,177.85027311619797,10813.289149999999,-10635.438876883802
2023-06-05,192239.5,56173.64041666667,59061.28125,25878.90291666667,48423.6475,2702.028333333333,30.420833333333334,51.666666666666664,16.708333333333332,0.004166666666666667,13.058333333333332,255.83333333333334,3.4920833333333334,209.17703091666667,0.0,209.17708333333334,11.5,0.0,6.0,2023.0,0.0,2.925964391860997,212.10299530852765,11534.37,-11322.267004691472
2023-06-06,196659.57958333334,56766.82874999999,61523.36083333333,26280.377500000002,49271.588333333326,2817.4233333333336,31.412499999999998,42.75,13.583333333333334,0.0,8.883333333333333,250.625,2.2745833333333336,196.42530320833336,0.0,196.42529166666668,11.5,1.0,6.0,2023.0,0.0,0.03754120941929586,196.46284441775262,11799.574775000001,-11603.111930582249
2023-06-07,199716.0875,58341.87041666667,62244.1275,26568.278749999998,49683.362499999996,2878.449583333333,32.09583333333333,37.041666666666664,3.4166666666666665,0.0,11.0625,265.7083333333333,2.642916666666667,190.59444945833332,0.0,190.59445833333334,11.5,2.0,6.0,2023.0,0.0,0.07197393689986283,190.6664233952332,11982.96525,-11792.298826604767
2023-06-08,202236.50416666665,60921.11708333334,62596.46583333333,26764.966666666664,49149.86875,2804.0850000000005,32.7375,34.958333333333336,7.0,0.0,11.066666666666668,257.7916666666667,3.776666666666667,207.089886125,0.0,207.08983333333333,11.5,3.0,6.0,2023.0,0.0,7.477911465477823,214.5677975904778,12134.19025,-11919.622452409521
2023-06-09,203367.62833333333,63042.411666666674,62847.46166666667,25912.501666666667,49044.97166666667,2520.2816666666668,34.204166666666666,34.416666666666664,10.5,0.0,14.795833333333333,261.4166666666667,3.4391666666666665,206.28874904166665,0.0,206.28875000000002,11.5,4.0,6.0,2023.0,0.0,6.775442443987196,213.06419148565385,12202.0577,-11988.993508514344
2023-06-10,200325.45958333334,63165.76458333333,62277.99166666667,24959.25791666667,47551.293750000004,2371.1541666666667,34.420833333333334,38.541666666666664,15.583333333333334,0.0,13.545833333333334,241.75,4.3687499999999995,187.80684862500001,0.0,187.80683333333332,11.5,5.0,6.0,2023.0,1.0,16.14668215592135,203.95353078092137,12019.527575,-11815.574044219078
2023-06-11,191046.13166666668,59924.513750000006,59089.03291666667,25150.905416666665,44757.02416666667,2124.655,33.829166666666666,45.25,4.041666666666667,0.0,15.15,260.9166666666667,4.265833333333333,190.444314125,0.0,190.444375,11.5,6.0,6.0,2023.0,1.0,22.871129915409238,213.31544404040923,11462.767899999999,-11249.45245595959
2023-06-12,200703.57833333334,65308.232083333336,60523.865,24697.562916666666,47879.213749999995,2294.7087500000002,34.9,44.291666666666664,5.083333333333333,0.0,16.337500000000002,259.0833333333333,5.079166666666667,206.712301875,0.0,206.7122916666667,11.5,0.0,6.0,2023.0,0.0,51.04554698216736,257.75784885716735,12042.214699999999,-11784.456851142832
2023-06-13,201871.60416666666,66612.88791666667,59721.958333333336,24794.911666666667,48258.02,2483.8279166666666,36.25833333333333,34.833333333333336,6.083333333333333,0.0,20.974999999999998,258.9583333333333,6.8525,203.35973641666666,0.0,203.35975,11.5,1.0,6.0,2023.0,0.0,114.0304441015089,317.39018051817555,12112.29625,-11794.906069481824
2023-06-14,200397.74541666664,65083.36375,58128.64166666666,25124.273333333334,49746.13625,2315.3295833333336,35.675000000000004,36.083333333333336,11.666666666666666,0.0,21.175,254.29166666666666,7.3175,199.63025570833335,0.0,199.6302916666667,11.5,2.0,6.0,2023.0,0.0,161.44115980795613,361.0714155162895,12023.864725,-11662.793309483712
2023-06-15,198479.38624999998,62804.15833333333,56963.44125,25546.841249999998,51268.57208333333,1896.3716666666667,33.270833333333336,46.958333333333336,10.375,0.016666666666666666,17.433333333333334,246.58333333333334,5.042916666666667,194.11717983333332,0.0,194.11716666666666,11.5,3.0,6.0,2023.0,0.0,74.97853920896205,269.09571904229534,11908.763175,-11639.667455957702
2023-06-16,200080.5145833333,64679.20374999999,54915.286666666674,26306.070416666666,52330.424999999996,1849.53,32.25416666666667,51.375,30.458333333333332,0.049999999999999996,13.895833333333334,233.79166666666666,2.9304166666666664,180.548941375,0.0,180.54895833333333,11.5,4.0,6.0,2023.0,0.0,5.9206817558299045,186.4696231308299,12004.830875,-11818.361251869172
2023-06-17,199379.54458333334,65046.0025,55122.263750000006,26173.615,51206.4075,1831.2558333333334,32.949999999999996,53.541666666666664,61.625,0.012500000000000002,10.616666666666667,240.79166666666666,3.1304166666666666,172.39805625,0.0,172.39804166666667,11.5,5.0,6.0,2023.0,1.0,3.797299782807499,176.1953560328075,11962.772675,-11786.57731896719
2023-06-18,190068.43500000003,60573.99375,54941.385416666664,24994.74625,47838.66208333333,1719.6466666666668,32.07083333333333,59.875,61.916666666666664,0.16666666666666666,9.0375,236.625,3.535,147.26478766666668,0.0,147.26479166666667,11.5,6.0,6.0,2023.0,1.0,3.0242150205761322,150.2890026872428,11404.106099999999,-11253.817097312756
2023-06-19,194617.90416666667,62285.78958333333,58460.18958333333,23841.425,48245.91583333333,1784.5833333333333,29.625,71.20833333333333,87.91666666666667,0.275,9.033333333333333,85.125,4.133333333333334,155.55145291666668,0.0,155.55145833333333,11.5,0.0,6.0,2023.0,0.0,35.90497427983539,191.45642719650206,11677.07425,-11485.617822803499
2023-06-20,197800.45541666666,63861.34541666667,59663.915,24303.528749999998,48159.40666666667,1812.2579166666667,30.625,67.04166666666667,41.375,0.6916666666666665,9.15,230.5,3.3070833333333334,158.50743395833334,0.0,158.50745833333335,11.5,1.0,6.0,2023.0,0.0,0.9429284979423866,159.4503624562757,11868.027325000001,-11708.576962543724
2023-06-21,200314.18458333332,66551.80375,60527.49416666667,24396.592916666665,47069.73499999999,1768.5587500000001,29.3625,76.70833333333333,64.66666666666667,0.8458333333333333,7.220833333333334,159.5,2.402083333333333,156.45661970833333,0.0,156.45658333333333,11.5,2.0,6.0,2023.0,0.0,0.032430269775948775,156.48904997810928,12018.851074999999,-11862.36202502189
2023-06-22,201490.60958333334,68938.68291666666,60407.355416666665,24013.024166666666,46296.83458333334,1834.7150000000001,31.40416666666667,71.70833333333333,76.125,0.1125,7.745833333333334,193.33333333333334,2.93625,126.53467341666668,0.0,126.53474999999999,11.5,3.0,6.0,2023.0,0.0,2.4751641518061276,129.0098375684728,12089.436575,-11960.426737431526
2023-06-23,202116.5175,70956.81291666666,59272.53875,24250.592916666665,45523.01125,2113.5616666666665,30.837500000000002,76.45833333333333,90.375,0.25416666666666665,8.358333333333333,194.5,2.481666666666667,128.91271579166667,0.0,128.91266666666667,11.5,4.0,6.0,2023.0,0.0,0.038970621856424296,128.9516864135231,12126.991049999999,-11998.039363586477
2023-06-24,197300.89541666667,69905.2025,56442.37083333333,24151.655416666665,44480.145833333336,2321.5212500000002,30.912499999999998,74.875,93.95833333333333,0.4458333333333333,7.341666666666666,176.04166666666666,2.7754166666666666,157.05808125000001,0.0,157.05804166666667,11.5,5.0,6.0,2023.0,1.0,0.41543695701874706,157.47351820701877,11838.053725,-11680.580206792982
2023-06-25,177181.9854166667,58099.09791666667,51945.74208333334,23090.763333333332,41773.43708333333,2272.945,28.0125,86.45833333333333,99.54166666666667,0.5666666666666667,6.3374999999999995,130.125,2.6879166666666667,71.284357875,0.0,71.284375,11.5,6.0,6.0,2023.0,1.0,0.09382395976223135,71.37818183476223,10630.919125,-10559.540943165239
2023-06-26,178869.33333333334,58554.14958333334,51670.07791666667,22042.0825,44182.105833333335,2420.9162499999998,28.037499999999998,83.625,92.625,0.24166666666666667,4.933333333333334,222.625,2.387916666666667,98.88574130416667,0.0,98.88574999999999,11.5,0.0,6.0,2023.0,0.0,1.0859862825788753,99.97172758674554,10732.16,-10632.188272413254
2023-06-27,181895.24416666667,61720.28083333333,50831.69416666666,21223.53583333333,45795.92916666667,2323.804583333333,28.695833333333336,82.04166666666667,79.375,0.33749999999999997,7.033333333333332,240.91666666666666,2.2191666666666667,161.60570566666667,0.0,161.60566666666668,11.5,1.0,6.0,2023.0,0.0,0.0001007658893461333,161.60580643255602,10913.71465,-10752.108843567445
2023-06-28,181694.71083333332,62018.83666666667,50209.93625,20901.131666666668,46214.9275,2349.877916666667,29.133333333333336,80.875,43.125,0.5083333333333333,8.366666666666667,236.08333333333334,3.674583333333333,138.719212375,0.0,138.71920833333334,11.5,2.0,6.0,2023.0,0.0,6.072754915409235,144.79196729040925,10901.68265,-10756.89068270959
2023-06-29,179705.86291666667,61086.76708333333,49154.39875,20990.029166666667,46198.11083333333,2276.5583333333334,28.55,82.58333333333333,69.5,0.48750000000000004,9.620833333333334,193.5,3.60125,112.73923091666667,0.0,112.73916666666666,11.5,3.0,6.0,2023.0,0.0,3.9546947302240514,116.69392564689072,10782.351775,-10665.657849353109
2023-06-30,178573.0166666667,59514.09916666666,48740.402916666666,21489.7275,46591.89333333333,2236.8937499999997,28.866666666666664,80.875,74.25,0.5291666666666667,8.408333333333333,227.5,2.7304166666666667,164.72265545833332,0.0,164.722625,11.5,4.0,6.0,2023.0,0.0,0.0924315843621399,164.81508704269547,10714.381,-10549.565912957305
2023-07-01,183028.49583333335,60692.78291666667,49530.61375,22419.568333333333,47959.565,2425.9666666666667,29.104166666666668,77.83333333333333,29.041666666666668,0.07916666666666668,10.091666666666667,245.45833333333334,2.4216666666666664,172.59005425,0.0,172.59012499999997,11.5,5.0,7.0,2023.0,1.0,0.03063774577046181,172.62069199577047,10981.70975,-10809.089058004229
2023-07-02,179940.60083333333,60906.739583333336,49303.34291666667,22338.147500000003,45040.700000000004,2351.6720833333334,30.541666666666668,73.16666666666667,35.625,0.0375,7.1499999999999995,259.5416666666667,2.220833333333333,184.2513685,0.0,184.25133333333335,11.5,6.0,7.0,2023.0,1.0,0.2070503543667123,184.45841885436673,10796.43605,-10611.977631145633
2023-07-03,190781.70666666667,66029.25,53136.43208333334,23085.562916666666,46094.145416666666,2436.315416666667,31.087500000000002,71.66666666666667,22.833333333333332,0.1875,8.637500000000001,257.7083333333333,2.435416666666667,186.55231625,0.0,186.55229166666666,11.5,0.0,7.0,2023.0,0.0,0.03070216049382714,186.58301841049385,11446.902399999999,-11260.319381589507
2023-07-04,194056.2645833333,67411.6425,55081.64625,23881.35666666667,45188.864166666666,2492.755833333333,30.754166666666666,73.66666666666667,15.916666666666666,0.10416666666666667,9.612499999999999,262.7083333333333,2.73875,166.62713937499998,0.0,166.62708333333333,11.5,1.0,7.0,2023.0,0.0,0.0035702446273433754,166.63070961962737,11643.375875,-11476.745165380373
2023-07-05,188718.6104166667,63356.85958333333,54694.85875000001,24016.508749999997,43976.47708333333,2673.9079166666666,29.09166666666667,80.54166666666667,64.625,0.5416666666666667,10.820833333333333,197.83333333333334,3.3925,152.1400655,0.0,152.14012499999998,11.5,2.0,7.0,2023.0,0.0,1.826247942386831,153.96631344238685,11323.116625,-11169.150311557612
2023-07-06,181735.88041666665,58885.79749999999,52600.13083333333,24003.532083333335,43681.503749999996,2564.91875,29.066666666666666,76.5,70.66666666666667,0.19999999999999998,10.225,222.66666666666666,3.1950000000000003,102.52180095833334,0.0,102.52187500000001,11.5,3.0,7.0,2023.0,0.0,0.8109014631915867,103.33270242152491,10904.152825,-10800.820122578474
2023-07-07,182018.13125,60282.89791666667,51426.67249999999,23773.482916666664,43971.20166666667,2563.8766666666666,28.554166666666664,82.70833333333333,98.08333333333333,0.4166666666666667,8.237499999999999,175.75,2.8220833333333335,125.71380918333334,0.0,125.71379166666667,11.5,4.0,7.0,2023.0,0.0,0.22735288065843626,125.94116206399177,10921.087875,-10795.146712936008
2023-07-08,175426.42208333334,53787.59541666667,50875.72458333333,23622.763333333332,44500.30875,2640.0308333333332,27.229166666666668,91.20833333333333,99.83333333333333,1.4333333333333333,11.25,94.70833333333333,3.9166666666666665,62.883717708333336,0.0,62.88370833333334,11.5,5.0,7.0,2023.0,1.0,3.405739426154549,66.28945713448788,10525.585325,-10459.295867865512
2023-07-09,167772.38166666668,48615.75833333333,48914.38625,24340.83125,43275.38166666667,2626.0245833333333,27.03333333333333,91.33333333333333,99.95833333333333,1.2375,11.4375,125.95833333333333,1.6879166666666665,67.13569946666667,0.0,67.135625,11.5,6.0,7.0,2023.0,1.0,0.165803840877915,67.30150330754458,10066.3429,-9999.041396692455
2023-07-10,177919.24,51995.24916666667,51767.486666666664,25550.01,45978.94625,2627.5483333333336,27.620833333333334,90.16666666666667,98.33333333333333,1.4208333333333334,6.370833333333334,158.58333333333334,1.3954166666666667,89.566746125,0.0,89.56679166666667,11.5,0.0,7.0,2023.0,0.0,0.0002341106538637375,89.56698023565387,10675.1544,-10585.587419764344
2023-07-11,181465.42708333334,55653.02208333334,52691.73166666667,25354.235833333336,45174.482083333336,2591.9575,28.52916666666667,84.41666666666667,82.0,0.12083333333333333,6.616666666666667,225.25,1.5120833333333332,137.66353722083332,0.0,137.66354166666667,11.5,1.0,7.0,2023.0,0.0,0.0007077617741197917,137.66424498260747,10887.925625,-10750.261380017391
2023-07-12,187149.59208333332,59929.22083333333,53244.48,25596.0325,45870.01458333334,2509.8458333333333,28.525000000000002,86.625,79.875,0.39999999999999997,8.179166666666667,225.33333333333334,1.2633333333333334,117.48142045833333,0.0,117.48145833333332,11.5,2.0,7.0,2023.0,0.0,0.0,117.48142045833333,11228.975525,-11111.494104541665
2023-07-13,189962.66,61144.99166666667,54539.364583333336,26242.687083333334,45541.38916666667,2494.2291666666665,29.15833333333333,82.375,63.5,0.21666666666666667,8.916666666666666,235.16666666666666,1.9391666666666667,133.27659680416667,0.0,133.27658333333332,11.5,3.0,7.0,2023.0,0.0,0.0014747370827617708,133.27807154124943,11397.7596,-11264.481528458751
2023-07-14,192508.62666666668,62579.684166666666,54675.54958333333,25341.655,47334.32,2577.4170833333333,28.537499999999998,82.95833333333333,96.45833333333333,0.8791666666666668,6.075,235.125,1.5545833333333334,107.72398383333332,0.0,107.724,11.5,4.0,7.0,2023.0,0.0,0.0,107.72398383333332,11550.5176,-11442.793616166666
2023-07-15,190934.50041666665,62709.24916666667,53453.73416666667,24531.80125,47532.29708333334,2707.4183333333335,28.579166666666666,86.45833333333333,94.125,0.7374999999999999,5.970833333333332,197.91666666666666,2.3379166666666666,137.330518,0.0,137.33045833333333,11.5,5.0,7.0,2023.0,1.0,0.006202846364883388,137.33672084636487,11456.070024999999,-11318.733304153635
2023-07-16,182567.97541666668,60102.44875,51019.77166666667,23716.400416666667,45143.96458333333,2585.3879166666666,28.59583333333333,85.45833333333333,90.25,0.9125,5.458333333333333,227.08333333333334,1.66625,135.03378333333333,0.0,135.03379166666667,11.5,6.0,7.0,2023.0,1.0,0.0,135.03378333333333,10954.078524999999,-10819.044741666667
2023-07-17,190921.59833333336,64575.3425,52284.87583333333,24590.784166666665,47000.67875,2469.9179166666668,29.054166666666664,84.75,86.5,0.4916666666666667,4.6875,218.25,1.3445833333333335,134.66613366666667,0.0,134.666125,11.5,0.0,7.0,2023.0,0.0,0.0,134.66613366666667,11455.2959,-11320.629766333333
2023-07-18,191270.07125,65578.00083333334,52721.4925,25302.703333333335,44994.99,2672.8825,28.179166666666664,86.375,96.58333333333333,0.5583333333333333,9.608333333333333,190.125,3.1687499999999997,118.14960340833333,0.0,118.14958333333334,11.5,1.0,7.0,2023.0,0.0,0.38064294695930495,118.53024635529265,11476.204274999998,-11357.674028644708
2023-07-19,189388.8575,64917.455416666664,52040.98458333334,26041.641666666666,43615.38958333333,2773.3858333333333,28.879166666666666,85.75,70.58333333333333,0.3875,8.975,217.54166666666666,3.2587499999999996,162.913658625,0.0,162.91375,11.5,2.0,7.0,2023.0,0.0,3.184831161408322,166.09848978640832,11363.33145,-11197.232960213592
2023-07-20,192716.22458333333,68806.04541666668,52361.07916666666,26246.80916666667,42435.23166666667,2867.0604166666667,29.849999999999998,80.75,38.041666666666664,0.9874999999999999,6.004166666666666,254.29166666666666,2.07,183.91444504166665,0.0,183.9145,11.5,3.0,7.0,2023.0,0.0,0.019768518518518515,183.93421356018519,11562.973474999999,-11379.039261439815
2023-07-21,195365.47624999998,71785.90375,52177.40875,25834.41125,42945.77333333333,2621.98,30.920833333333334,76.04166666666667,70.20833333333333,0.17500000000000002,8.845833333333333,250.125,3.230833333333333,167.31507120833334,0.0,167.31508333333332,11.5,4.0,7.0,2023.0,0.0,0.7408862025605852,168.0559574108939,11721.928575,-11553.872617589106
2023-07-22,188930.82541666666,66776.46,51176.402916666666,25423.225833333334,42835.142916666664,2719.59125,30.712500000000002,76.0,83.75,0.25,13.508333333333333,207.08333333333334,4.482916666666667,121.13429241666667,0.0,121.13429166666667,11.5,5.0,7.0,2023.0,1.0,16.00556973022405,137.13986214689072,11335.849525,-11198.709662853109
2023-07-23,183678.58666666667,65500.57208333333,49491.013333333336,25519.9575,40607.16458333333,2559.8820833333334,30.962500000000002,73.0,90.29166666666667,0.025000000000000005,14.570833333333333,238.70833333333334,4.1049999999999995,182.99988670833332,0.0,182.99983333333333,11.5,6.0,7.0,2023.0,1.0,13.333921639231825,196.33380834756517,11020.715199999999,-10824.381391652434
2023-07-24,192460.53541666665,70352.04208333333,51685.338749999995,26667.287083333333,41127.347499999996,2628.5179166666667,29.983333333333334,80.0,43.75,0.325,11.325000000000001,246.375,3.4158333333333335,159.030026875,0.0,159.03004166666668,11.5,0.0,7.0,2023.0,0.0,2.5724248971193417,161.60245177211934,11547.632124999998,-11386.02967322788
2023-07-25,190388.80791666664,69078.42041666668,52845.965,26496.581666666665,39254.45416666667,2713.38875,29.304166666666664,82.04166666666667,100.0,0.4916666666666667,9.058333333333334,196.66666666666666,2.0395833333333333,141.55910333333333,0.0,141.55916666666667,11.5,1.0,7.0,2023.0,0.0,0.0,141.55910333333333,11423.328475,-11281.769371666667
2023-07-26,184279.21875,63464.20333333334,53090.579999999994,26852.66875,38100.63208333334,2771.132916666667,27.016666666666666,90.625,99.95833333333333,0.7625000000000001,7.829166666666667,91.875,1.965,81.6551740375,0.0,81.65520833333333,11.5,2.0,7.0,2023.0,0.0,0.4437542866941015,82.0989283241941,11056.753125000001,-10974.654196675807
2023-07-27,184602.02666666664,64528.576250000006,52964.57041666666,26747.311666666665,37621.82958333333,2739.7391666666667,28.570833333333336,87.54166666666667,98.70833333333333,0.4583333333333333,5.008333333333334,171.70833333333334,1.6075,117.61429004166666,0.0,117.61429166666666,11.5,3.0,7.0,2023.0,0.0,1.3888888888884848e-05,117.61430393055555,11076.121599999999,-10958.507296069445
2023-07-28,184099.12041666664,62227.89833333334,51494.31375,26824.075,40880.37208333333,2672.46125,28.195833333333336,87.25,97.625,1.125,5.7,191.66666666666666,1.0854166666666667,79.50957242916667,0.0,79.509625,11.5,4.0,7.0,2023.0,0.0,0.0,79.50957242916667,11045.947224999998,-10966.437652570834
2023-07-29,180331.20791666667,59098.82916666666,50282.15833333333,25307.047916666666,42940.87208333333,2702.2999999999997,27.849999999999998,84.41666666666667,82.29166666666667,0.46666666666666673,6.9875,193.91666666666666,2.0454166666666667,93.86707718333334,0.0,93.86708333333333,11.5,5.0,7.0,2023.0,1.0,0.00012557155921353333,93.86720275489255,10819.872475,-10726.005272245107
2023-07-30,180340.6875,60437.12875,49128.27583333334,25770.192916666667,42331.36791666666,2673.724583333333,28.974999999999998,80.25,29.916666666666668,0.09583333333333334,9.470833333333333,241.375,2.45625,144.88500155416668,0.0,144.88508333333334,11.5,6.0,7.0,2023.0,1.0,0.06539517604023774,144.9503967302069,10820.44125,-10675.490853269794
2023-07-31,191489.50249999997,65640.35041666667,51344.04958333333,26244.87958333333,45440.27208333334,2819.9504166666666,29.599999999999998,77.83333333333333,29.0,0.03333333333333333,12.033333333333333,255.0,2.8245833333333334,180.64449254166666,0.0,180.64441666666667,11.5,0.0,7.0,2023.0,0.0,0.16918581390031998,180.81367835556696,11489.37015,-11308.556471644433
2023-08-01,194539.53874999998,69434.71,51332.02375,24719.1875,46135.182499999995,2918.4370833333337,30.370833333333334,74.91666666666667,12.041666666666666,0.008333333333333333,14.745833333333332,257.6666666666667,3.2870833333333334,181.258936125,0.0,181.25891666666666,11.5,1.0,8.0,2023.0,0.0,0.9007763488797439,182.15971247387975,11672.372324999998,-11490.21261252612
2023-08-02,190815.1991666667,68623.385,50234.3375,21657.658333333333,47464.13291666666,2835.685,30.179166666666664,78.33333333333333,69.25,0.05833333333333333,12.341666666666667,243.0,2.9341666666666666,161.37398039583334,0.0,161.37395833333332,11.5,2.0,8.0,2023.0,0.0,4.014995999085506,165.38897639491884,11448.91195,-11283.52297360508
2023-08-03,191827.00625,67733.22166666666,49021.93583333333,24118.569166666668,48264.918333333335,2688.3620833333334,29.4375,81.58333333333333,88.625,0.39999999999999997,12.445833333333333,253.95833333333334,2.268333333333333,159.7133105416667,0.0,159.71333333333334,11.5,3.0,8.0,2023.0,0.0,0.03440557841792411,159.7477161200846,11509.620374999999,-11349.872658879916
2023-08-04,193694.76791666666,66193.10791666666,49770.09083333333,25261.749166666665,49815.63333333333,2654.1854166666667,28.441666666666666,87.79166666666667,100.0,0.4791666666666667,4.895833333333333,160.41666666666666,2.03125,120.19044897916666,0.0,120.19041666666668,11.5,4.0,8.0,2023.0,0.0,0.0006280864197530791,120.19107706558641,11621.686075,-11501.494997934415
2023-08-05,194755.88416666666,66130.55666666667,50754.81375,25233.392083333336,49942.611249999994,2694.5091666666667,29.445833333333336,83.375,98.33333333333333,0.19999999999999998,6.6625000000000005,205.58333333333334,3.3541666666666665,124.18154929166667,0.0,124.18154166666666,11.5,5.0,8.0,2023.0,1.0,3.4040336076817557,127.58558289934842,11685.35305,-11557.767467100652
2023-08-06,189168.71708333332,64219.865,49878.67875,24262.95875,48223.21625,2584.0016666666666,30.0625,74.20833333333333,79.58333333333333,0.07916666666666668,13.054166666666667,259.75,4.781666666666666,182.62503598333333,0.0,182.62504166666668,11.5,6.0,8.0,2023.0,1.0,13.407666723822587,196.0327027071559,11350.123024999999,-11154.090322292845
2023-08-07,194854.5529166667,65424.28208333333,52849.40875,23350.341249999998,50749.659583333334,2480.86125,30.054166666666664,68.08333333333333,24.333333333333332,0.004166666666666667,16.212500000000002,255.875,4.72625,168.89117966666666,0.0,168.89116666666666,11.5,0.0,8.0,2023.0,0.0,31.725545781893004,200.6167254485597,11691.273175,-11490.65644955144
2023-08-08,200078.5129166667,68063.76583333334,55328.831666666665,23025.180416666666,51096.84791666667,2563.8875000000003,30.370833333333334,66.875,99.79166666666667,0.0,17.8,241.75,4.790416666666666,186.43176866666667,0.0,186.43183333333332,11.5,1.0,8.0,2023.0,0.0,21.804598936899865,208.23636760356655,12004.710775,-11796.474407396432
2023-08-09,202285.01208333333,69056.77333333333,56777.75958333333,22909.543333333335,51007.3525,2533.5808333333334,30.679166666666664,65.0,90.33333333333333,0.0,14.254166666666668,235.54166666666666,3.7225,168.14405161666667,0.0,168.14404166666665,11.5,2.0,8.0,2023.0,0.0,6.073975823045267,174.21802743971193,12137.100724999998,-11962.882697560288
2023-08-10,204933.3925,69344.63916666668,57852.315833333334,24647.536666666667,50418.11958333334,2670.7825,29.97083333333333,69.66666666666667,89.625,0.07083333333333333,11.779166666666667,230.54166666666666,2.4845833333333336,140.669695875,0.0,140.66970833333332,11.5,3.0,8.0,2023.0,0.0,1.8171423754000913,142.4868382504001,12296.00355,-12153.5167117496
2023-08-11,207578.5925,70684.90208333333,58653.34291666667,25100.79125,50448.46083333334,2691.0975000000003,30.675,66.83333333333333,67.33333333333333,0.06666666666666667,10.808333333333332,252.375,2.580416666666667,174.475647975,0.0,174.47574999999998,11.5,4.0,8.0,2023.0,0.0,0.21233744855967077,174.68798542355967,12454.715549999999,-12280.02756457644
2023-08-12,207921.72,72410.39083333332,59169.06458333333,24002.69875,49660.99791666667,2678.5670833333334,31.362499999999997,56.083333333333336,71.75,0.0,16.1375,245.875,4.52125,189.39852425,0.0,189.39854166666666,11.5,5.0,8.0,2023.0,1.0,9.004088877457704,198.4026131274577,12475.3032,-12276.900586872542
2023-08-13,203441.10791666666,71155.16291666667,58189.6875,23181.039999999997,48337.07666666667,2578.14125,31.05,61.083333333333336,89.45833333333333,0.02916666666666667,14.65,247.79166666666666,3.7470833333333338,151.77502329166666,0.0,151.775,11.5,6.0,8.0,2023.0,1.0,6.097370484682213,157.8723937763489,12206.466475,-12048.594081223651
2023-08-14,206369.04416666666,70353.18291666667,59629.49041666667,23291.84125,50388.21,2706.3170833333334,29.695833333333336,67.25,88.70833333333333,0.0,9.579166666666667,198.25,2.842083333333333,96.03284960833332,0.0,96.03279166666665,11.5,0.0,8.0,2023.0,0.0,0.4849738225880201,96.51782343092135,12382.14265,-12285.62482656908
2023-08-15,200271.40541666665,69520.76166666667,56225.18791666667,23651.249583333334,48182.981250000004,2691.225,29.866666666666664,74.08333333333333,44.416666666666664,0.004166666666666667,5.5625,245.70833333333334,1.6420833333333331,169.10896320833334,0.0,169.10891666666666,11.5,1.0,8.0,2023.0,0.0,0.0,169.10896320833334,12016.284325,-11847.175361791667
2023-08-16,208460.06291666665,70819.48041666667,59848.95374999999,24251.231666666663,50888.81875,2651.57875,30.912499999999998,67.29166666666667,21.0,0.004166666666666667,9.395833333333334,254.625,3.2204166666666665,189.22886044583333,0.0,189.22879166666667,11.5,2.0,8.0,2023.0,0.0,1.0948886602652033,190.32374910609852,12507.603774999998,-12317.2800258939
2023-08-17,213007.12666666668,72843.17875,61610.839166666665,23178.022500000003,52470.82166666666,2904.265,31.879166666666666,58.25,45.375,0.0,12.754166666666668,261.5,3.5845833333333332,194.44924174999997,0.0,194.44925,11.5,3.0,8.0,2023.0,0.0,9.210829961133973,203.66007171113395,12780.4276,-12576.767528288867
2023-08-18,211695.73875,73896.15416666666,60075.65,23156.722916666666,51757.74125,2809.4679166666665,31.729166666666668,60.541666666666664,72.54166666666667,0.004166666666666667,10.041666666666666,254.45833333333334,2.8204166666666666,193.15221383333335,0.0,193.15220833333333,11.5,4.0,8.0,2023.0,0.0,0.7443428783721994,193.89655671170556,12701.744325,-12507.847768288295
2023-08-19,205895.74833333332,72678.07041666667,58721.651249999995,23380.645416666666,48373.74291666667,2741.6391666666664,30.333333333333332,75.08333333333333,48.416666666666664,0.3083333333333333,7.941666666666666,219.25,2.3004166666666666,131.920069375,0.0,131.92004166666666,11.5,5.0,8.0,2023.0,1.0,0.18301143118427063,132.10308080618427,12353.7449,-12221.641819193816
2023-08-20,200194.80666666667,71234.05875,56298.07375,23613.774166666666,46346.34375,2702.5558333333333,31.837500000000002,68.5,48.416666666666664,0.004166666666666667,10.370833333333334,257.9583333333333,2.445,180.09772708333333,0.0,180.09775,11.5,6.0,8.0,2023.0,1.0,0.6240643575674439,180.72179144090077,12011.6884,-11830.9666085591
2023-08-21,206191.95875,71443.13166666667,58126.72833333333,24070.982916666664,49885.03083333333,2666.0837500000002,31.991666666666664,69.70833333333333,56.75,0.03333333333333333,7.066666666666666,239.91666666666666,1.9054166666666665,178.78833694583332,0.0,178.78829166666665,11.5,0.0,8.0,2023.0,0.0,0.020077560585276637,178.8084145064186,12371.517525000001,-12192.70911049358
2023-08-22,208761.83708333332,71257.22416666667,59508.3675,23838.5825,51667.496666666666,2490.1654166666667,30.45,79.25,100.0,0.525,8.25,183.45833333333334,2.93625,124.10576595416667,0.0,124.10583333333334,11.5,1.0,8.0,2023.0,0.0,0.503830532693187,124.60959648685986,12525.710225,-12401.100628513139
2023-08-23,202461.73916666667,64452.78333333333,59109.293750000004,23391.741250000003,52938.64708333334,2569.272916666667,27.704166666666666,89.875,99.91666666666667,0.6458333333333334,7.908333333333334,67.125,3.41,60.680335112499996,0.0,60.68033333333333,11.5,2.0,8.0,2023.0,0.0,3.1668065272062194,63.84714163970622,12147.70435,-12083.857208360292
2023-08-24,201567.5825,64341.0275,59752.40333333333,21387.45875,53524.88333333333,2561.809583333333,28.995833333333334,72.79166666666667,86.75,0.0,11.424999999999999,231.58333333333334,3.6170833333333334,150.40742916666667,0.0,150.407375,11.5,3.0,8.0,2023.0,0.0,3.3982037037037034,153.80563287037037,12094.05495,-11940.24931712963
2023-08-25,201367.59833333336,65229.1875,60807.612499999996,18515.8775,54338.06958333333,2476.851666666667,30.020833333333332,63.25,39.041666666666664,0.0,13.354166666666666,220.29166666666666,3.685,182.06946895833335,0.0,182.069375,11.5,4.0,8.0,2023.0,0.0,3.275003943758573,185.3444729020919,12082.0559,-11896.711427097907
2023-08-26,204754.2325,66741.83333333333,61274.598333333335,21256.991666666665,53012.24,2468.5675,30.420833333333334,59.958333333333336,31.541666666666668,0.0,13.258333333333333,249.08333333333334,3.8608333333333333,189.83100284166667,0.0,189.831,11.5,5.0,8.0,2023.0,1.0,2.91153886602652,192.74254170769322,12285.253949999998,-12092.511408292305
2023-08-27,203073.5675,67146.325,60098.22125,23301.966249999998,50208.447916666664,2318.6066666666666,30.408333333333335,55.833333333333336,16.25,0.004166666666666667,16.679166666666667,247.41666666666666,3.970833333333333,199.626106775,0.0,199.62608333333333,11.5,6.0,8.0,2023.0,1.0,6.758656378600822,206.38476315360083,12184.41405,-11978.029286846397
2023-08-28,208932.33416666664,67449.24291666667,62424.75833333333,25003.150833333333,51735.05541666667,2320.1254166666668,29.433333333333334,63.25,16.541666666666668,0.09166666666666667,14.320833333333333,243.45833333333334,3.4316666666666666,200.26490899166666,0.0,200.26491666666666,11.5,0.0,8.0,2023.0,0.0,7.149171181984453,207.41408017365112,12535.94005,-12328.525969826349
2023-08-29,212565.22041666668,69155.71791666666,63554.99083333334,24875.56375,52375.980416666665,2602.9645833333334,30.391666666666666,58.75,8.916666666666666,0.0,11.920833333333334,250.95833333333334,2.8379166666666666,207.34348559166665,0.0,207.34349999999998,11.5,1.0,8.0,2023.0,0.0,5.496350308641975,212.83983590030866,12753.913224999998,-12541.07338909969
2023-08-30,210968.64833333332,69539.76208333333,61801.48708333333,25174.355,51732.07833333333,2720.965833333333,30.912499999999998,56.791666666666664,8.208333333333334,0.0,11.454166666666666,251.83333333333334,2.747916666666667,197.4100409,0.0,197.41,11.5,2.0,8.0,2023.0,0.0,1.077219707361683,198.4872606073617,12658.1189,-12459.631639392637
2023-08-31,213283.29916666666,70410.08708333333,63461.20249999999,25639.059999999998,51008.98708333333,2763.9641666666666,31.170833333333334,59.041666666666664,5.708333333333333,0.0,8.754166666666666,248.125,2.5341666666666667,188.60013671666664,0.0,188.60012500000002,11.5,3.0,8.0,2023.0,0.0,0.29706418609967983,188.89720090276634,12796.997949999999,-12608.100749097233
2023-09-01,217194.92708333334,71437.47333333333,65994.645,25845.78625,51168.5975,2748.4258333333332,31.962500000000002,54.125,4.208333333333333,0.0,10.700000000000001,253.25,3.262083333333333,206.62864107916667,0.0,206.62858333333335,11.5,4.0,9.0,2023.0,0.0,3.5906568930041156,210.21929797217078,13031.695625,-12821.476327027829
2023-09-02,217216.58291666667,72947.62791666666,66765.45208333334,25095.040416666667,49741.4125,2667.0475,31.833333333333332,51.083333333333336,1.2916666666666667,0.0,13.804166666666667,263.5416666666667,3.5666666666666664,217.31377436666665,0.0,217.31383333333335,11.5,5.0,9.0,2023.0,1.0,8.974881801554641,226.2886561682213,13032.994975,-12806.706318831779
2023-09-03,208736.9675,73788.27416666667,65005.23458333333,24232.05875,42952.284583333334,2759.1133333333332,31.291666666666668,52.708333333333336,0.3333333333333333,0.0,13.3125,264.2916666666667,3.2137499999999997,217.33479797500001,0.0,217.33483333333334,11.5,6.0,9.0,2023.0,1.0,2.9183907178783723,220.25318869287835,12524.218050000001,-12303.96486130712
2023-09-04,209219.02666666664,74782.36666666667,65110.05958333333,23015.955416666664,43302.456666666665,3008.19,31.358333333333334,51.458333333333336,0.041666666666666664,0.0,11.958333333333334,264.7083333333333,3.315,216.37602378333335,0.0,216.37604166666665,11.5,0.0,9.0,2023.0,0.0,1.481220793324188,217.85724457665754,12553.1416,-12335.284355423342
2023-09-05,207829.26333333334,74355.82166666667,64748.55416666667,23290.658750000002,42517.93791666667,2916.2916666666665,30.724999999999998,66.83333333333333,14.0,0.25416666666666665,7.9875,217.0,2.6591666666666667,199.0265858875,0.0,199.026625,11.5,1.0,9.0,2023.0,0.0,0.5203998056698674,199.54698569316986,12469.755799999999,-12270.20881430683
2023-09-06,204062.97958333333,73376.97291666667,62174.4475,23089.162500000002,42583.56875,2838.8283333333334,30.954166666666666,64.08333333333333,8.375,0.07083333333333333,6.629166666666666,250.125,2.5220833333333332,206.03409539166668,0.0,206.03412500000002,11.5,2.0,9.0,2023.0,0.0,0.17894433013260166,206.21303972179928,12243.778774999999,-12037.5657352782
2023-09-07,198237.0875,72573.72416666667,56521.50208333333,23131.850833333334,43225.043333333335,2784.9670833333334,31.912499999999998,59.5,13.375,0.0,5.683333333333334,236.875,2.2983333333333333,195.16677075416666,0.0,195.16675,11.5,3.0,9.0,2023.0,0.0,0.08552120484682213,195.2522919590135,11894.225250000001,-11698.972958040986
2023-09-08,194388.56208333335,70185.7275,54537.94583333333,22395.975833333334,44625.94666666666,2642.965,30.27916666666667,67.79166666666667,32.375,0.05416666666666667,9.616666666666667,242.0,2.8683333333333336,182.77435859166667,0.0,182.774375,11.5,4.0,9.0,2023.0,0.0,0.22616923868312763,183.0005278303498,11663.313725,-11480.31319716965
2023-09-09,192403.50041666665,65628.75125,55085.22416666666,23205.162500000002,45738.06958333333,2746.2941666666666,27.808333333333334,79.91666666666667,71.375,0.10416666666666667,13.829166666666666,184.41666666666666,3.7745833333333336,75.59406874875,0.0,75.59408333333333,11.5,5.0,9.0,2023.0,1.0,4.017273948331048,79.61134269708104,11544.210024999998,-11464.598682302918
2023-09-10,186300.0429166667,61128.628333333334,54793.9475,24326.760833333334,43339.54958333333,2711.1566666666668,26.099999999999998,88.875,74.41666666666667,1.4708333333333334,12.583333333333334,142.66666666666666,3.2054166666666664,79.99823782708333,0.0,79.99820833333332,11.5,6.0,9.0,2023.0,1.0,0.6036697530864197,80.60190758016975,11178.002574999999,-11097.40066741983
2023-09-11,195570.395,63323.41333333333,57867.30708333334,25693.443750000002,45948.026249999995,2738.2066666666665,27.566666666666666,80.75,26.458333333333332,0.041666666666666664,9.966666666666667,231.95833333333334,2.7754166666666666,150.51210266666666,0.0,150.512125,11.5,0.0,9.0,2023.0,0.0,0.3804421010516688,150.89254476771833,11734.2237,-11583.33115523228
2023-09-12,201006.05625,65969.02500000001,59525.88416666666,25170.38875,47584.06291666667,2756.6945833333334,28.72083333333333,78.58333333333333,14.208333333333334,0.0,5.420833333333333,234.66666666666666,2.3125,184.17606041666667,0.0,184.1760416666667,11.5,1.0,9.0,2023.0,0.0,0.051210505258344786,184.227270921925,12060.363374999999,-11876.136104078076
2023-09-13,204278.03458333333,67953.55833333333,60147.57541666667,24331.45125,49113.324166666665,2732.125,29.704166666666666,79.29166666666667,69.08333333333333,0.3083333333333333,5.779166666666666,224.29166666666666,2.0458333333333334,151.40864848750002,0.0,151.40858333333333,11.5,2.0,9.0,2023.0,0.0,0.00047370827617740835,151.40912219577618,12256.682074999999,-12105.272952804224
2023-09-14,206075.01124999998,69952.18458333334,60140.136666666665,23724.480833333335,49363.95250000001,2894.2574999999997,29.1875,81.625,98.0,0.22916666666666663,8.9625,202.20833333333334,2.3208333333333333,147.81422700833335,0.0,147.8142083333333,11.5,3.0,9.0,2023.0,0.0,0.009756172839506179,147.82398318117285,12364.500675000001,-12216.676691818828
2023-09-15,200151.44416666668,65182.70458333333,58187.598333333335,23955.154166666664,49851.57708333334,2974.410416666667,28.162499999999998,87.41666666666667,96.70833333333333,0.23750000000000002,7.379166666666666,142.0,2.8745833333333333,147.63392965,0.0,147.63395833333334,11.5,4.0,9.0,2023.0,0.0,1.4188940329218112,149.0528236829218,12009.08665,-11860.033826317078
2023-09-16,193503.5820833333,61634.24916666667,55585.44458333333,24505.402083333334,48833.912083333336,2944.574583333333,28.370833333333334,84.125,77.29166666666667,0.325,13.670833333333334,166.45833333333334,5.5320833333333335,151.29289830000002,0.0,151.292875,11.5,5.0,9.0,2023.0,1.0,51.45398039551896,202.74687869551897,11610.214925,-11407.46804630448
2023-09-17,178703.57291666666,52934.48458333333,51416.02458333334,24769.890833333335,46628.61083333333,2954.5633333333335,27.1375,87.33333333333333,94.45833333333333,0.2708333333333333,16.599999999999998,163.08333333333334,5.6225,122.938434465,0.0,122.93841666666667,11.5,6.0,9.0,2023.0,1.0,33.45503120713306,156.39346567213306,10722.214375,-10565.820909327866
2023-09-18,181848.00583333333,55242.89166666666,52870.5025,24161.70583333333,46949.369166666664,2623.5358333333334,27.900000000000002,78.95833333333333,27.375,0.08750000000000001,14.8125,222.54166666666666,5.952916666666667,161.45971733333332,0.0,161.45970833333334,11.5,0.0,9.0,2023.0,0.0,72.67328983767717,234.13300717101052,10910.88035,-10676.747342828989
2023-09-19,185260.59791666665,57951.74791666667,52824.90833333333,23409.229166666668,48531.96666666667,2542.7483333333334,28.625,77.0,19.75,0.008333333333333333,8.679166666666667,229.75,3.1970833333333335,182.91522156666667,0.0,182.91520833333334,11.5,1.0,9.0,2023.0,0.0,3.468316415180613,186.3835379818473,11115.635875,-10929.252337018152
2023-09-20,191653.49166666667,60770.482500000006,54883.43041666667,22889.974583333333,50707.93166666667,2401.6741666666667,29.416666666666668,75.875,20.666666666666668,0.0375,5.079166666666667,215.04166666666666,1.6595833333333332,180.39034798333333,0.0,180.39037499999998,11.5,2.0,9.0,2023.0,0.0,0.0,180.39034798333333,11499.209499999999,-11318.819152016666
2023-09-21,193780.8220833333,64393.79041666666,55568.3025,21576.774583333336,49898.74375,2343.2133333333336,28.916666666666668,80.875,35.0,0.10833333333333334,6.8374999999999995,216.375,1.8679166666666667,185.30195069416666,0.0,185.30191666666667,11.5,3.0,9.0,2023.0,0.0,0.0,185.30195069416666,11626.849325000001,-11441.547374305834
2023-09-22,190432.44208333336,64805.75708333333,54294.82750000001,20852.55791666667,48009.78416666667,2469.514583333333,29.441666666666666,77.75,31.583333333333332,0.012500000000000002,6.591666666666666,219.875,2.1025,188.47679517791667,0.0,188.47679166666668,11.5,4.0,9.0,2023.0,0.0,0.0,188.47679517791667,11425.946525,-11237.469729822084
2023-09-23,183954.7666666667,60016.97708333333,53729.05458333334,20712.2625,46988.82749999999,2507.6441666666665,28.608333333333334,82.41666666666667,27.958333333333332,0.05833333333333334,6.295833333333333,211.375,1.9370833333333335,160.71926122708334,0.0,160.71933333333334,11.5,5.0,9.0,2023.0,1.0,5.715592135345e-05,160.7193183830047,11037.286,-10876.566681616996
2023-09-24,174634.57333333333,55762.99,51999.207916666666,20712.353333333333,43666.74708333333,2493.2720833333333,27.941666666666666,80.16666666666667,24.416666666666668,0.0375,7.570833333333333,208.25,1.83,183.535614675,0.0,183.53558333333334,11.5,6.0,9.0,2023.0,1.0,0.0,183.535614675,10478.0744,-10294.538785325
2023-09-25,181205.47833333336,57861.8375,53824.65708333333,21635.679583333334,45333.10291666666,2550.1983333333333,28.59583333333333,76.16666666666667,13.375,0.008333333333333333,5.633333333333333,220.20833333333334,1.6654166666666665,192.123526965,0.0,192.12358333333336,11.5,0.0,9.0,2023.0,0.0,5.715592135344857e-08,192.12352702215594,10872.3287,-10680.205172977843
2023-09-26,189025.6525,61759.401666666665,55068.20250000001,23184.482916666664,46310.03541666667,2703.5308333333332,28.804166666666664,72.58333333333333,7.5,0.008333333333333333,6.083333333333333,216.375,2.1620833333333334,189.11002094583333,0.0,189.11008333333334,11.5,1.0,9.0,2023.0,0.0,5.715592135344857e-08,189.11002100298924,11341.539149999999,-11152.429128997012
2023-09-27,191364.77916666667,62561.76291666667,54889.28,24130.87375,46989.83791666667,2793.0245833333333,27.84166666666667,65.29166666666667,0.0,0.0,8.737499999999999,235.70833333333334,2.5516666666666667,214.82703285624999,0.0,214.82704166666667,11.5,2.0,9.0,2023.0,0.0,0.0009372999542752526,214.8279701562043,11481.88675,-11267.058779843794
2023-09-28,190955.84708333333,62418.02458333334,53669.2875,24778.182083333333,47203.18708333333,2887.1670833333333,26.662499999999998,61.875,5.333333333333333,0.0,8.383333333333333,238.66666666666666,2.5879166666666666,220.92237726250002,0.0,220.922375,11.5,3.0,9.0,2023.0,0.0,0.2607118198445359,221.18308908234454,11457.350825,-11236.167735917656
2023-09-29,191528.96125000002,63266.38208333333,54707.59375,24832.09041666667,45827.79624999999,2895.0983333333334,26.804166666666664,61.458333333333336,10.125,0.0,7.070833333333333,235.875,2.15125,218.76510697083336,0.0,218.76508333333334,11.5,4.0,9.0,2023.0,0.0,0.05620970507544579,218.82131667590878,11491.737674999998,-11272.91635832409
2023-09-30,188229.405,62864.987916666665,55428.28291666667,21461.19208333333,45645.161250000005,2829.7829166666666,27.96666666666667,56.666666666666664,7.541666666666667,0.0,10.733333333333334,231.04166666666666,3.3679166666666664,216.65548808541666,0.0,216.6555,11.5,5.0,9.0,2023.0,1.0,1.349595221764975,218.00508330718162,11293.7643,-11075.759216692817
2023-10-01,179845.77333333332,59006.761666666665,53889.30875,20810.455416666668,43486.19541666666,2653.0520833333335,27.40833333333333,53.458333333333336,20.625,0.0,10.608333333333333,231.54166666666666,3.0862499999999997,221.82798177708332,0.0,221.828,11.5,6.0,10.0,2023.0,1.0,0.7170122885230907,222.5449940656064,10790.7464,-10568.201405934393
2023-10-02,177093.35,55547.098750000005,54563.68541666667,20728.071666666667,43633.15875,2621.3337500000002,26.733333333333334,42.625,0.0,0.0,11.645833333333334,232.33333333333334,3.105,225.0664692941667,0.0,225.0665,11.5,0.0,10.0,2023.0,0.0,0.8571694673068126,225.92363876147348,10625.601,-10399.677361238526
2023-10-03,184000.11625,56283.394583333335,56501.90083333334,20624.812083333334,47986.81416666667,2603.195,26.375,40.291666666666664,0.0,0.0,12.345833333333333,232.91666666666666,3.310833333333333,228.22079655083334,0.0,228.22083333333333,11.5,1.0,10.0,2023.0,0.0,5.998720621856425,234.21951717268976,11040.006974999998,-10805.78745782731
2023-10-04,187893.45750000002,56919.78291666667,57460.39125000001,20139.810833333333,50843.46291666667,2530.009583333333,26.329166666666666,53.375,0.0,0.0,12.2875,229.125,3.1374999999999997,224.18166656250003,0.0,224.18162500000003,11.5,2.0,10.0,2023.0,0.0,9.337308641975307,233.5189752044753,11273.607450000001,-11040.088474795522
2023-10-05,190676.65791666668,57518.28833333333,58743.83416666667,20436.972916666666,51531.64041666667,2445.922916666667,26.420833333333334,51.916666666666664,0.0,0.0,11.15,228.66666666666666,2.68375,224.31971993125,0.0,224.31970833333332,11.5,3.0,10.0,2023.0,0.0,0.9784934842249657,225.29821341547495,11440.599475,-11215.301261584524
2023-10-06,193515.30208333334,58510.78041666667,59728.27208333334,21355.25875,51754.04750000001,2166.9445833333334,27.325,50.958333333333336,0.0,0.0,8.641666666666667,224.95833333333334,2.8699999999999997,222.60317402,0.0,222.60320833333333,11.5,4.0,10.0,2023.0,0.0,0.17204429583904898,222.77521831583906,11610.918124999998,-11388.142906684161
2023-10-07,194487.63249999998,58369.00208333333,60413.695,22120.30458333333,51292.94583333333,2291.685,28.287499999999998,60.375,0.041666666666666664,0.0,8.758333333333333,216.95833333333334,2.2104166666666667,213.64391028875,0.0,213.64387499999998,11.5,5.0,10.0,2023.0,1.0,0.02000628715134885,213.66391657590134,11669.25795,-11455.594033424097
2023-10-08,192921.27458333332,58817.427083333336,60033.208333333336,22305.9175,49507.30958333333,2257.4133333333334,29.700000000000003,58.458333333333336,0.5833333333333334,0.0,9.15,214.41666666666666,2.5275,211.24671433333333,0.0,211.24675,11.5,6.0,10.0,2023.0,1.0,0.04693718564243255,211.2936515189758,11575.276474999999,-11363.982823481025
2023-10-09,198068.8225,59396.62583333333,62533.14041666667,22575.209583333333,51250.411250000005,2313.434583333333,29.358333333333334,54.25,1.8333333333333333,0.0,9.775,204.45833333333334,2.4766666666666666,203.75693208333334,0.0,203.75691666666668,11.5,0.0,10.0,2023.0,0.0,0.40714980566986747,204.1640818890032,11884.129350000001,-11679.965268110996
2023-10-10,199669.49125,59346.152916666666,63640.044583333336,23281.590833333335,50943.29083333333,2458.4116666666664,28.375,54.625,5.375,0.10416666666666667,9.808333333333334,192.125,2.3070833333333334,178.25361375,0.0,178.25358333333335,11.5,1.0,10.0,2023.0,0.0,0.0,178.25361375,11980.169475,-11801.915861249998
2023-10-11,200130.30958333332,59163.26291666667,64212.16458333333,23425.156666666666,50789.51833333333,2540.2070833333332,26.516666666666666,57.083333333333336,0.0,0.0,10.479166666666666,215.58333333333334,2.780416666666667,219.80256708333332,0.0,219.80254166666666,11.5,2.0,10.0,2023.0,0.0,0.15392043895747604,219.95648752229081,12007.818575,-11787.86208747771
2023-10-12,198796.53625,58311.52375,64551.52458333334,23185.279583333333,50241.42083333334,2506.7858333333334,25.875,53.916666666666664,0.0,0.0,8.954166666666667,213.75,2.165,220.142613375,0.0,220.14266666666666,11.5,3.0,10.0,2023.0,0.0,5.715592135344857e-08,220.14261343215594,11927.792175,-11707.649561567843
2023-10-13,194574.71791666668,58252.60916666667,64896.63208333333,22691.4575,46307.8675,2426.1524999999997,27.55,54.791666666666664,0.7083333333333334,0.0,7.816666666666666,206.625,2.065,210.82094750000002,0.0,210.82104166666667,11.5,4.0,10.0,2023.0,0.0,0.0,210.82094750000002,11674.483074999998,-11463.6621275
2023-10-14,192500.80708333335,56797.05291666667,64684.54,22588.794583333332,45967.71,2462.7079166666667,28.224999999999998,52.166666666666664,5.75,0.0,8.041666666666666,191.41666666666666,2.231666666666667,195.995004,0.0,195.995,11.5,5.0,10.0,2023.0,1.0,0.0,195.995004,11550.048425,-11354.053420999999
2023-10-15,182597.47041666668,53311.42791666667,62591.16,21577.970416666667,42762.72583333334,2354.185,27.3125,54.625,25.708333333333332,0.004166666666666667,6.966666666666666,195.16666666666666,1.5029166666666667,200.211000625,0.0,200.211,11.5,6.0,10.0,2023.0,1.0,0.0,200.211000625,10955.848225,-10755.637224375
2023-10-16,181031.545,48084.41083333333,63880.4375,21866.099583333333,44854.722083333334,2345.8754166666668,24.329166666666666,65.08333333333333,75.79166666666667,0.41250000000000003,11.779166666666667,151.41666666666666,3.485,170.4100215,0.0,170.41004166666667,11.5,0.0,10.0,2023.0,0.0,11.057127229080933,181.46714872908092,10861.892699999999,-10680.425551270919
2023-10-17,176508.83875,43900.20958333334,64148.43,21258.566666666666,44765.48708333333,2436.1441666666665,22.358333333333334,71.95833333333333,42.916666666666664,0.1375,6.966666666666666,164.79166666666666,2.6016666666666666,159.42303991666668,0.0,159.42304166666665,11.5,1.0,10.0,2023.0,0.0,0.16207567443987192,159.58511559110653,10590.530325,-10430.945209408894
2023-10-18,180274.78874999998,46685.74208333334,64301.06166666667,21483.912916666668,45465.309166666666,2338.76375,22.6125,64.75,0.20833333333333334,0.0,10.5875,197.75,3.1770833333333335,213.96311466666666,0.0,213.96308333333332,11.5,2.0,10.0,2023.0,0.0,0.6337999542752626,214.59691462094193,10816.487325,-10601.890410379057
2023-10-19,181293.37875,47120.105,64682.675416666665,21028.91375,46160.417083333334,2301.2683333333334,21.958333333333332,63.25,0.0,0.0,9.158333333333333,198.70833333333334,2.7216666666666662,219.23725145833336,0.0,219.23733333333334,11.5,3.0,10.0,2023.0,0.0,0.04966575217192498,219.28691721050527,10877.602724999999,-10658.315807789493
2023-10-20,181359.31708333336,47733.6575,64512.607083333336,20228.6025,46632.00416666667,2252.4466666666667,22.400000000000002,64.95833333333333,0.0,0.0,7.3625,197.875,2.19875,215.30743354166668,0.0,215.3075,11.5,4.0,10.0,2023.0,0.0,0.0,215.30743354166668,10881.559025,-10666.251591458333
2023-10-21,179037.4225,47707.63916666667,64282.87041666667,19343.285,45492.550416666665,2211.08,22.791666666666668,63.25,1.8333333333333333,0.0,6.966666666666666,195.33333333333334,2.21625,213.77848445833334,0.0,213.77841666666666,11.5,5.0,10.0,2023.0,1.0,0.0,213.77848445833334,10742.24535,-10528.466865541666
2023-10-22,172942.33916666667,45629.479583333334,62675.767916666664,18368.538333333334,44230.888333333336,2037.6666666666667,23.333333333333332,61.125,13.833333333333334,0.0,6.408333333333334,188.95833333333334,2.1233333333333335,194.76888225000002,0.0,194.76891666666666,11.5,6.0,10.0,2023.0,1.0,0.011837391403749412,194.78071964140375,10376.54035,-10181.759630358596
2023-10-23,172241.15,46764.29708333333,63190.66625,17796.84125,42549.488333333335,1939.8570833333333,23.254166666666666,64.5,0.7916666666666666,0.0,8.475,188.58333333333334,2.68125,215.29921291666668,0.0,215.29925,11.5,0.0,10.0,2023.0,0.0,0.005935128029263829,215.30514804469593,10334.469,-10119.163851955303
2023-10-24,171347.405,44885.225,59141.994999999995,17490.265416666665,47984.87416666667,1845.045,23.400000000000002,60.208333333333336,1.7916666666666667,0.0,7.941666666666666,187.29166666666666,2.611666666666667,211.44443729166667,0.0,211.444375,11.5,1.0,10.0,2023.0,0.0,0.0036062528577960654,211.44804354452447,10280.844299999999,-10069.396256455475
2023-10-25,178821.84708333333,46354.005,61606.21333333334,18549.286666666667,50350.445,1961.89625,23.204166666666666,59.375,0.625,0.0,8.804166666666667,188.04166666666666,3.1291666666666664,208.05463791666668,0.0,208.05466666666666,11.5,2.0,10.0,2023.0,0.0,0.5242962962962961,208.57893421296296,10729.310824999999,-10520.731890787038
2023-10-26,184402.52875000003,47901.432916666665,63380.83541666667,19662.152083333334,51342.47875,2115.6283333333336,22.895833333333332,57.666666666666664,0.0,0.0,9.029166666666667,190.0,2.764583333333333,214.70944758333334,0.0,214.70941666666667,11.5,3.0,10.0,2023.0,0.0,0.012916495198902598,214.72236407853222,11064.151724999998,-10849.429360921467
2023-10-27,184141.30375,48071.99,62865.09208333333,19306.28125,51765.699583333335,2132.2395833333335,22.95,51.416666666666664,12.666666666666666,0.0,8.270833333333334,191.20833333333334,2.2604166666666665,216.588482375,0.0,216.58854166666666,11.5,4.0,10.0,2023.0,0.0,0.0005560128029263792,216.58903838780293,11048.478224999999,-10831.889186612198
2023-10-28,182640.54666666666,47812.93583333333,62401.32166666666,18966.590416666666,51344.25208333333,2115.4474999999998,24.420833333333334,47.916666666666664,64.70833333333333,0.0,5.095833333333333,158.08333333333334,2.145,187.34974624999998,0.0,187.34975,11.5,5.0,10.0,2023.0,1.0,0.0,187.34974624999998,10958.4328,-10771.083053749999
2023-10-29,175926.36125,45965.75833333333,61008.06125,18738.85125,48195.49916666667,2018.1883333333333,24.025000000000002,56.5,22.708333333333332,0.0,5.6625000000000005,179.79166666666666,2.3208333333333333,203.19588166666665,0.0,203.19591666666668,11.5,6.0,10.0,2023.0,1.0,4.572473708276191e-07,203.19588212391406,10555.581675,-10352.385792876086
2023-10-30,179955.48375,47956.99791666667,62477.67458333333,19026.120833333334,48469.695,2024.9937499999999,23.879166666666666,66.54166666666667,8.75,0.0,7.125,175.25,2.24125,197.80808458333334,0.0,197.80808333333334,11.5,0.0,10.0,2023.0,0.0,0.018468621399176936,197.8265532047325,10797.329025,-10599.502471795267
2023-10-31,182207.16416666668,48918.861249999994,63232.66541666666,19154.470833333333,48791.018749999996,2110.1475,24.099999999999998,68.625,28.666666666666668,0.0,6.470833333333334,174.45833333333334,2.1616666666666666,195.57853558333332,0.0,195.57854166666667,11.5,1.0,10.0,2023.0,0.0,1.75468678555058e-05,195.5785531302012,10932.42985,-10736.8512968698
2023-11-01,180831.34916666665,48640.200833333336,62746.51291666667,19336.202083333334,47979.37333333333,2129.0591666666664,23.995833333333334,66.29166666666667,0.2916666666666667,0.0,6.804166666666667,175.20833333333334,2.0004166666666667,197.87742708333334,0.0,197.877375,11.5,2.0,11.0,2023.0,0.0,0.0,197.87742708333334,10849.880949999999,-10652.003522916666
2023-11-02,181042.19833333333,47984.37791666667,63076.87583333333,19601.384583333333,48339.49333333334,2040.0674999999999,24.09583333333333,65.41666666666667,3.5,0.0,7.3625,171.29166666666666,1.7229166666666667,200.07464674999997,0.0,200.07466666666667,11.5,3.0,11.0,2023.0,0.0,0.0,200.07464674999997,10862.5319,-10662.45725325
2023-11-03,181779.29833333334,48582.23541666666,63337.50625,19868.5975,47911.411250000005,2079.547916666667,22.537499999999998,70.41666666666667,8.0,0.04583333333333334,8.158333333333333,161.95833333333334,2.245416666666667,194.30415641666664,0.0,194.304125,11.5,4.0,11.0,2023.0,0.0,9.922267946959012e-05,194.30425563934614,10906.757899999999,-10712.453644360654
2023-11-04,179607.08583333332,47974.036250000005,63674.597083333334,19498.63666666667,46418.94458333333,2040.8720833333334,22.508333333333336,66.25,24.875,0.0,7.8125,169.33333333333334,2.0254166666666666,195.06668304166666,0.0,195.06662500000002,11.5,5.0,11.0,2023.0,1.0,0.034082761774119785,195.1007658034408,10776.42515,-10581.324384196558
2023-11-05,171322.10624999998,46043.36916666667,62190.28416666667,18907.674583333333,42406.78291666667,1773.9958333333334,22.766666666666666,61.75,0.20833333333333334,0.0,7.370833333333334,174.5,1.7754166666666666,208.17465854166667,0.0,208.174625,11.5,6.0,11.0,2023.0,1.0,0.00015683584819387082,208.17481537751488,10279.326374999999,-10071.151559622484
2023-11-06,174454.06375,47362.120416666665,63140.986249999994,19085.34875,43066.44375,1799.165,22.208333333333332,60.083333333333336,2.2916666666666665,0.0,5.954166666666667,172.25,2.0425,206.71485275,0.0,206.71483333333333,11.5,0.0,11.0,2023.0,0.0,0.0,206.71485275,10467.243825,-10260.52897225
2023-11-07,174871.94499999998,47642.22458333333,63935.81166666667,18523.455416666668,42864.409583333334,1906.0424999999998,22.479166666666668,63.708333333333336,2.8333333333333335,0.0,7.508333333333333,167.29166666666666,1.8458333333333332,203.41951874999998,0.0,203.4195,11.5,1.0,11.0,2023.0,0.0,0.0,203.41951874999998,10492.3167,-10288.89718125
2023-11-08,174742.09083333335,47858.245416666665,63711.559166666666,18636.940416666668,42624.24,1911.1049999999998,22.729166666666668,64.79166666666667,7.875,0.0,6.879166666666666,165.83333333333334,2.2904166666666668,198.82984616666667,0.0,198.82987500000002,11.5,2.0,11.0,2023.0,0.0,0.0025211476909007707,198.83236731435758,10484.52545,-10285.693082685642
2023-11-09,173093.31583333333,47421.07833333334,63539.00791666666,18332.215833333332,41897.70583333333,1903.3070833333334,22.71666666666667,64.875,4.291666666666667,0.0,7.270833333333333,161.66666666666666,2.0833333333333335,190.59056124999998,0.0,190.59058333333334,11.5,3.0,11.0,2023.0,0.0,0.0,190.59056124999998,10385.59895,-10195.008388749999
2023-11-10,170992.90791666668,46100.88125,62668.66541666666,18230.767916666668,42146.575000000004,1846.02125,20.491666666666667,75.91666666666667,37.333333333333336,0.12083333333333333,9.245833333333334,126.54166666666667,2.424583333333333,143.96734454166668,0.0,143.96729166666668,11.5,4.0,11.0,2023.0,0.0,0.003193415637860075,143.97053795730451,10259.574475,-10115.603937042695
2023-11-11,163533.53583333333,43940.90083333334,59301.49291666667,18054.60125,40348.015,1888.5258333333334,19.266666666666666,75.875,0.375,0.0,8.208333333333334,160.70833333333334,3.1283333333333334,200.7856070833333,0.0,200.7855833333333,11.5,5.0,11.0,2023.0,1.0,0.2560234910836761,201.041630574417,9812.01215,-9610.970519425582
2023-11-12,148221.52541666667,39564.60791666667,52379.302083333336,17482.2375,37073.42125,1721.955,18.820833333333333,73.58333333333333,0.0,0.0,8.066666666666666,163.04166666666666,2.8095833333333338,209.41981904166667,0.0,209.41983333333334,11.5,6.0,11.0,2023.0,1.0,0.027364597622313674,209.44718363928897,8893.291524999999,-8683.844341360711
2023-11-13,143504.32749999998,36236.80583333333,50235.840416666666,17051.181666666667,38283.54583333333,1696.9554166666667,18.974999999999998,73.375,52.25,0.0,6.375,160.33333333333334,1.9520833333333334,203.29526929166664,0.0,203.29529166666669,11.5,0.0,11.0,2023.0,0.0,0.0,203.29526929166664,8610.25965,-8406.964380708332
2023-11-14,150334.67500000002,39764.105833333335,50983.777916666666,17288.787083333333,40515.03041666667,1782.9754166666664,18.958333333333332,70.625,84.29166666666667,0.0,7.691666666666666,135.54166666666666,2.1325,172.60073341666669,0.0,172.60066666666668,11.5,1.0,11.0,2023.0,0.0,0.0,172.60073341666669,9020.0805,-8847.479766583334
2023-11-15,155622.75291666665,41667.308750000004,52555.05833333333,17133.415416666667,42429.27416666666,1837.6945833333332,18.479166666666668,71.91666666666667,0.0,0.0,7.729166666666667,160.41666666666666,2.36375,208.87942854166667,0.0,208.87941666666666,11.5,2.0,11.0,2023.0,0.0,0.0,208.87942854166667,9337.365174999999,-9128.485746458333
2023-11-16,161470.28916666665,43085.77,55413.10208333333,17271.813749999998,43861.448333333334,1838.15625,19.741666666666667,68.54166666666667,0.0,0.0,5.791666666666667,156.45833333333334,1.6258333333333335,203.10683275,0.0,203.10683333333336,11.5,3.0,11.0,2023.0,0.0,0.0,203.10683275,9688.21735,-9485.110517250001
2023-11-17,166090.26208333333,44356.00708333333,56588.49166666667,17716.687083333334,45689.12541666667,1739.95125,20.454166666666666,70.70833333333333,4.125,0.0,6.016666666666667,150.5,1.5470833333333334,192.296898625,0.0,192.29695833333335,11.5,4.0,11.0,2023.0,0.0,0.0,192.296898625,9965.415725,-9773.118826375
2023-11-18,168399.02125,44464.963749999995,58066.6625,17969.8125,46075.59666666667,1821.9875,19.95,70.25,7.75,0.0,5.729166666666667,150.91666666666666,1.83875,190.494254375,0.0,190.49433333333334,11.5,5.0,11.0,2023.0,1.0,0.0,190.494254375,10103.941275,-9913.447020624999
2023-11-19,163555.67083333334,43205.77416666666,57888.70416666666,17221.7475,43366.07375,1873.3716666666667,20.108333333333334,65.75,4.208333333333333,0.0,5.45,149.125,1.5374999999999999,182.02744041666665,0.0,182.02745833333333,11.5,6.0,11.0,2023.0,1.0,0.0,182.02744041666665,9813.34025,-9631.312809583333
2023-11-20,168471.38708333333,44576.8325,59732.77,17120.950833333332,45156.53166666667,1884.2995833333334,19.629166666666666,65.29166666666667,0.0,0.0,6.683333333333334,152.70833333333334,2.245,201.380704875,0.0,201.38070833333333,11.5,0.0,11.0,2023.0,0.0,0.0,201.380704875,10108.283225,-9906.902520124999
2023-11-21,171344.32291666666,44818.10916666666,61314.12416666667,17428.114583333332,45816.38916666666,1967.5858333333333,18.8125,69.5,3.8333333333333335,0.0,10.283333333333333,152.5,3.387916666666667,206.73302433333333,0.0,206.73300000000003,11.5,1.0,11.0,2023.0,0.0,1.0590050868770005,207.79202942021035,10280.659375,-10072.867345579789
2023-11-22,172341.8175,45484.10791666667,62479.325833333336,17389.7025,45030.70583333333,1957.9741666666666,18.116666666666667,64.875,0.0,0.0,11.208333333333334,154.16666666666666,2.444166666666667,209.4536562083333,0.0,209.45370833333334,11.5,2.0,11.0,2023.0,0.0,0.08218930041152266,209.53584550874484,10340.509049999999,-10130.973204491254
2023-11-23,169920.56041666667,45117.291666666664,61272.69583333333,17419.212499999998,44146.61666666667,1964.745,18.075,68.375,0.0,0.0,4.941666666666666,152.91666666666666,1.4095833333333332,204.76728525,0.0,204.76729166666667,11.5,3.0,11.0,2023.0,0.0,0.0,204.76728525,10195.233624999999,-9990.466339749999
2023-11-24,169850.58875,45745.26666666666,61187.10999999999,17173.486666666668,43783.20458333333,1961.5216666666665,18.520833333333332,69.08333333333333,9.0,0.0,5.95,150.54166666666666,1.6383333333333334,202.21529791666669,0.0,202.21525,11.5,4.0,11.0,2023.0,0.0,0.0,202.21529791666669,10191.035324999999,-9988.820027083333
2023-11-25,167528.8725,44092.165,61316.34083333333,17239.637916666667,42971.464166666665,1909.2612499999998,18.55,68.45833333333333,44.041666666666664,0.0,6.041666666666667,148.95833333333334,1.25,170.288488125,0.0,170.2885,11.5,5.0,11.0,2023.0,1.0,0.0,170.288488125,10051.73235,-9881.443861875
2023-11-26,156326.62083333332,42448.92916666667,54968.395833333336,16812.333333333332,40277.19458333334,1819.76875,19.233333333333334,67.95833333333333,99.66666666666667,0.0,7.754166666666666,121.125,2.11875,156.65481104166668,0.0,156.654875,11.5,6.0,11.0,2023.0,1.0,0.34870518975765896,157.00351623142433,9379.59725,-9222.593733768575
2023-11-27,151863.77416666667,41633.13958333333,48751.174999999996,16998.425,42638.572916666664,1842.4641666666666,18.545833333333334,75.375,88.66666666666667,0.16666666666666666,10.345833333333333,80.58333333333333,3.1325000000000003,67.32748245833334,0.0,67.3275,11.5,0.0,11.0,2023.0,0.0,1.5169696502057615,68.8444521085391,9111.826449999999,-9042.98199789146
2023-11-28,155502.53625,42382.17791666667,49910.052083333336,17417.9575,43854.22416666666,1938.1266666666668,17.4375,88.0,50.458333333333336,0.13333333333333333,5.8625,70.125,1.7745833333333332,98.624769625,0.0,98.62470833333333,11.5,1.0,11.0,2023.0,0.0,0.2739037494284407,98.89867337442844,9330.152175,-9231.253501625572
2023-11-29,156909.65,43487.090416666666,49764.19416666666,17983.65625,43699.09333333333,1975.6154166666665,18.491666666666667,79.91666666666667,15.333333333333334,0.016666666666666666,6.308333333333334,133.75,1.8475000000000001,174.412737625,0.0,174.4126666666667,11.5,2.0,11.0,2023.0,0.0,0.0,174.412737625,9414.579,-9240.166262375
2023-11-30,154206.61666666667,42195.83875,49327.299999999996,17957.49,42787.3525,1938.6370833333333,17.8125,83.875,30.416666666666668,0.041666666666666664,7.625,108.0,1.8108333333333333,153.27277554166668,0.0,153.27275,11.5,3.0,11.0,2023.0,0.0,0.0,153.27277554166668,9252.396999999999,-9099.124224458332
2023-12-01,155520.56375,43392.325833333336,48757.12458333333,17491.810416666667,43895.02,1984.2825,18.441666666666666,81.54166666666667,37.708333333333336,0.004166666666666667,6.295833333333333,128.04166666666666,1.8891666666666669,171.402585125,0.0,171.40258333333335,11.5,4.0,12.0,2023.0,0.0,0.0,171.402585125,9331.233825,-9159.831239875
2023-12-02,155378.78291666668,43317.4625,49510.73375000001,17301.4325,43245.46875,2003.6866666666665,18.0625,78.875,2.4583333333333335,0.0,7.070833333333333,135.0,1.93875,175.86827333333335,0.0,175.86825,11.5,5.0,12.0,2023.0,1.0,0.0,175.86827333333335,9322.726975,-9146.858701666666
2023-12-03,148425.33666666667,41471.268749999996,48597.81625,16835.652916666666,39648.317083333335,1872.2829166666668,18.05,74.45833333333333,22.958333333333332,0.004166666666666667,6.825,139.91666666666666,1.0133333333333334,193.59683754166667,0.0,193.59683333333336,11.5,6.0,12.0,2023.0,1.0,0.0,193.59683754166667,8905.5202,-8711.923362458334
2023-12-04,150029.64041666666,41949.72833333333,50441.980416666665,17018.069583333334,38688.98625,1930.8766666666668,17.770833333333332,72.5,21.416666666666668,0.0,7.8625,122.25,2.4779166666666668,167.54688324999998,0.0,167.546875,11.5,0.0,12.0,2023.0,0.0,0.0037962962962962876,167.5506795462963,9001.778424999999,-8834.227745453703
2023-12-05,151167.34541666668,43378.79916666667,51217.138333333336,16930.10583333333,37673.84375,1967.4570833333335,16.575,72.79166666666667,0.0,0.0,8.354166666666666,142.375,2.6758333333333333,200.99181283333334,0.0,200.99183333333335,11.5,1.0,12.0,2023.0,0.0,0.0013074417009602123,200.99312027503427,9070.040725,-8869.047604724967
2023-12-06,154020.75041666665,43970.16458333333,51267.920000000006,16503.618749999998,40308.70916666667,1970.33875,16.429166666666667,75.83333333333333,0.0,0.0,6.983333333333333,144.16666666666666,1.6641666666666666,202.46064170833333,0.0,202.46066666666664,11.5,2.0,12.0,2023.0,0.0,0.0,202.46064170833333,9241.245024999998,-9038.784383291666
2023-12-07,155205.57916666666,43936.838749999995,50541.64166666666,16047.8525,42751.05458333333,1928.1920833333334,16.7,76.54166666666667,0.25,0.0,8.033333333333333,139.58333333333334,2.142916666666667,198.9175830833333,0.0,198.91758333333334,11.5,3.0,12.0,2023.0,0.0,0.00010539551897576178,198.91768847885228,9312.33475,-9113.417061521148
2023-12-08,159272.33916666667,44792.11666666667,52477.06208333333,16780.3475,43339.21166666666,1883.6033333333332,16.474999999999998,74.20833333333333,0.0,0.0,8.558333333333334,142.41666666666666,2.705,203.99144875000002,0.0,203.99145833333333,11.5,4.0,12.0,2023.0,0.0,0.0074110653863740175,203.99885981538637,9556.34035,-9352.341490184614
2023-12-09,158622.06125,44392.324583333335,53163.802083333336,16708.833333333332,42419.72416666667,1937.3779166666666,15.904166666666667,70.25,1.375,0.0,9.733333333333333,143.875,3.22,207.522211125,0.0,207.52224999999999,11.5,5.0,12.0,2023.0,1.0,0.43492209647919555,207.9571332214792,9517.323675,-9309.366541778521
2023-12-10,153742.66583333333,43264.53333333333,52310.06291666667,16153.050000000001,40146.433333333334,1868.58625,15.5625,68.29166666666667,10.875,0.0,11.741666666666667,144.20833333333334,3.4454166666666666,208.88587306666668,0.0,208.88587500000003,11.5,6.0,12.0,2023.0,1.0,5.006109910836764,213.89198297750343,9224.55995,-9010.667967022497
2023-12-11,161297.79125,44986.00291666667,55085.56291666667,16219.9825,43095.82083333333,1910.4241666666667,15.258333333333333,69.375,0.0,0.0,6.179166666666667,142.04166666666666,2.0083333333333333,203.571163375,0.0,203.57116666666664,11.5,0.0,12.0,2023.0,0.0,0.0,203.571163375,9677.867475,-9474.296311625
2023-12-12,164836.055,45530.91625,56485.3125,16883.443333333333,44063.68625,1872.6970833333335,15.608333333333334,70.04166666666667,0.16666666666666666,0.0,6.329166666666667,139.29166666666666,2.0083333333333333,196.84174197083334,0.0,196.84179166666664,11.5,1.0,12.0,2023.0,0.0,0.0,196.84174197083334,9890.1633,-9693.321558029167
2023-12-13,166881.18333333332,46312.70875,56960.729583333334,17098.21625,44583.22541666666,1926.3054166666668,15.916666666666666,66.58333333333333,13.375,0.0,6.858333333333333,139.875,2.294166666666667,200.25357698333335,0.0,200.25354166666668,11.5,2.0,12.0,2023.0,0.0,0.0014727937814357475,200.25504977711478,10012.871000000001,-9812.615950222886
2023-12-14,168134.62708333333,46844.91333333333,57514.54624999999,17169.799583333333,44675.84083333333,1929.5275000000001,14.691666666666668,70.875,52.083333333333336,0.0,10.275,142.125,2.69375,205.30329377916667,0.0,205.3033333333333,11.5,3.0,12.0,2023.0,0.0,0.6058339048925467,205.9091276840592,10088.077625,-9882.16849731594
2023-12-15,169428.7875,47633.8975,57912.15666666667,17093.0575,44833.611666666664,1956.0645833333335,14.191666666666668,70.875,68.75,0.0,6.883333333333333,141.375,1.0912499999999998,201.51526539583332,0.0,201.51529166666668,11.5,4.0,12.0,2023.0,0.0,0.0,201.51526539583332,10165.72725,-9964.211984604166
2023-12-16,168162.67916666667,47329.49958333333,58293.61541666667,16802.850833333334,43730.329999999994,2006.38375,14.5,66.70833333333333,38.541666666666664,0.0,7.9375,138.95833333333334,1.2874999999999999,198.20296498333335,0.0,198.20295833333333,11.5,5.0,12.0,2023.0,1.0,0.0,198.20296498333335,10089.76075,-9891.557785016666
2023-12-17,162330.42916666667,46501.39833333334,56458.46083333334,16444.744583333333,41070.30333333334,1855.5229166666668,15.383333333333333,63.833333333333336,0.0,0.0,8.341666666666667,139.29166666666666,2.3891666666666667,202.80247627083335,0.0,202.80245833333333,11.5,6.0,12.0,2023.0,1.0,0.012440329218106989,202.81491660005145,9739.82575,-9537.010833399949
2023-12-18,166575.53416666665,47896.49208333334,57593.7175,16679.813333333335,42470.14291666667,1935.37125,14.341666666666667,66.79166666666667,0.0,0.0,12.741666666666667,141.83333333333334,4.232083333333333,209.60702912083335,0.0,209.607,11.5,0.0,12.0,2023.0,0.0,11.61815289208962,221.22518201292294,9994.53205,-9773.306867987076
2023-12-19,170129.78958333333,48789.31916666666,58240.69541666666,17413.673749999998,43734.268749999996,1951.8324999999998,14.245833333333332,64.41666666666667,8.291666666666666,0.0,13.254166666666668,144.125,3.8666666666666667,212.3651749958333,0.0,212.36516666666668,11.5,1.0,12.0,2023.0,0.0,3.61669810242341,215.98187309825676,10207.787375,-9991.805501901743
2023-12-20,171899.78958333333,49224.987499999996,58622.46291666667,17508.6825,44573.395,1970.2608333333335,13.65,70.125,88.70833333333333,0.0,8.820833333333333,133.625,2.8074999999999997,201.158320025,0.0,201.15829166666666,11.5,2.0,12.0,2023.0,0.0,0.08163002972107909,201.2399500547211,10313.987374999999,-10112.747424945279
2023-12-21,172332.88999999998,49001.2225,59287.8125,17286.810833333333,44805.29541666667,1951.7470833333334,13.975,74.16666666666667,84.75,0.0,8.5,137.91666666666666,2.7862500000000003,194.87336444583335,0.0,194.87333333333333,11.5,3.0,12.0,2023.0,0.0,0.7512299954275266,195.62459444126088,10339.9734,-10144.348805558739
2023-12-22,174025.82291666666,49362.65666666667,60082.012083333335,17229.007083333334,45410.043333333335,1942.1033333333335,13.883333333333333,75.875,34.791666666666664,0.0,5.591666666666666,140.70833333333334,1.5145833333333334,200.85593836666666,0.0,200.85591666666664,11.5,4.0,12.0,2023.0,0.0,1.9490169181520835e-05,200.85595785683586,10441.549375,-10240.693417143164
2023-12-23,172699.34458333332,48653.61791666667,59672.22791666666,17325.185833333333,45102.95875,1945.35625,16.099999999999998,72.125,22.291666666666668,0.012500000000000002,6.266666666666667,137.625,2.299583333333333,193.7700655041667,0.0,193.77004166666666,11.5,5.0,12.0,2023.0,1.0,0.005799039780521262,193.77586454394716,10361.960675,-10168.184810456052
2023-12-24,165917.72416666665,46853.09666666667,57967.91291666666,16660.12125,42597.95916666667,1838.63375,15.854166666666666,76.33333333333333,4.791666666666667,0.0,5.829166666666667,138.04166666666666,1.9083333333333332,198.21300975,0.0,198.21295833333332,11.5,6.0,12.0,2023.0,1.0,0.0,198.21300975,9955.06345,-9756.850440249998
2023-12-25,169436.37375,47550.292916666665,59241.86375,17154.63666666667,43630.54958333333,1859.0341666666666,15.479166666666666,78.125,0.125,0.0,8.424999999999999,140.33333333333334,2.765,202.86364365416668,0.0,202.86362499999998,11.5,0.0,12.0,2023.0,0.0,0.07269032921810699,202.93633398338477,10166.182424999999,-9963.246091016614
2023-12-26,174129.22375,48377.638333333336,60465.09333333333,17811.829583333336,45597.980416666665,1876.6833333333334,15.370833333333332,75.20833333333333,82.625,0.0,6.366666666666667,132.125,2.2966666666666664,188.06209595833332,0.0,188.06208333333333,11.5,1.0,12.0,2023.0,0.0,0.0,188.06209595833332,10447.753425,-10259.691329041667
2023-12-27,175648.87916666665,48498.942500000005,60767.6575,18123.730416666665,46300.49291666667,1958.0579166666666,14.333333333333334,79.66666666666667,18.083333333333332,0.0,7.341666666666666,140.375,2.16375,201.51639033749998,0.0,201.5164583333333,11.5,2.0,12.0,2023.0,0.0,0.0,201.51639033749998,10538.93275,-10337.416359662499
2023-12-28,176296.06875,48564.95374999999,60749.99625,18341.24125,46723.68958333333,1916.1879166666668,13.987499999999999,84.66666666666667,17.125,0.0,6.991666666666667,134.75,1.5545833333333334,169.198657925,0.0,169.19866666666667,11.5,3.0,12.0,2023.0,0.0,0.0,169.198657925,10577.764125,-10408.565467075
2023-12-29,177356.00833333333,49306.35833333334,60834.5725,18270.093333333334,47092.94875,1852.0337499999998,13.366666666666667,87.25,74.875,0.0,2.908333333333333,118.75,1.4820833333333334,90.06363180416668,0.0,90.06366666666668,11.5,4.0,12.0,2023.0,0.0,0.0,90.06363180416668,10641.3605,-10551.296868195832
2023-12-30,175860.76,49178.7475,60128.24833333333,18010.903333333332,46682.238333333335,1860.62375,12.554166666666667,90.29166666666667,97.29166666666667,0.0,5.004166666666666,107.0,1.17875,98.93493783833333,0.0,98.93491666666667,11.5,5.0,12.0,2023.0,1.0,0.0,98.93493783833333,10551.6456,-10452.710662161666
2023-12-31,170457.03083333335,48136.85833333334,58077.10958333333,17863.232916666668,44518.25833333333,1861.5729166666667,12.708333333333334,83.75,32.0,0.0,4.466666666666667,132.5,1.3504166666666666,140.00192026666667,0.0,140.001875,11.5,6.0,12.0,2023.0,1.0,0.0,140.00192026666667,10227.42185,-10087.419929733333
2024-01-01,170687.43541666667,48822.53291666667,57845.56166666667,17152.745833333334,45064.24125,1802.3566666666666,10.466666666666667,85.125,42.875,0.0,5.483333333333333,123.29166666666667,2.435416666666667,184.36700066458332,0.0,184.367,11.5,0.0,1.0,2024.0,0.0,2.5205761316864406e-05,184.36702587034463,10241.246125,-10056.879099129656
2024-01-02,174276.91083333333,49280.135416666664,59244.401249999995,17005.0025,46920.739583333336,1826.6320833333332,9.104166666666666,85.91666666666667,29.75,0.0,5.5874999999999995,129.70833333333334,2.02875,165.26531986833334,0.0,165.26525,11.5,1.0,1.0,2024.0,0.0,0.0,165.26531986833334,10456.61465,-10291.349330131665
2024-01-03,176752.0675,50498.71208333334,59308.96958333333,17270.364166666666,47756.75875,1917.2645833333333,9.512500000000001,88.625,47.0,0.0,5.508333333333333,113.04166666666667,2.067083333333333,148.44507713875,0.0,148.44508333333332,11.5,2.0,1.0,2024.0,0.0,0.0,148.44507713875,10605.12405,-10456.67897286125
2024-01-04,177128.00708333333,50883.25041666667,59596.581666666665,17522.915416666667,47215.58791666667,1909.6716666666669,11.541666666666666,82.125,35.958333333333336,0.0,6.141666666666667,125.625,1.8187499999999999,124.89735027666666,0.0,124.89733333333334,11.5,3.0,1.0,2024.0,0.0,0.0,124.89735027666666,10627.680425,-10502.783074723333
2024-01-05,177032.84333333335,51537.9125,59018.85291666666,17740.9175,46789.055,1946.1049999999998,11.762500000000001,85.25,58.041666666666664,0.004166666666666667,5.641666666666667,86.91666666666667,1.4966666666666668,96.23874135708333,0.08333333333333333,96.23879166666666,11.5,4.0,1.0,2024.0,0.0,0.0,96.23874135708333,10621.970599999999,-10525.731858642916
2024-01-06,175753.08,51937.793750000004,57939.08708333334,17430.782916666667,46446.92041666667,1998.4970833333334,11.674999999999999,81.54166666666667,63.75,0.0,5.770833333333333,107.04166666666667,1.6554166666666665,153.90551104166667,0.041666666666666664,153.90554166666666,11.5,5.0,1.0,2024.0,1.0,0.0,153.90551104166667,10545.1848,-10391.279288958334
2024-01-07,169323.33291666667,50326.58458333334,56562.605833333335,17200.69875,43278.683750000004,1954.7579166666667,11.466666666666667,80.58333333333333,16.833333333333332,0.0,5.008333333333334,147.0,1.4170833333333333,180.35431792249997,0.0,180.35425,11.5,6.0,1.0,2024.0,1.0,0.0,180.35431792249997,10159.399975,-9979.0456570775
2024-01-08,173651.31916666668,51491.07041666666,58066.30708333334,17722.64,44441.29125,1930.0129166666666,10.9,86.54166666666667,11.25,0.0,6.091666666666666,142.54166666666666,1.2283333333333333,178.80901298166668,0.0,178.809,11.5,0.0,1.0,2024.0,0.0,0.0,178.80901298166668,10419.07915,-10240.270137018333
2024-01-09,174864.78833333333,52014.975,58498.92458333333,17789.170833333334,44604.61083333333,1957.1058333333333,10.783333333333333,86.41666666666667,14.708333333333334,0.0,8.9125,144.91666666666666,2.23375,198.94863688083333,0.0,198.94858333333332,11.5,1.0,1.0,2024.0,0.0,0.062125000000000034,199.01076188083334,10491.8873,-10292.876538119166
2024-01-10,177133.84541666668,53073.14000000001,58623.480416666665,17992.038333333334,45426.692083333335,2018.4945833333334,9.2125,84.5,1.6666666666666667,0.0,12.929166666666667,152.125,3.6070833333333336,216.08818731666668,0.0,216.08820833333334,11.5,2.0,1.0,2024.0,0.0,1.2314953132144493,217.3196826298811,10628.030724999999,-10410.711042370118
2024-01-11,179283.09291666668,53259.826250000006,59536.54125,18183.017916666668,46244.09166666667,2059.616666666667,9.341666666666667,87.70833333333333,25.916666666666668,0.0,9.983333333333333,126.375,3.1179166666666664,193.83291024166667,0.0,193.83291666666665,11.5,3.0,1.0,2024.0,0.0,0.039494055784179215,193.87240429745086,10756.985575,-10563.113170702549
2024-01-12,182307.25,54123.63,60424.22291666667,18554.697083333333,47171.72541666666,2032.97375,10.083333333333334,85.95833333333333,31.083333333333332,0.0,9.645833333333334,139.0,2.737083333333333,217.11949797499997,0.0,217.11950000000002,11.5,4.0,1.0,2024.0,0.0,0.15257413122999544,217.27207210622998,10938.435,-10721.162927893769
2024-01-13,180880.22375,52835.84375,60626.362499999996,18295.705416666668,47099.66291666666,2022.6475,10.358333333333333,84.5,72.29166666666667,0.0,4.595833333333333,116.625,2.0974999999999997,135.47884916666666,0.08333333333333333,135.47883333333334,11.5,5.0,1.0,2024.0,1.0,7.144490169179166e-06,135.47885631115685,10852.813424999998,-10717.334568688842
2024-01-14,171687.23166666666,50954.31458333333,55931.03833333333,18099.207916666666,44770.25833333333,1932.415,9.700000000000001,85.58333333333333,34.958333333333336,0.0,6.8,140.54166666666666,3.0083333333333333,200.79592436583334,0.0,200.795875,11.5,6.0,1.0,2024.0,1.0,0.16753629401005946,200.96346065984338,10301.2339,-10100.270439340156
2024-01-15,174051.43333333332,52599.481250000004,57978.48583333333,18506.86875,43128.2825,1838.31375,8.970833333333333,85.54166666666667,62.166666666666664,0.0,7.641666666666667,143.66666666666666,2.4970833333333333,187.26497047708332,0.0,187.26495833333334,11.5,0.0,1.0,2024.0,0.0,0.0,187.26497047708332,10443.086,-10255.821029522916
2024-01-16,178095.44416666668,53790.15625,60285.07666666667,18534.920416666664,43605.3525,1879.9395833333335,8.970833333333333,85.5,47.541666666666664,0.0,5.491666666666667,139.91666666666666,2.1041666666666665,198.14034270833335,0.041666666666666664,198.14037499999998,11.5,1.0,1.0,2024.0,0.0,0.008422039323273888,198.1487647476566,10685.726649999999,-10487.577885252344
2024-01-17,180825.10583333333,53845.307916666665,61114.55708333334,18417.924166666668,45493.26833333333,1954.0470833333331,9.9,83.91666666666667,3.0416666666666665,0.0,8.112499999999999,160.45833333333334,2.11,224.28512054583334,0.0,224.28508333333332,11.5,2.0,1.0,2024.0,0.0,0.03066352309099221,224.31578406892433,10849.50635,-10625.190565931076
2024-01-18,183039.57583333334,54208.365,61137.739583333336,18103.700833333332,47599.07791666666,1990.6937500000001,11.008333333333333,86.04166666666667,43.458333333333336,0.0,3.283333333333333,131.375,1.1079166666666667,210.73498895416665,0.0,210.73495833333334,11.5,3.0,1.0,2024.0,0.0,0.0,210.73498895416665,10982.37455,-10771.639561045833
2024-01-19,185192.86750000002,54885.643749999996,60938.79624999999,18411.475833333334,48993.5,1963.4516666666666,10.208333333333334,88.75,40.791666666666664,0.0,5.241666666666666,127.58333333333333,1.4204166666666664,199.57079121666666,0.0,199.570875,11.5,4.0,1.0,2024.0,0.0,0.0,199.57079121666666,11111.57205,-10912.001258783332
2024-01-20,185138.37,55227.17458333333,61044.02875,18521.893333333333,48393.07916666666,1952.1920833333334,9.604166666666666,88.25,31.833333333333332,0.0,6.2124999999999995,140.625,1.2641666666666667,194.93452541458336,0.0,194.93454166666666,11.5,5.0,1.0,2024.0,1.0,0.0,194.93452541458336,11108.3022,-10913.367674585415
2024-01-21,179752.485,53619.927083333336,59383.325833333336,18195.024583333336,46624.47,1929.7370833333334,9.045833333333333,89.375,49.291666666666664,0.0,9.870833333333334,135.66666666666666,3.2358333333333333,230.42128579583334,0.0,230.42125,11.5,6.0,1.0,2024.0,1.0,2.1634398148148146,232.58472561064818,10785.1491,-10552.56437438935
2024-01-22,183153.2091666667,55004.10291666666,58869.855,18284.426666666666,49023.8125,1971.0091666666667,9.266666666666667,86.08333333333333,51.5,0.0,4.470833333333333,142.08333333333334,1.4416666666666667,201.2661857208333,0.0,201.26616666666666,11.5,0.0,1.0,2024.0,0.0,0.0,201.2661857208333,10989.19255,-10787.926364279167
2024-01-23,184061.1345833333,53840.60333333333,60479.47125,18353.107083333332,49427.465416666666,1960.4883333333335,10.454166666666667,88.08333333333333,47.541666666666664,0.0,5.908333333333334,144.375,2.419583333333333,194.969694625,0.0,194.96966666666665,11.5,1.0,1.0,2024.0,0.0,0.06796816415180615,195.0376627891518,11043.668075,-10848.630412210847
2024-01-24,185502.01124999998,53992.52875,60931.025,18555.5675,50058.057499999995,1964.8345833333333,11.308333333333332,84.16666666666667,16.833333333333332,0.0,6.5625,158.75,1.8504166666666668,208.57902884,0.0,208.57899999999998,11.5,2.0,1.0,2024.0,0.0,0.0,208.57902884,11130.120674999998,-10921.54164616
2024-01-25,186229.03916666668,54666.854583333334,60811.67791666667,18437.982500000002,50373.97625,1938.5470833333331,10.208333333333334,87.91666666666667,79.20833333333333,0.0,5.6499999999999995,143.375,1.5441666666666667,186.52315863333334,0.0,186.5231666666667,11.5,3.0,1.0,2024.0,0.0,0.0,186.52315863333334,11173.74235,-10987.219191366667
2024-01-26,178683.56958333333,53245.95416666666,57627.613333333335,18308.605,47621.63625,1879.75875,11.466666666666667,83.875,86.375,0.0,5.770833333333333,160.375,1.3341666666666667,210.05425510416669,0.0,210.05429166666667,11.5,4.0,1.0,2024.0,0.0,0.0,210.05425510416669,10721.014174999998,-10510.959919895833
2024-01-27,180811.0925,52120.88333333333,59724.34875,18642.14375,48416.04541666667,1907.6695833333333,12.508333333333333,76.66666666666667,12.083333333333334,0.0,11.799999999999999,169.29166666666666,3.5908333333333338,228.52490397083332,0.0,228.52491666666666,11.5,5.0,1.0,2024.0,1.0,8.058296639231823,236.58320061006518,10848.66555,-10612.082349389935
2024-01-28,179405.47833333336,52008.44708333333,60297.14625,18417.592916666665,46784.8525,1897.4379166666668,13.816666666666668,79.08333333333333,99.54166666666667,0.0,8.083333333333334,133.29166666666666,2.62375,145.10399473750002,0.0,145.10395833333334,11.5,6.0,1.0,2024.0,1.0,0.01763500228623684,145.12162973978624,10764.3287,-10619.207070260212
2024-01-29,184434.80541666667,52585.59291666667,61786.56375,19002.8225,49122.24166666667,1937.5858333333333,14.566666666666668,85.20833333333333,6.083333333333333,0.0,8.299999999999999,165.20833333333334,2.17125,217.10450575000002,0.0,217.10445833333333,11.5,0.0,1.0,2024.0,0.0,0.011151806127114776,217.1156575561271,11066.088324999999,-10848.972667443873
2024-01-30,184991.1475,52056.722083333334,62022.255,19075.374166666665,49943.085,1893.7129166666666,13.820833333333333,89.45833333333333,51.333333333333336,0.0,6.5,150.79166666666666,1.4337499999999999,210.0054023375,0.0,210.0053333333333,11.5,1.0,1.0,2024.0,0.0,0.0,210.0054023375,11099.46885,-10889.4634476625
2024-01-31,183241.34666666668,50163.86375,61625.901249999995,18735.185416666667,50785.63041666666,1930.7645833333333,14.0625,91.79166666666667,83.20833333333333,0.375,8.233333333333333,106.16666666666667,2.7416666666666667,116.52525106666667,0.0,116.52525000000001,11.5,2.0,1.0,2024.0,0.0,0.2622319958847736,116.78748306255146,10994.4808,-10877.693316937448
2024-02-01,178967.47041666668,46335.78083333333,61254.910833333335,18314.574583333335,51112.74,1949.4654166666667,15.387500000000001,86.20833333333333,32.875,1.25,13.204166666666666,120.58333333333333,3.2725000000000004,158.03619898333332,0.0,158.03620833333332,11.5,3.0,2.0,2024.0,0.0,3.306745656149978,161.3429446394833,10738.048225,-10576.705280360517
2024-02-02,182777.97041666668,49302.74625,61593.53833333333,18472.77625,51510.48166666667,1898.4262500000002,13.0,84.0,34.291666666666664,0.0,9.845833333333333,168.95833333333334,3.1370833333333334,193.534668375,0.041666666666666664,193.53466666666668,11.5,4.0,2.0,2024.0,0.0,1.9093431069958846,195.4440114819959,10966.678224999998,-10771.234213518004
2024-02-03,181414.33125000002,49063.067083333335,61503.06125,18270.484166666665,50750.142499999994,1827.57625,14.104166666666666,69.95833333333333,63.291666666666664,0.0,7.8875,152.41666666666666,2.2083333333333335,206.52713676666667,0.0,206.52712499999998,11.5,5.0,2.0,2024.0,1.0,0.006075160036579787,206.53321192670322,10884.859875,-10678.326663073296
2024-02-04,172957.45249999998,45217.02333333334,60302.77166666667,17812.413333333334,47775.14166666666,1850.1025,16.0125,84.83333333333333,70.95833333333333,0.29583333333333334,8.0,105.33333333333333,2.2725,100.98874888124999,0.0,100.98883333333333,11.5,6.0,2.0,2024.0,1.0,0.03344090077732053,101.02218978202733,10377.44715,-10276.424960217972
2024-02-05,178044.19416666668,45573.440833333334,61958.105416666665,17831.30791666667,50743.49625,1937.8445833333335,15.170833333333334,82.70833333333333,37.333333333333336,0.08750000000000001,8.804166666666665,161.125,3.190416666666667,181.91443533333333,0.041666666666666664,181.91445833333333,11.5,0.0,2.0,2024.0,0.0,0.09296679240969363,182.00740212574303,10682.65165,-10500.644247874256
2024-02-06,182590.27208333334,47516.29125,63065.33375,18376.4225,51635.43666666667,1996.78875,12.179166666666667,74.95833333333333,18.916666666666668,0.0,9.820833333333333,188.95833333333334,3.6525,239.3002777083333,0.0,239.30029166666668,11.5,1.0,2.0,2024.0,0.0,4.825060642432557,244.1253383507659,10955.416325,-10711.290986649234
2024-02-07,183705.42958333332,48051.00958333333,62931.965416666666,18163.095,52434.950000000004,2124.40875,12.520833333333334,65.625,33.041666666666664,0.0,13.941666666666668,185.79166666666666,4.31625,237.54091176249997,0.0,237.54091666666667,11.5,2.0,2.0,2024.0,0.0,10.839488911751259,248.38040067425126,11022.325775,-10773.945374325749
2024-02-08,184475.35291666666,48272.582916666666,62711.85958333333,18260.347916666666,53212.34375,2018.2204166666668,13.083333333333334,63.708333333333336,19.375,0.0,19.837500000000002,192.20833333333334,5.260833333333333,248.35628662500002,0.0,248.3563333333333,11.5,3.0,2.0,2024.0,0.0,42.80264517604024,291.15893180104024,11068.521175,-10777.362243198959
2024-02-09,185591.71333333335,49365.769166666665,62286.8825,18520.722083333334,53379.89625,2038.4425,13.383333333333333,65.95833333333333,0.0,0.0,10.695833333333333,194.20833333333334,2.01625,238.71090117916665,0.0,238.71091666666666,11.5,4.0,2.0,2024.0,0.0,0.2356028235025148,238.94650400266917,11135.5028,-10896.55629599733
2024-02-10,184463.66041666665,49504.81166666667,61720.90125,18494.91125,52705.48416666666,2037.5533333333333,13.158333333333333,77.83333333333333,20.0,0.0,7.341666666666666,177.375,1.6245833333333335,235.93073102916665,0.0,235.93075,11.5,5.0,2.0,2024.0,1.0,0.0,235.93073102916665,11067.819624999998,-10831.888893970832
2024-02-11,176915.4833333333,47914.604583333334,59477.37458333333,18018.31125,49554.173749999994,1951.0183333333334,14.141666666666666,75.04166666666667,0.041666666666666664,0.0,7.6625000000000005,194.29166666666666,2.152083333333333,235.13799433333335,0.0,235.138,11.5,6.0,2.0,2024.0,1.0,0.0,235.13799433333335,10614.929,-10379.791005666666
2024-02-12,181741.58541666667,49235.23708333333,60584.486666666664,18314.164166666666,51615.807499999995,1991.8875,14.308333333333332,74.875,66.04166666666667,0.0,6.7,170.875,1.0483333333333333,190.12420866666665,0.0,190.1241666666667,11.5,0.0,2.0,2024.0,0.0,0.0,190.12420866666665,10904.495125,-10714.370916333333
2024-02-13,183921.06625,49396.98291666667,61346.83458333334,18206.2575,52881.50125,2089.490416666667,14.941666666666668,73.04166666666667,84.58333333333333,0.0,6.254166666666666,160.875,1.32375,199.5041993125,0.0,199.5042083333333,11.5,1.0,2.0,2024.0,0.0,0.0,199.5041993125,11035.263975,-10835.759775687498
2024-02-14,184306.60041666668,49540.50083333333,61044.486666666664,18240.21375,53400.81958333333,2080.5779166666666,15.833333333333334,74.08333333333333,19.791666666666668,0.0,8.8375,197.20833333333334,2.7983333333333333,231.50413060416668,0.0,231.5042083333333,11.5,2.0,2.0,2024.0,0.0,0.007754401005944202,231.51188500517262,11058.396025,-10826.884139994827
2024-02-15,184363.2929166667,49403.893749999996,61563.46291666667,18405.914166666666,52933.2875,2056.7329166666664,15.862499999999999,68.70833333333333,0.0,0.0,9.504166666666666,200.91666666666666,1.9970833333333333,236.33527366666667,0.0,236.33520833333333,11.5,3.0,2.0,2024.0,0.0,0.0,236.33527366666667,11061.797574999999,-10825.462301333333
2024-02-16,185797.34333333335,49889.42125000001,61946.190833333334,18699.444583333334,53226.927083333336,2035.3608333333334,15.683333333333335,64.0,0.0,0.0,8.799999999999999,206.58333333333334,1.9541666666666666,240.13744920833335,0.0,240.13745833333334,11.5,4.0,2.0,2024.0,0.0,0.0,240.13744920833335,11147.840599999998,-10907.703150791667
2024-02-17,184803.75333333333,49088.99291666667,62228.68333333333,18506.170000000002,52939.581249999996,2040.3266666666668,16.229166666666668,60.958333333333336,1.5416666666666667,0.0,11.354166666666666,208.20833333333334,2.785,239.64382179166668,0.0,239.64383333333333,11.5,5.0,2.0,2024.0,1.0,3.0085839620484687,242.65240575371513,11088.2252,-10845.572794246285
2024-02-18,177461.375,46445.47833333333,60561.35791666667,18114.330416666668,50399.987916666665,1940.2229166666666,18.650000000000002,58.708333333333336,58.958333333333336,0.0,9.804166666666667,201.33333333333334,3.487083333333333,223.87195720833333,0.0,223.8719583333333,11.5,6.0,2.0,2024.0,1.0,0.5420460105166897,224.41400321885,10647.6825,-10423.26849678115
2024-02-19,180470.4520833333,44691.86708333334,61782.18833333333,18775.01875,53186.143749999996,2035.2341666666669,20.375,60.958333333333336,17.541666666666668,0.0,20.4375,197.25,4.37375,224.02799833333333,0.0,224.028,11.5,0.0,2.0,2024.0,0.0,31.120310128029264,255.1483084613626,10828.227125,-10573.078816538638
2024-02-20,184171.1133333333,45970.24166666667,62559.21916666667,19033.262916666667,54609.37458333333,1999.0166666666667,20.216666666666665,66.16666666666667,16.708333333333332,0.008333333333333333,10.15,193.75,2.341666666666667,184.56320191666669,0.0,184.5631666666667,11.5,1.0,2.0,2024.0,0.0,0.0012490855052583335,184.56445100217192,11050.2668,-10865.702348997827
2024-02-21,184439.9491666667,46682.59125,62177.33416666667,18726.795416666668,54889.739166666666,1963.4870833333334,18.474999999999998,57.958333333333336,5.625,0.0,10.012500000000001,211.20833333333334,2.748333333333333,236.10007479166666,0.0,236.10012500000002,11.5,2.0,2.0,2024.0,0.0,0.02403143575674438,236.12410622742343,11066.39695,-10830.272843772576
2024-02-22,186205.2125,48176.74333333334,62136.393749999996,18736.56,55254.11083333333,1901.4041666666665,17.425,51.375,11.75,0.0,10.75,210.58333333333334,2.982083333333333,233.62270225,0.0,233.62275,11.5,3.0,2.0,2024.0,0.0,0.452334247828075,234.07503649782805,11172.31275,-10938.237713502172
2024-02-23,188555.05166666667,49957.17333333333,61882.575833333336,18873.91125,55887.317500000005,1954.0729166666667,15.641666666666667,47.75,0.0,0.0,9.975,218.54166666666666,3.157083333333333,246.53479374999998,0.0,246.53483333333335,11.5,4.0,2.0,2024.0,0.0,0.5320005144032923,247.06679426440328,11313.3031,-11066.236305735596
2024-02-24,187272.76375,49737.98374999999,61176.638333333336,18831.895416666666,55571.74208333334,1954.50125,16.216666666666665,45.291666666666664,27.75,0.0,7.075,191.08333333333334,2.2958333333333334,211.60125374999998,0.0,211.60125000000002,11.5,5.0,2.0,2024.0,1.0,0.050157521719250094,211.65141127171924,11236.365825,-11024.714413728281
2024-02-25,180169.81999999998,48913.25125,59289.32166666666,18073.0,51954.693333333336,1939.5529166666665,17.337500000000002,38.916666666666664,44.625,0.0,8.483333333333333,207.58333333333334,2.6925000000000003,231.86041508333335,0.0,231.86033333333333,11.5,6.0,2.0,2024.0,1.0,0.025369341563786008,231.8857844248971,10810.189199999999,-10578.303415575103
2024-02-26,184500.39541666667,49357.800416666665,60964.71,18418.28875,53827.25166666667,1932.3462499999998,17.587500000000002,45.708333333333336,87.54166666666667,0.0,7.545833333333333,164.375,3.0620833333333333,188.544705375,0.0,188.54470833333335,11.5,0.0,2.0,2024.0,0.0,8.73964866255144,197.28435403755145,11070.023725,-10872.739370962448
2024-02-27,185205.32041666668,48904.06458333333,60365.856250000004,18688.684583333332,55267.81958333333,1978.8945833333335,18.054166666666667,46.041666666666664,48.041666666666664,0.0375,10.270833333333334,191.08333333333334,3.6008333333333336,207.77856269583333,0.0,207.77854166666668,11.5,1.0,2.0,2024.0,0.0,3.166998628257888,210.94556132409124,11112.319225,-10901.373663675908
2024-02-28,185292.54374999998,48618.33833333334,60255.72625,18769.969166666666,55666.20208333334,1982.3054166666668,17.316666666666666,57.041666666666664,0.0,0.0,13.195833333333333,222.5,3.779166666666667,243.29317179166665,0.0,243.293125,11.5,2.0,2.0,2024.0,0.0,3.8201029378143576,247.113274729481,11117.552624999998,-10870.439350270519
2024-02-29,187348.75208333333,48699.23,61607.9975,19192.18,55847.96166666667,2001.3804166666669,18.383333333333333,56.416666666666664,3.2083333333333335,0.0,11.170833333333334,226.45833333333334,3.129583333333333,241.5588518333333,0.0,241.55887500000003,11.5,3.0,2.0,2024.0,0.0,1.361352937814357,242.9202047711477,11240.925125,-10998.004920228852
2024-03-01,185526.15625,46807.074166666665,61211.28166666667,19384.27375,56151.730833333335,1971.7958333333333,20.066666666666666,59.916666666666664,90.66666666666667,0.07083333333333333,7.375,165.04166666666666,3.8387499999999997,193.16803291666668,0.0,193.16808333333333,11.5,4.0,3.0,2024.0,0.0,7.1265737882944675,200.29460670496113,11131.569375,-10931.274768295038
2024-03-02,175646.4258333333,39838.99041666667,58431.105416666665,19598.2275,55782.09125,1996.0108333333335,19.825,74.08333333333333,82.5,0.2708333333333333,21.1875,150.29166666666666,4.335416666666666,174.3112808333333,0.041666666666666664,174.31133333333332,11.5,5.0,3.0,2024.0,1.0,27.666473879743936,201.97775471307727,10538.785549999999,-10336.807795286923
2024-03-03,167797.70833333334,39165.68958333333,54823.71833333333,18781.497916666667,53150.13,1876.6725,17.6375,70.20833333333333,22.625,0.43333333333333335,9.404166666666667,222.5,2.5941666666666667,208.36022991666667,0.0,208.3602083333333,11.5,6.0,3.0,2024.0,1.0,0.5336344307270234,208.89386434739367,10067.8625,-9858.968635652605
2024-03-04,177316.71166666667,43489.73708333333,57327.17333333333,18593.09875,56022.43666666667,1884.2658333333336,15.808333333333332,62.083333333333336,43.208333333333336,0.0,10.233333333333333,237.41666666666666,3.15625,244.64724879166667,0.0,244.64720833333334,11.5,0.0,3.0,2024.0,0.0,0.4283946616369457,245.07564345330363,10639.0027,-10393.927056546696
2024-03-05,181559.6875,44989.260416666664,58523.855833333335,19230.881666666664,56916.668750000004,1899.0200000000002,14.683333333333332,54.25,39.625,0.0,11.554166666666667,237.54166666666666,3.5870833333333336,249.82017333333332,0.0,249.82016666666667,11.5,1.0,3.0,2024.0,0.0,2.0490021719250113,251.86917550525834,10893.58125,-10641.71207449474
2024-03-06,183161.30541666667,45686.89166666666,58808.90458333333,19555.32875,57145.432916666665,1964.7462500000001,15.120833333333332,56.166666666666664,59.916666666666664,0.0,10.25,189.75,3.282083333333333,232.5634364166667,0.0,232.56341666666665,11.5,2.0,3.0,2024.0,0.0,0.42608499085505275,232.98952140752172,10989.678325,-10756.688803592477
2024-03-07,185584.05500000002,45952.12875,59911.62125,20169.41,57532.66208333333,2018.23125,17.1375,56.041666666666664,2.625,0.0,9.9625,230.66666666666666,2.7116666666666664,243.40811841666667,0.0,243.408125,11.5,3.0,3.0,2024.0,0.0,0.0011769547325102792,243.40929537139917,11135.0433,-10891.6340046286
2024-03-08,185471.16833333333,46210.38125,59565.760416666664,20154.3825,57533.60999999999,2007.03625,17.916666666666668,52.583333333333336,0.0,0.0,11.741666666666667,239.20833333333334,3.3525000000000005,246.39042729166667,0.0,246.39045833333333,11.5,4.0,3.0,2024.0,0.0,0.4004929698216737,246.7909202614883,11128.2701,-10881.479179738511
2024-03-09,184651.81916666668,45953.96875,59894.98458333333,20126.890416666665,56640.89875,2035.0770833333333,17.891666666666666,50.083333333333336,43.125,0.0,11.795833333333334,244.29166666666666,3.7458333333333336,251.93369983333332,0.0,251.93366666666668,11.5,5.0,3.0,2024.0,1.0,4.909652377686328,256.84335221101963,11079.109149999998,-10822.26579778898
2024-03-10,179732.91416666668,44445.27208333334,59328.88333333333,19925.904583333333,54099.69375,1933.1625000000001,19.241666666666667,51.041666666666664,78.125,0.0,9.045833333333333,234.375,2.7624999999999997,233.3544604583333,0.0,233.35445833333335,11.5,6.0,3.0,2024.0,1.0,0.0023641403749428305,233.35682459870827,10783.97485,-10550.618025401292
2024-03-11,187630.60208333333,46214.293750000004,61853.192500000005,20435.806666666667,57119.15666666667,2008.1529166666667,22.291666666666668,46.625,23.333333333333332,0.0,7.8,236.29166666666666,2.2270833333333333,235.40025375000002,0.0,235.40025,11.5,0.0,3.0,2024.0,0.0,0.0,235.40025375000002,11257.836125,-11022.435871249998
2024-03-12,192038.61250000002,47787.70375000001,63076.394166666665,20846.826666666668,58290.527916666666,2037.1616666666666,21.958333333333332,46.541666666666664,2.625,0.0,11.758333333333333,241.41666666666666,3.0170833333333333,226.30672725,0.0,226.30675,11.5,1.0,3.0,2024.0,0.0,0.18787025605852767,226.49459750605854,11522.31675,-11295.822152493942
2024-03-13,192795.6525,47529.24166666667,63053.31458333333,21493.440416666668,58680.692500000005,2038.96125,21.391666666666666,52.291666666666664,8.0,0.008333333333333333,8.366666666666665,226.625,3.2312499999999997,210.35426741666666,0.0,210.35424999999998,11.5,2.0,3.0,2024.0,0.0,0.7735586419753088,211.12782605864197,11567.73915,-11356.611323941359
2024-03-14,193664.585,47991.14958333334,63245.62791666667,21621.407916666667,58714.918333333335,2091.4787499999998,21.583333333333332,52.708333333333336,4.208333333333333,0.0,10.3375,242.20833333333334,3.3033333333333332,225.91248708333333,0.0,225.91245833333335,11.5,3.0,3.0,2024.0,0.0,0.3259537037037037,226.238440787037,11619.8751,-11393.636659212963
2024-03-15,195238.94291666665,49238.67791666667,63023.59291666667,21934.69,58993.15,2048.8325,20.3125,42.875,12.625,0.0,12.512500000000001,254.625,3.9583333333333335,254.55669887500002,0.0,254.55670833333332,11.5,4.0,3.0,2024.0,0.0,5.730754000914495,260.2874528759145,11714.336575,-11454.049122124083
2024-03-16,193291.81916666668,49493.927083333336,62672.674166666664,21299.115416666667,57740.84291666667,2085.2604166666665,19.670833333333334,44.541666666666664,38.75,0.0,8.558333333333334,249.625,2.6566666666666667,242.08633783333332,0.0,242.086375,11.5,5.0,3.0,2024.0,1.0,0.014783493369913121,242.10112132670324,11597.50915,-11355.408028673295
2024-03-17,184327.90541666665,48459.579999999994,59854.222083333334,20008.664583333335,53980.354166666664,2025.0841666666665,20.5625,46.041666666666664,49.916666666666664,0.0,9.137500000000001,245.54166666666666,2.8275,232.42678608333333,0.0,232.42683333333332,11.5,6.0,3.0,2024.0,1.0,0.005106767261088227,232.4318928505944,11059.674325,-10827.242432149405
2024-03-18,190579.5575,49588.777916666666,61268.537083333336,20985.489166666666,56595.93041666667,2140.82375,20.662499999999998,48.416666666666664,12.0,0.0,8.700000000000001,259.125,3.0841666666666665,247.4127139166667,0.0,247.4127083333333,11.5,0.0,3.0,2024.0,0.0,0.20699634202103345,247.61971025868772,11434.77345,-11187.153739741312
2024-03-19,190360.5820833333,50098.738333333335,60560.14208333333,20584.134583333333,56926.49958333333,2191.06625,21.545833333333334,45.208333333333336,2.7916666666666665,0.0,8.7125,254.75,3.1533333333333338,243.19137279166668,0.0,243.19129166666664,11.5,1.0,3.0,2024.0,0.0,2.075653806584362,245.26702659825105,11421.634924999998,-11176.367898401748
2024-03-20,186002.27000000002,49850.62416666667,60230.97791666666,17401.62875,56517.807499999995,2001.2329166666666,23.266666666666666,44.125,4.291666666666667,0.0,7.983333333333333,258.2083333333333,2.2883333333333336,242.67160491666667,0.0,242.67158333333336,11.5,2.0,3.0,2024.0,0.0,1.5432098765431797e-06,242.67160645987656,11160.1362,-10917.464593540122
2024-03-21,185902.13916666666,48268.925833333335,61873.32833333333,17433.57416666667,56374.49083333334,1951.8195833333332,22.729166666666668,54.791666666666664,43.041666666666664,0.0,12.6625,250.125,3.2879166666666664,234.09468333333334,0.0,234.09466666666665,11.5,3.0,3.0,2024.0,0.0,0.8774223251028808,234.97210565843622,11154.128349999999,-10919.156244341562
2024-03-22,190060.5770833333,48806.72291666667,62748.66458333333,19158.452083333334,57427.99333333334,1918.7437499999999,24.787499999999998,51.208333333333336,2.6666666666666665,0.0,9.375,252.95833333333334,3.141666666666667,236.37529500000002,0.0,236.37529166666664,11.5,4.0,3.0,2024.0,0.0,0.21692226794695924,236.59221726794695,11403.634624999999,-11167.042407732051
2024-03-23,190605.03833333333,48948.35041666666,62754.02375,19906.791666666668,57019.62791666667,1976.2445833333334,25.72083333333333,45.541666666666664,6.875,0.0,11.058333333333332,259.375,3.9725,241.54912725,0.0,241.549125,11.5,5.0,3.0,2024.0,1.0,26.69486008230452,268.2439873323045,11436.302300000001,-11168.058312667694
2024-03-24,181023.6575,45107.84625,60059.958333333336,19904.970833333333,54093.862916666665,1857.0175,24.433333333333334,44.75,73.25,0.004166666666666667,13.204166666666666,197.16666666666666,2.7070833333333333,179.84170404166665,0.0,179.84166666666667,11.5,6.0,3.0,2024.0,1.0,0.2659223822588021,180.10762642392547,10861.41945,-10681.311823576074
2024-03-25,168606.47083333333,40089.26416666667,53231.36041666666,18755.810416666667,54609.887500000004,1920.1479166666668,25.045833333333334,47.208333333333336,2.9583333333333335,0.0,11.862499999999999,259.2083333333333,4.005833333333333,240.44236225,0.0,240.44233333333332,11.5,0.0,3.0,2024.0,0.0,13.750682727480566,254.19304497748055,10116.38825,-9862.195205022519
2024-03-26,178914.56041666667,43303.355,58990.698333333334,18702.624166666665,56158.013333333336,1759.868333333333,26.037499999999998,42.125,76.20833333333333,0.0,9.870833333333334,214.29166666666666,2.9583333333333335,226.15331875,0.0,226.15324999999999,11.5,1.0,3.0,2024.0,0.0,3.777453646547782,229.93077239654778,10734.873625,-10504.942852603452
2024-03-27,191493.71,47465.93875,63742.13916666667,21038.02625,57274.16083333333,1973.4433333333334,28.458333333333332,40.666666666666664,34.041666666666664,0.0,8.691666666666666,232.45833333333334,2.7720833333333332,228.2592425,0.0,228.2592083333333,11.5,2.0,3.0,2024.0,0.0,2.176224165523548,230.43546666552356,11489.6226,-11259.187133334475
2024-03-28,197465.08583333332,49528.20166666667,65562.02916666666,22290.534166666668,58128.629583333335,1955.6916666666666,29.05,40.958333333333336,93.25,0.0,8.9125,243.41666666666666,2.5470833333333336,206.70079758333335,0.0,206.70075,11.5,3.0,3.0,2024.0,0.0,0.45938283036122524,207.16018041369455,11847.905149999999,-11640.744969586305
2024-03-29,199557.2979166667,50636.055,65354.30458333334,23236.18416666667,58194.26666666666,2136.4904166666665,28.2,45.625,95.125,0.0,8.570833333333333,233.875,2.2079166666666667,221.46737167625,0.0,221.46737499999998,11.5,4.0,3.0,2024.0,0.0,0.05358830589849108,221.5209599821485,11973.437874999998,-11751.916915017851
2024-03-30,196642.55916666667,48701.94458333333,64054.442500000005,24004.972916666666,57695.81166666667,2185.3866666666668,28.46666666666667,39.0,32.291666666666664,0.0,12.433333333333332,247.33333333333334,3.5966666666666662,224.21875364583335,0.0,224.21875,11.5,5.0,3.0,2024.0,1.0,8.270735139460447,232.4894887852938,11798.553549999999,-11566.064061214705
2024-03-31,188246.86750000002,47812.53041666667,61412.363333333335,22285.84,54865.63125,1870.5016666666668,27.40833333333333,36.333333333333336,2.25,0.0,12.095833333333333,257.5833333333333,3.997916666666667,237.51820009583332,0.0,237.51816666666664,11.5,6.0,3.0,2024.0,1.0,4.56887454275263,242.08707463858596,11294.81205,-11052.724975361414
2024-04-01,185528.82499999998,46807.074166666665,61211.28166666667,19384.27375,56151.730833333335,1974.4650000000001,24.875,38.333333333333336,66.91666666666667,0.0,13.7875,242.95833333333334,4.615,224.7585086833333,0.0,224.7585,11.5,0.0,4.0,2024.0,0.0,32.25847227937815,257.0169809627115,11131.7295,-10874.712519037288
2024-04-02,175648.43041666667,39838.99041666667,58431.105416666665,19598.2275,55782.09125,1998.0154166666669,25.379166666666666,33.125,54.291666666666664,0.0,12.65,264.4166666666667,3.83375,241.97358881666665,0.0,241.97358333333332,11.5,1.0,4.0,2024.0,0.0,8.836140146319158,250.80972896298582,10538.905825,-10288.096096037014
2024-04-03,167839.60666666666,39165.68958333333,54823.71833333333,18781.497916666667,53150.13,1918.5708333333332,28.362499999999997,24.291666666666668,74.0,0.0,7.729166666666667,247.95833333333334,1.74,212.68220782499998,0.0,212.6821666666667,11.5,2.0,4.0,2024.0,0.0,0.0,212.68220782499998,10070.3764,-9857.694192174999
2024-04-04,177378.8895833333,43489.73708333333,57327.17333333333,18593.09875,56022.43666666667,1946.4445833333332,29.183333333333334,25.75,69.41666666666667,0.0,10.924999999999999,262.2083333333333,2.4929166666666664,223.91885995833334,0.0,223.91891666666666,11.5,3.0,4.0,2024.0,0.0,0.38309310699588495,224.30195306532923,10642.733375,-10418.43142193467
2024-04-05,181546.69874999998,44989.260416666664,58523.855833333335,19230.881666666664,56916.668750000004,1886.0333333333335,28.270833333333332,24.375,80.20833333333333,0.0,14.995833333333332,214.70833333333334,3.5654166666666662,202.7085991875,0.0,202.70866666666666,11.5,4.0,4.0,2024.0,0.0,2.8380943072702336,205.54669349477024,10892.801925,-10687.255231505229
2024-04-06,183171.72,45686.89166666666,58808.90458333333,19555.32875,57145.432916666665,1975.1625000000001,27.308333333333334,21.208333333333332,0.375,0.0,12.054166666666667,276.75,3.545833333333333,244.83603825,0.0,244.83608333333333,11.5,5.0,4.0,2024.0,1.0,2.586922610882487,247.4229608608825,10990.3032,-10742.880239139116
2024-04-07,185571.16125,45952.12875,59911.62125,20169.41,57532.66208333333,2005.33875,26.895833333333332,20.583333333333332,0.0,0.0,11.737499999999999,283.125,3.29625,247.02205539583335,0.0,247.02200000000002,11.5,6.0,4.0,2024.0,1.0,6.581199074074074,253.6032544699074,11134.269674999998,-10880.666420530091
2024-04-08,185476.58583333332,46210.38125,59565.760416666664,20154.3825,57533.60999999999,2012.4508333333333,28.004166666666666,19.75,2.5833333333333335,0.0,10.012500000000001,277.7916666666667,3.0308333333333333,238.94661215458333,0.0,238.94654166666666,11.5,0.0,4.0,2024.0,0.0,3.0596387174211244,242.00625087200444,11128.59515,-10886.588899127995
2024-04-09,184634.0625,45953.96875,59894.98458333333,20126.890416666665,56640.89875,2017.32,28.979166666666668,18.041666666666668,50.375,0.0,8.191666666666666,263.9583333333333,2.736666666666667,211.002357025,0.0,211.00233333333333,11.5,1.0,4.0,2024.0,0.0,0.2571183127572017,211.2594753377572,11078.043749999999,-10866.784274662243
2024-04-10,179718.64083333334,44445.27208333334,59328.88333333333,19925.904583333333,54099.69375,1918.8883333333333,28.929166666666664,21.0,13.791666666666666,0.0,8.004166666666666,264.5,2.4570833333333333,233.9492534075,0.0,233.94925,11.5,2.0,4.0,2024.0,0.0,1.4277320530406945,235.3769854605407,10783.11845,-10547.741464539458
2024-04-11,187627.27041666667,46214.293750000004,61853.192500000005,20435.806666666667,57119.15666666667,2004.8191666666664,29.983333333333334,21.25,15.208333333333334,0.0,7.791666666666667,269.375,1.8295833333333331,229.76963793666667,0.0,229.76958333333334,11.5,3.0,4.0,2024.0,0.0,0.02130406950160037,229.79094200616828,11257.636225,-11027.845282993832
2024-04-12,192072.03125,47787.70375000001,63076.394166666665,20846.826666666668,58290.527916666666,2070.579166666667,30.53333333333333,20.916666666666668,62.083333333333336,0.0,7.9624999999999995,268.1666666666667,1.635,230.82904290625,0.0,230.82904166666665,11.5,4.0,4.0,2024.0,0.0,0.0,230.82904290625,11524.321875,-11293.492832093749
2024-04-13,192806.71041666667,47529.24166666667,63053.31458333333,21493.440416666668,58680.692500000005,2050.0204166666667,30.866666666666664,26.958333333333332,73.125,0.049999999999999996,11.7125,247.625,2.942083333333333,211.30216179166666,0.0,211.30212500000002,11.5,5.0,4.0,2024.0,1.0,0.6005020576131687,211.90266384927983,11568.402625,-11356.499961150721
2024-04-14,193625.73666666666,47991.14958333334,63245.62791666667,21621.407916666667,58714.918333333335,2052.63125,27.545833333333334,44.916666666666664,91.25,0.020833333333333332,9.950000000000001,167.04166666666666,1.7149999999999999,196.77098861666664,0.0,196.771,11.5,6.0,4.0,2024.0,1.0,0.008999999999999987,196.77998861666666,11617.544199999998,-11420.764211383334
2024-04-15,195227.53041666665,49238.67791666667,63023.59291666667,21934.69,58993.15,2037.41875,28.816666666666666,47.666666666666664,95.41666666666667,0.05416666666666667,8.458333333333334,223.79166666666666,3.1824999999999997,161.75495750833332,0.0,161.75495833333332,11.5,0.0,4.0,2024.0,0.0,0.25271896433470514,162.00767647266804,11713.651824999999,-11551.644148527332
2024-04-16,193300.76333333334,49493.927083333336,62672.674166666664,21299.115416666667,57740.84291666667,2094.204166666667,29.86666666666667,35.916666666666664,59.083333333333336,0.0,15.333333333333334,272.2916666666667,5.050416666666666,226.85233953958334,0.041666666666666664,226.85225,11.5,1.0,4.0,2024.0,0.0,22.962193701417466,249.81453324100082,11598.0458,-11348.231266759
2024-04-17,184326.41083333336,48459.579999999994,59854.222083333334,20008.664583333335,53980.354166666664,2023.58875,29.291666666666668,26.708333333333332,41.333333333333336,0.0,19.395833333333332,282.9166666666667,5.56375,243.18849817833333,0.0,243.18845833333333,11.5,2.0,4.0,2024.0,0.0,72.11008281893004,315.2985809972634,11059.584649999999,-10744.286069002736
2024-04-18,190552.88708333333,49588.777916666666,61268.537083333336,20985.489166666666,56595.93041666667,2114.15125,30.9375,24.0,61.166666666666664,0.0,11.158333333333333,267.75,3.807916666666667,229.42670631666667,0.0,229.42670833333332,11.5,3.0,4.0,2024.0,0.0,10.114488283036124,239.54119459970278,11433.173224999999,-11193.632030400297
2024-04-19,190285.40083333335,50098.738333333335,60560.14208333333,20584.134583333333,56926.49958333333,2115.8858333333333,31.675,29.416666666666668,17.625,0.0,11.770833333333334,256.7083333333333,4.3187500000000005,210.7869536541667,0.0,210.787,11.5,4.0,4.0,2024.0,0.0,23.32656973022405,234.11352338439073,11417.124049999999,-11183.01052661561
2024-04-20,185991.58583333332,49850.62416666667,60230.97791666666,17401.62875,56517.807499999995,1990.5475,30.058333333333334,28.0,26.541666666666668,0.0,14.75,256.4583333333333,4.191666666666666,216.1715414,0.0,216.17154166666668,11.5,5.0,4.0,2024.0,1.0,6.285600708733423,222.4571421087334,11159.49515,-10937.038007891266
2024-04-21,185906.49375,48268.925833333335,61873.32833333333,17433.57416666667,56374.49083333334,1956.1754166666667,30.170833333333334,26.958333333333332,64.125,0.0,12.0875,228.83333333333334,3.8520833333333333,224.29050607916668,0.0,224.29049999999998,11.5,6.0,4.0,2024.0,1.0,4.189782235939642,228.48028831510632,11154.389624999998,-10925.909336684892
2024-04-22,190116.01208333333,48806.72291666667,62748.66458333333,19158.452083333334,57427.99333333334,1974.1791666666668,31.120833333333334,24.541666666666668,30.416666666666668,0.0,13.3125,252.95833333333334,3.05625,221.04217046666668,0.0,221.04212500000003,11.5,0.0,4.0,2024.0,0.0,0.9663885459533605,222.00855901262003,11406.960724999999,-11184.952165987379
2024-04-23,190623.02208333334,48948.35041666666,62754.02375,19906.791666666668,57019.62791666667,1994.2279166666667,30.016666666666666,25.791666666666668,8.083333333333334,0.0,9.8125,272.3333333333333,2.4025000000000003,220.17994170833333,0.0,220.1799583333333,11.5,1.0,4.0,2024.0,0.0,0.08175520118884318,220.26169690952216,11437.381325,-11217.119628090477
2024-04-24,181033.41583333336,45107.84625,60059.958333333336,19904.970833333333,54093.862916666665,1866.7754166666666,29.84583333333333,27.75,0.5416666666666666,0.0,11.754166666666668,280.0416666666667,3.752083333333333,235.39287645750002,0.0,235.39283333333333,11.5,2.0,4.0,2024.0,0.0,8.110401291723823,243.50327774922383,10862.00495,-10618.501672250777
2024-04-25,168613.82291666666,40089.26416666667,53231.36041666666,18755.810416666667,54609.887500000004,1927.5,30.0,24.416666666666668,4.333333333333333,0.0,11.579166666666666,284.7083333333333,3.8125,236.67210827791666,0.0,236.67208333333335,11.5,3.0,4.0,2024.0,0.0,13.0027973822588,249.67490566017545,10116.829375,-9867.154469339825
2024-04-26,178888.24791666667,43303.355,58990.698333333334,18702.624166666665,56158.013333333336,1733.5566666666666,32.233333333333334,22.625,21.458333333333332,0.0,10.591666666666667,263.6666666666667,3.125833333333333,213.40968804499997,0.0,213.40966666666668,11.5,4.0,4.0,2024.0,0.0,2.4832475422953824,215.89293558729537,10733.294875,-10517.401939412704
2024-04-27,191499.89541666667,47465.93875,63742.13916666667,21038.02625,57274.16083333333,1979.6283333333333,32.0375,27.041666666666668,41.0,0.0,15.512500000000001,266.625,3.65625,218.89262232166666,0.0,218.8925833333333,11.5,5.0,4.0,2024.0,1.0,1.9372003315043436,220.82982265317102,11489.993725,-11269.163902346829
2024-04-28,197545.44541666665,49528.20166666667,65562.02916666666,22290.534166666668,58128.629583333335,2036.0516666666665,30.59166666666667,27.916666666666668,63.416666666666664,0.0,9.833333333333334,264.4583333333333,2.686666666666667,212.58948725000002,0.0,212.58950000000002,11.5,6.0,4.0,2024.0,1.0,0.33336968449931415,212.92285693449932,11852.726725,-11639.8038680655
2024-04-29,199583.84333333335,50636.055,65354.30458333334,23236.18416666667,58194.26666666666,2163.0366666666664,30.84583333333333,25.958333333333332,28.083333333333332,0.0,11.725,269.375,4.507916666666667,207.8230234704167,0.0,207.82304166666665,11.5,0.0,4.0,2024.0,0.0,17.179102366255147,225.0021258366718,11975.0306,-11750.028474163328
2024-04-30,196632.80041666667,48701.94458333333,64054.442500000005,24004.972916666666,57695.81166666667,2175.6275,29.758333333333336,25.125,0.0,0.0,12.829166666666666,289.9583333333333,4.004166666666666,240.74054097083334,0.0,240.7405,11.5,1.0,4.0,2024.0,0.0,3.200470164609053,243.94101113544238,11797.968025,-11554.027013864557
