datetime,national_demand_mw,north_demand_mw,west_demand_mw,east_demand_mw,south_demand_mw,north_east_demand_mw,temperature_2m_c,relative_humidity_pct,cloud_cover_pct,precipitation_mm,wind_speed_10m_kmh,solar_radiation_w_m2,wind_speed_10m_ms,solar_generation_kw,solar_imputed,solar_irradiance_proxy_w_m2,hour,day_of_week,month,year,is_weekend,wind_power_potential_kw,combined_renewable_kw,facility_demand_kw,energy_balance_kw
2018-12-31,138545.1876388889,39431.90923611111,45902.694444444445,14410.133819444445,37082.414722222224,1718.0356944444445,13.241666666666667,71.35416666666667,21.479166666666668,0.01597222222222222,8.688194444444443,135.63194444444446,2.6189583333333335,186.08311444354166,0.0,186.08308333333332,11.5,3.5,1.0,2019.0,0.3333333333333333,0.18929087600975464,186.27240531955144,8312.711258333333,-8126.438853013782
2019-01-07,140188.80202380952,39963.75785714286,46357.34714285714,14390.559583333332,37760.86357142857,1716.274107142857,13.036904761904761,70.48214285714286,10.255952380952381,0.0,8.621428571428572,150.91666666666666,2.752261904761905,202.1665997782143,0.0,202.16658928571428,11.5,3.0,1.0,2019.0,0.2857142857142857,1.6824527483833038,203.8490525265976,8411.32812142857,-8207.479068901974
2019-01-14,138741.04803571428,40432.951488095234,45967.74172619048,14520.50363095238,36131.18238095238,1688.6678571428572,13.258333333333335,65.4702380952381,32.904761904761905,0.0,9.010119047619048,157.0595238095238,2.810595238095238,214.21430762315478,0.0,214.21432738095237,11.5,3.0,1.0,2019.0,0.2857142857142857,5.123178726566072,219.33748634972082,8324.462882142856,-8105.125395793137
2019-01-21,134504.95946428573,35822.39047619047,44537.713214285715,14731.00994047619,37650.06880952381,1763.7763095238095,13.070833333333335,77.29761904761905,35.904761904761905,0.14226190476190476,10.547023809523811,142.91666666666666,3.4446428571428576,178.79990434107145,0.0,178.79991071428572,11.5,3.0,1.0,2019.0,0.2857142857142857,11.167299047945654,189.9672033890171,8070.297567857143,-7880.330364468125
2019-01-28,138175.0876190476,39086.53958333334,45202.02666666667,14919.368214285714,37285.355476190474,1681.7983333333334,12.30952380952381,70.47619047619048,22.321428571428573,0.004761904761904762,10.616666666666665,167.08928571428572,3.103214285714286,217.58377002261906,0.0,217.58377380952382,11.5,3.0,1.4285714285714286,2019.0,0.2857142857142857,2.362909007773205,219.94667903039226,8290.505257142857,-8070.558578112465
2019-02-04,138614.20392857143,37268.28017857143,45764.71767857143,14641.115654761907,39234.390654761904,1705.6998809523811,14.404761904761905,76.04166666666667,35.732142857142854,0.13273809523809524,10.882142857142858,160.14880952380952,3.0370238095238093,189.8789412882143,0.0,189.87891666666667,11.5,3.0,2.0,2019.0,0.2857142857142857,3.820498081194069,193.69943936940837,8316.852235714285,-8123.152796344877
2019-02-11,139275.17214285716,36677.62351190476,45985.10630952381,14652.174583333333,40280.949642857144,1679.3186904761903,15.186904761904762,78.9047619047619,62.63095238095238,0.05357142857142857,8.610119047619047,154.32738095238096,2.6288690476190473,169.40962982023808,0.0,169.40964285714284,11.5,3.0,2.0,2019.0,0.2857142857142857,2.8104355444509768,172.22006536468908,8356.510328571429,-8184.29026320674
2019-02-18,143150.64279761905,36605.9131547619,47174.19380952381,15263.184642857143,42432.59154761905,1674.7586904761906,16.851785714285715,72.39880952380952,50.273809523809526,0.019642857142857146,11.438690476190477,178.45238095238096,3.3935119047619047,192.12770847619046,0.0,192.12769047619048,11.5,3.0,2.0,2019.0,0.2857142857142857,4.755103444052518,196.882811920243,8589.038567857142,-8392.1557559369
2019-02-25,142149.75011904762,36399.77976190476,46235.92744047619,14154.522857142856,43696.12773809524,1663.3918452380954,14.650595238095239,71.41666666666667,43.023809523809526,0.14821428571428572,8.65952380952381,180.60714285714286,2.7082738095238095,186.85858370238097,0.0,186.8585833333333,11.5,3.0,2.4285714285714284,2019.0,0.2857142857142857,1.307334313149128,188.16591801553008,8528.985007142857,-8340.819089127326
2019-03-04,145292.76458333334,36848.45345238095,47222.52589285714,15108.238690476192,44427.93839285715,1685.607380952381,17.35952380952381,64.9047619047619,10.93452380952381,0.0011904761904761906,9.420833333333334,222.98809523809524,2.9465476190476187,230.40177816666667,0.0,230.4017619047619,11.5,3.0,3.0,2019.0,0.2857142857142857,1.0552315794630611,231.4570097461297,8717.565875,-8486.10886525387
2019-03-11,148505.19547619048,37768.972916666666,47630.042499999996,16394.06202380952,44971.208035714284,1740.9099404761905,18.773214285714285,59.63095238095238,41.81547619047619,0.011904761904761904,10.579166666666666,207.54761904761904,3.3029166666666665,204.0495998690476,0.0,204.0496130952381,11.5,3.0,3.0,2019.0,0.2857142857142857,4.640851157815664,208.6904510268633,8910.311728571429,-8701.621277544566
2019-03-18,143680.12827380953,36372.28779761904,44571.350952380955,15838.986845238096,45275.582500000004,1621.9215476190477,22.458928571428572,45.595238095238095,14.226190476190476,0.0,11.761904761904763,249.60119047619048,3.5410119047619046,233.5788432559524,0.0,233.57880952380953,11.5,3.0,3.0,2019.0,0.2857142857142857,10.250975055522897,243.8298183114753,8620.807696428572,-8376.977878117095
2019-03-25,153657.6088690476,38989.91976190476,49581.56142857143,17349.169226190475,46052.61172619048,1684.3480357142855,25.017261904761902,52.74404761904762,32.023809523809526,0.002976190476190476,9.857738095238094,246.14285714285714,3.1767261904761908,224.36391159208333,0.0,224.36390476190476,11.5,3.0,3.0,2019.0,0.2857142857142857,4.97270116434777,229.3366127564311,9219.456532142856,-8990.119919386427
2019-04-01,153805.11607142858,39966.70910714286,49827.947023809524,17508.64345238095,44943.18565476191,1558.630654761905,27.407142857142855,41.74404761904762,19.25595238095238,0.0,9.496428571428572,262.3452380952381,2.628154761904762,226.25094751571427,0.0,226.2509404761905,11.5,3.0,4.0,2019.0,0.2857142857142857,2.3963259193938207,228.64727343510808,9228.306964285715,-8999.659690850605
2019-04-08,155311.58291666667,41061.83261904762,51044.97589285714,17131.99886904762,44310.70684523809,1762.0680357142858,29.30952380952381,40.964285714285715,30.017857142857142,0.0011904761904761906,10.218452380952382,259.13690476190476,3.0091666666666668,224.14203779714285,0.0,224.14202976190475,11.5,3.0,4.0,2019.0,0.2857142857142857,1.4221164511071918,225.56415424825005,9318.694975,-9093.13082075175
2019-04-15,146581.15660714285,36398.910416666666,48481.23279761905,17821.392440476193,42278.83505952381,1600.7866071428573,25.91785714285714,51.345238095238095,42.94642857142857,0.03154761904761905,9.569047619047618,231.69642857142858,3.024404761904762,196.2020066060119,0.0,196.20199404761902,11.5,3.0,4.0,2019.0,0.2857142857142857,8.68940309621791,204.89140970222985,8794.86939642857,-8589.977986726342
2019-04-22,158459.51214285713,44346.79672619047,51751.1619047619,18836.257142857143,41683.478214285715,1841.818154761905,32.5375,31.303571428571427,6.613095238095238,0.0,12.451785714285714,273.5416666666667,3.6495238095238096,226.66793308226192,0.0,226.66792261904763,11.5,3.0,4.0,2019.0,0.2857142857142857,18.319308184727937,244.98724126698983,9507.570728571429,-9262.583487304439
2019-04-29,157376.69946428572,46685.83416666667,51400.58416666667,17221.723452380953,40569.155535714286,1499.4022023809525,32.22261904761905,24.44047619047619,14.071428571428571,0.002976190476190476,11.760119047619048,267.5952380952381,3.3496428571428574,222.2373956322619,0.0,222.23741071428572,11.5,3.0,4.714285714285714,2019.0,0.2857142857142857,4.150432147756222,226.3878277800181,9442.601967857143,-9216.214140077125
2019-05-06,163761.31761904762,49719.635773809525,50917.65964285714,19145.509464285715,42275.50660714286,1703.0068452380954,33.08869047619047,22.31547619047619,14.130952380952381,0.0,13.645833333333334,271.0357142857143,4.673928571428571,225.8637131017262,0.0,225.86370833333336,11.5,3.0,5.0,2019.0,0.2857142857142857,34.66462375889999,260.52833686062615,9825.679057142857,-9565.15072028223
2019-05-13,160039.86857142858,46590.823749999996,50734.91196428572,19295.064583333333,41784.2006547619,1634.8673214285716,29.85,45.964285714285715,29.30952380952381,0.017857142857142856,8.925595238095237,248.60714285714286,2.923035714285714,204.94545956547617,0.0,204.94544642857142,11.5,3.0,5.0,2019.0,0.2857142857142857,3.0338377588346725,207.97929732431086,9602.392114285714,-9394.412816961403
2019-05-20,165350.0406547619,49773.27422619048,52264.486011904766,19473.034821428573,42044.01416666667,1795.231011904762,32.02440476190476,36.67261904761905,26.827380952380953,0.0,11.306547619047619,256.07142857142856,3.5341666666666667,204.24925279761905,0.0,204.24923809523813,11.5,3.0,5.0,2019.0,0.2857142857142857,11.885951066366191,216.13520386398523,9921.002439285714,-9704.867235421729
2019-05-27,169370.24738095238,54544.5405952381,52122.20958333334,19355.978035714284,41456.25261904762,1891.2658928571427,35.083333333333336,25.25595238095238,4.5476190476190474,0.0,11.263690476190476,278.3392857142857,3.810238095238095,213.8494218809524,0.0,213.84943452380952,11.5,3.0,5.285714285714286,2019.0,0.2857142857142857,11.361132920177672,225.21055480113006,10162.214842857144,-9937.004288056012
2019-06-03,164786.13970238095,55032.279226190476,51060.02821428572,18260.853154761906,38462.477797619045,1970.5008333333335,35.330357142857146,37.55357142857143,10.470238095238095,0.004761904761904762,10.747619047619047,262.14285714285717,2.6848214285714285,205.97092520238095,0.0,205.97095833333333,11.5,3.0,6.0,2019.0,0.2857142857142857,4.207727815337383,210.17865301771832,9887.168382142856,-9676.989729125138
2019-06-10,165602.14154761905,56802.12869047619,48441.40708333333,19193.25511904762,39022.77678571428,2142.573392857143,35.88154761904762,31.958333333333332,21.577380952380953,0.013095238095238094,13.173214285714286,252.78571428571428,4.573035714285714,195.67588391666663,0.0,195.67589285714288,11.5,3.0,6.0,2019.0,0.2857142857142857,30.697705312234635,226.3735892289013,9936.128492857142,-9709.754903628242
2019-06-17,161396.45970238096,53176.059226190475,46985.04172619047,18899.399285714288,40150.769583333335,2185.1905952380953,32.70238095238095,48.214285714285715,14.851190476190476,0.01011904761904762,10.267857142857142,250.41071428571428,2.7976190476190474,190.34381763690476,0.0,190.34380952380954,11.5,3.0,6.0,2019.0,0.2857142857142857,11.80122356946894,202.1450412063737,9683.787582142857,-9481.642540936484
2019-06-24,163426.54833333334,58986.782857142854,44875.21011904762,19109.897083333333,38397.91267857143,2056.745297619048,34.544642857142854,45.654761904761905,23.38095238095238,0.03571428571428571,10.579761904761906,245.6547619047619,3.7164285714285716,188.36264492261904,0.0,188.36262499999998,11.5,3.0,6.0,2019.0,0.2857142857142857,11.253164127310733,199.61580904992977,9805.5929,-9605.97709095007
2019-07-01,157980.3275595238,58559.09422619048,41717.3944047619,17656.35380952381,37916.89702380953,2130.588869047619,33.09345238095238,59.089285714285715,58.476190476190474,0.08511904761904762,8.035714285714286,229.57142857142858,2.3645238095238095,170.39523714583333,0.0,170.39523214285714,11.5,3.0,7.0,2019.0,0.2857142857142857,2.0479600970017637,172.44319724283508,9478.819653571429,-9306.376456328593
2019-07-08,155773.95589285714,52983.986607142855,45111.763333333336,17231.61619047619,38589.00636904762,1857.5830952380954,32.50297619047619,60.214285714285715,60.67261904761905,0.09821428571428571,12.491666666666665,234.69642857142858,4.647738095238095,167.72678320238097,0.0,167.72681547619047,11.5,3.0,7.0,2019.0,0.2857142857142857,34.403029663923185,202.12981286630415,9346.437353571428,-9144.307540705124
2019-07-15,158229.6013095238,50073.561369047624,48748.429761904765,19623.500714285714,37794.39333333333,1989.7163095238097,28.623809523809523,81.19047619047619,56.73809523809524,0.493452380952381,7.168452380952381,190.3452380952381,1.9385714285714286,130.9655174720238,0.0,130.96551785714286,11.5,3.0,7.0,2019.0,0.2857142857142857,1.2293328597556992,132.1948503317795,9493.776078571429,-9361.58122823965
2019-07-22,153543.96458333335,52432.82422619048,46281.019166666665,18608.604523809525,34215.70910714286,2005.8082738095236,29.029761904761905,83.0297619047619,78.70238095238095,0.4083333333333333,9.491666666666665,183.00595238095238,2.9276190476190473,123.1284250702381,0.0,123.12842261904763,11.5,3.0,7.0,2019.0,0.2857142857142857,6.425915801162714,129.5543408714008,9212.637875,-9083.0835341286
2019-07-29,149053.5451190476,52544.403452380946,40149.600535714286,18946.47130952381,35270.59410714285,2142.4760714285712,28.930357142857144,82.57142857142857,82.32142857142857,0.17023809523809524,9.316071428571428,203.24404761904762,2.923690476190476,124.77692849089287,0.0,124.77694047619046,11.5,3.0,7.571428571428571,2019.0,0.2857142857142857,5.19227577732053,129.9692042682134,8943.212707142857,-8813.243502874644
2019-08-05,148189.78351190477,52637.05458333333,40277.374345238095,18599.710297619047,34400.52625,2275.118392857143,29.025,82.06547619047619,75.4047619047619,0.29464285714285715,11.02797619047619,198.58928571428572,3.1436904761904763,151.25651392916666,0.0,151.25654166666666,11.5,3.0,8.0,2019.0,0.2857142857142857,31.740105746619633,182.9966196757863,8891.387010714287,-8708.3903910385
2019-08-12,145627.72386904762,48959.08744047619,39782.9331547619,18142.326964285716,36584.02785714286,2159.3488095238095,28.097619047619045,84.875,91.9702380952381,0.5386904761904762,12.075,173.53571428571428,3.193095238095238,122.8733143490476,0.0,122.87330357142858,11.5,3.0,8.0,2019.0,0.2857142857142857,8.016998399634202,130.89031274868182,8737.663432142857,-8606.773119394176
2019-08-19,151004.0006547619,50740.48821428571,43060.78779761904,19058.251904761903,35914.11386904762,2230.3587500000003,28.60595238095238,82.95833333333333,59.595238095238095,0.14107142857142857,6.880952380952381,225.21428571428572,2.321011904761905,169.69865837202383,0.0,169.69864285714286,11.5,3.0,8.0,2019.0,0.2857142857142857,1.0319768600169836,170.73063523204078,9060.240039285714,-8889.509404053673
2019-08-26,159954.09297619047,55956.939107142854,43450.85196428571,19325.24232142857,38928.02666666667,2293.0320238095237,29.791666666666668,80.88095238095238,63.43452380952381,0.08392857142857142,7.573214285714285,223.85119047619048,2.078154761904762,170.06974723214284,0.0,170.06975595238094,11.5,3.0,8.142857142857142,2019.0,0.2857142857142857,0.19488311614083215,170.2646303482837,9597.245578571428,-9426.980948223145
2019-09-02,154548.17488095237,55723.060178571424,41650.96577380953,19044.64101190476,35894.67928571429,2234.8287499999997,29.425595238095237,82.67857142857143,75.25595238095238,0.10654761904761904,7.026785714285714,210.5297619047619,1.5918452380952381,162.8732531357143,0.0,162.87326785714285,11.5,3.0,9.0,2019.0,0.2857142857142857,0.00692774675027761,162.88018088246457,9272.890492857143,-9110.010311974678
2019-09-09,157028.25172619047,57404.39726190476,40472.12,18971.185773809524,38048.87422619048,2131.6745238095236,29.851785714285718,77.76785714285714,46.69642857142857,0.04523809523809524,8.680952380952382,213.9404761904762,2.164761904761905,170.76382311154762,0.0,170.76383333333334,11.5,3.0,9.0,2019.0,0.2857142857142857,0.09124970605526166,170.8550728176029,9421.695103571428,-9250.840030753825
2019-09-16,151867.19214285715,53088.79797619048,42106.60255952381,18949.257261904764,35531.59125,2190.9426785714286,27.998214285714283,80.89285714285714,29.583333333333332,0.17083333333333334,8.41607142857143,196.58333333333334,2.3842857142857143,172.5726522,0.0,172.57264285714285,11.5,3.0,9.0,2019.0,0.2857142857142857,0.3485847703964988,172.9212369703965,9112.031528571428,-8939.110291601031
2019-09-23,138506.57416666666,45847.65,40379.18928571428,16188.654464285715,34179.928035714285,1911.1520833333332,26.552380952380954,80.38095238095238,42.63690476190476,0.10416666666666667,11.602380952380953,165.13095238095238,3.241904761904762,149.8547690257143,0.0,149.85476785714286,11.5,3.0,9.0,2019.0,0.2857142857142857,3.2984205777647135,153.153189603479,8310.39445,-8157.24126039652
2019-09-30,134551.43422619047,40419.93255952381,40176.392857142855,16521.312083333334,35455.99154761905,1977.804761904762,26.1625,74.58333333333333,28.738095238095237,0.09285714285714286,7.435714285714286,193.03571428571428,2.1513690476190477,182.80867338154764,0.0,182.8086607142857,11.5,3.0,9.857142857142858,2019.0,0.2857142857142857,0.06913059311516101,182.87780397466278,8073.086053571428,-7890.208249596765
2019-10-07,136447.80547619046,41952.38827380953,41923.86535714286,16003.579583333334,34758.70773809524,1809.2641666666666,26.62797619047619,57.45238095238095,12.875,0.0,7.035119047619048,196.2202380952381,2.191904761904762,195.76607314755952,0.0,195.76604761904758,11.5,3.0,10.0,2019.0,0.2857142857142857,0.04713690476190475,195.81321005232144,8186.868328571428,-7991.055118519107
2019-10-14,140656.74291666667,42137.97154761905,45158.85089285715,17366.942202380953,33954.37142857143,2038.606607142857,26.637500000000003,60.023809523809526,15.648809523809524,0.030952380952380946,7.352380952380953,188.67857142857142,2.188511904761905,198.7019134047619,0.0,198.70192261904762,11.5,3.0,10.0,2019.0,0.2857142857142857,0.021608114507805858,198.7235215192697,8439.404575,-8240.68105348073
2019-10-21,125776.60714285714,38218.07410714286,39597.06535714286,15422.743035714286,30782.900357142855,1755.8241666666668,24.49464285714286,57.07738095238095,4.136904761904762,0.0,8.651190476190477,193.92857142857142,2.5019642857142856,210.34533404166666,0.0,210.3453392857143,11.5,3.0,10.0,2019.0,0.2857142857142857,1.3313102015154485,211.67664424318212,7546.596428571428,-7334.919784328246
2019-10-28,119331.44875000001,36071.67083333334,36334.266488095236,15181.134166666667,29978.105773809522,1766.269880952381,24.488690476190477,65.48809523809524,42.589285714285715,0.0011904761904761906,7.676190476190476,163.0595238095238,1.745059523809524,175.36984504761904,0.0,175.36984523809525,11.5,3.0,10.428571428571429,2019.0,0.2857142857142857,0.0949531239793585,175.4647981715984,7159.886925000001,-6984.422126828402
2019-11-04,127892.88732142857,35972.51869047619,41111.31880952381,14429.496964285716,34627.480476190474,1752.0723809523809,22.389880952380953,63.36904761904762,14.648809523809524,0.013095238095238096,10.057142857142857,157.29166666666666,2.9280357142857145,186.44482460714286,0.0,186.44480357142857,11.5,3.0,11.0,2019.0,0.2857142857142857,1.3563817280684567,187.80120633521133,7673.5732392857135,-7485.772032950503
2019-11-11,130644.13910714287,35522.68875,43334.64886904762,13910.403750000001,36153.678928571426,1722.719285714286,20.9625,64.64880952380952,46.92857142857143,0.0,10.220833333333333,154.26785714285714,3.0855357142857143,188.46703427976192,0.0,188.46706547619047,11.5,3.0,11.0,2019.0,0.2857142857142857,9.97168244170096,198.43871672146287,7838.648346428571,-7640.2096297071075
2019-11-18,133518.33029761905,36228.5875,45013.88232142857,14067.980416666667,36489.998392857146,1717.8822619047617,20.007142857142856,64.875,51.17857142857143,0.0,9.015476190476189,144.75595238095238,2.520714285714286,182.35185258928573,0.0,182.35186309523812,11.5,3.0,11.0,2019.0,0.2857142857142857,0.9021979554510419,183.25405054473674,8011.099817857142,-7827.845767312406
2019-11-25,132391.88678571428,35041.09833333333,46049.555714285714,14206.102857142856,35403.44904761905,1691.6810714285714,18.364880952380954,74.01785714285714,28.75,0.13690476190476192,8.574404761904763,128.39285714285714,2.4961309523809527,163.66214736309524,0.0,163.6621488095238,11.5,3.0,11.142857142857142,2019.0,0.2857142857142857,0.42022788882356776,164.08237525191882,7943.513207142857,-7779.430831890939
2019-12-02,131686.78327380953,36127.72047619048,46014.78994047619,14164.899821428571,33674.65702380952,1704.7165476190476,15.488095238095237,74.41071428571429,35.94642857142857,0.0,7.538095238095239,147.23809523809524,2.0864285714285713,196.80835174166666,0.0,196.80833928571428,11.5,3.0,12.0,2019.0,0.2857142857142857,0.32589214677640604,197.13424388844305,7901.206996428571,-7704.072752540129
2019-12-09,133119.44607142857,35497.10267857143,45338.83553571429,14233.257380952382,36427.70767857142,1622.5428571428572,14.729761904761904,77.57142857142857,41.57142857142857,0.05714285714285714,8.341666666666667,117.19642857142857,2.209404761904762,143.28426422083334,0.0,143.28427380952382,11.5,3.0,12.0,2019.0,0.2857142857142857,1.3333098095891305,144.61757403042247,7987.166764285714,-7842.549190255291
2019-12-16,136484.1993452381,38224.912738095234,44823.03648809524,13939.409166666665,37815.27684523809,1681.56375,12.395833333333334,80.17857142857143,33.410714285714285,0.0011904761904761906,8.063095238095238,127.58333333333333,2.485357142857143,178.1143853907738,0.0,178.11439285714286,11.5,3.0,12.0,2019.0,0.2857142857142857,0.19490100594421586,178.30928639671802,8189.051960714285,-8010.742674317567
2019-12-23,141441.96154761905,41415.810476190476,45330.59857142857,14187.556309523809,38776.34833333333,1731.6475000000003,8.57202380952381,86.82142857142857,26.238095238095237,0.0,8.086904761904762,131.66071428571428,2.5004166666666667,173.85866216976189,0.0,173.85867261904764,11.5,3.0,12.0,2019.0,0.2857142857142857,0.26205508197792143,174.12071725173982,8486.517692857142,-8312.396975605403
2019-12-30,140550.39666666667,41951.58285714286,43700.36255952381,14181.122916666665,39036.172321428574,1681.157380952381,11.191071428571428,79.76190476190476,40.04761904761905,0.0035714285714285718,7.3339285714285705,132.89880952380952,2.0985714285714288,172.85424937291668,0.0,172.85424404761903,11.5,3.0,4.142857142857143,2019.7142857142858,0.2857142857142857,0.028877882291462535,172.88312725520814,8433.023799999999,-8260.14067274479
2020-01-06,141024.34523809524,40399.662083333336,44598.18130952381,14175.895833333334,40086.11827380952,1764.4877976190478,11.881547619047618,80.2797619047619,40.49404761904762,0.11666666666666667,9.6,117.10119047619048,2.672857142857143,150.9317927796131,0.0,150.93181547619048,11.5,3.0,1.0,2020.0,0.2857142857142857,0.4584696747011562,151.39026245431427,8461.460714285713,-8310.0704518314
2020-01-13,137875.06482142856,39015.212261904766,44098.87886904762,14532.084761904764,38540.930297619045,1687.9584523809524,12.983928571428573,85.86904761904762,35.61309523809524,0.17142857142857143,8.371428571428572,125.7202380952381,2.409107142857143,154.70451607678572,0.0,154.70451785714286,11.5,3.0,1.0,2020.0,0.2857142857142857,0.7360908942452151,155.44060697103092,8272.503889285714,-8117.0632823146825
2020-01-20,143308.24154761905,39946.48166666667,46255.654285714285,14896.3475,40478.31363095238,1731.4455952380952,12.614285714285714,75.88095238095238,35.267857142857146,0.0,10.648809523809524,161.48214285714286,3.066904761904762,216.03630471755952,0.0,216.0362857142857,11.5,3.0,1.0,2020.0,0.2857142857142857,6.316522568423802,222.35282728598335,8598.494492857144,-8376.14166557116
2020-01-27,145261.87083333335,39418.12982142858,46895.37160714286,14967.10398809524,42245.17827380953,1736.0870238095238,12.917261904761904,77.57142857142857,19.321428571428573,0.10059523809523808,9.45595238095238,157.54166666666666,2.826309523809524,193.15717195273808,0.0,193.15717857142857,11.5,3.0,1.2857142857142858,2020.0,0.2857142857142857,2.002750914494742,195.1599228672328,8715.71225,-8520.552327132767
2020-02-03,147684.89196428572,41435.75601190476,46816.85208333334,15221.301964285714,42475.865952380955,1735.1158333333335,12.514285714285714,74.07142857142857,8.464285714285714,0.0005952380952380953,8.29107142857143,185.5297619047619,2.5403571428571428,230.0148096452381,0.0,230.0147857142857,11.5,3.0,2.0,2020.0,0.2857142857142857,0.13286570808021425,230.14767535331833,8861.093517857142,-8630.945842503825
2020-02-10,149670.4838690476,41391.42035714286,48455.7993452381,15068.935952380954,42986.21363095238,1768.1146428571428,16.45297619047619,61.30357142857143,12.375,0.0,14.011309523809524,202.27380952380952,3.620416666666667,239.0597829904762,0.0,239.05978571428574,11.5,3.0,2.0,2020.0,0.2857142857142857,13.229541103272586,252.28932409374877,8980.229032142857,-8727.939708049109
2020-02-17,151602.28553571427,39387.09291666667,50866.10488095238,14880.397857142856,44751.63589285714,1717.0541071428572,17.776785714285715,66.42857142857143,34.88690476190476,0.11190476190476191,13.345238095238095,178.70833333333334,3.7607738095238092,192.74682667380952,0.0,192.7468392857143,11.5,3.0,2.0,2020.0,0.2857142857142857,14.106224892220263,206.8530515660298,9096.137132142856,-8889.284080576826
2020-02-24,149608.39095238096,37716.65529761904,50436.7355952381,14137.499523809523,45666.10511904762,1651.3945833333332,18.79285714285714,76.94642857142857,32.18452380952381,0.05476190476190477,10.1625,190.625,3.314285714285714,198.20153376190476,0.0,198.20155357142855,11.5,3.0,2.142857142857143,2020.0,0.2857142857142857,4.061835015350447,202.2633687772552,8976.503457142857,-8774.240088365603
2020-03-02,145333.28154761906,35039.779702380954,49217.99958333333,13938.791904761905,45482.70428571429,1654.0059523809523,17.923214285714284,78.42857142857143,34.67857142857143,0.23333333333333334,10.390476190476189,178.76785714285714,2.9232738095238098,190.51018852380952,0.0,190.51018452380953,11.5,3.0,3.0,2020.0,0.2857142857142857,6.401408338232412,196.91159686204196,8719.996892857142,-8523.0852959951
2020-03-09,138013.99005952379,31280.250119047618,45764.94928571429,13998.547678571427,45339.083750000005,1631.1594642857142,17.711904761904762,71.375,31.976190476190474,0.10059523809523808,10.286309523809523,216.61309523809524,2.743154761904762,212.46050569047617,0.0,212.46049404761902,11.5,3.0,3.0,2020.0,0.2857142857142857,3.8745127539355932,216.3350184444118,8280.839403571428,-8064.504385127017
2020-03-16,144166.7694047619,34745.87904761905,46901.08184523809,15017.702142857142,45814.80107142857,1687.3052380952383,20.43452380952381,70.19642857142857,29.601190476190474,0.013095238095238096,8.63452380952381,240.89285714285714,2.425535714285714,230.09721829761904,0.0,230.09724404761906,11.5,3.0,3.0,2020.0,0.2857142857142857,0.5570990675419688,230.654317365161,8650.006164285713,-8419.351846920552
2020-03-23,114195.41773809523,26657.672976190475,34528.30773809524,13439.86982142857,38070.68357142857,1498.8829166666667,22.59107142857143,64.20833333333333,46.56547619047619,0.04047619047619048,10.202380952380953,215.07738095238096,2.9789880952380954,198.37383031440476,0.0,198.3738452380952,11.5,3.0,3.0,2020.0,0.2857142857142857,2.747135239075054,201.12096555347983,6851.725064285713,-6650.604098732234
2020-03-30,112821.39779761904,26496.119166666664,34021.40851190476,13901.59738095238,36971.875297619044,1430.3978571428572,23.061309523809523,52.273809523809526,21.327380952380953,0.0005952380952380953,11.210714285714285,262.5892857142857,3.37875,236.33080305446427,0.0,236.33077976190478,11.5,3.0,3.7142857142857144,2020.0,0.2857142857142857,6.5648435397478595,242.89564659421217,6769.283867857143,-6526.3882212629305
2020-04-06,112994.08529761904,28395.48244047619,36243.45261904762,13942.267738095237,33057.45630952381,1355.4267261904763,25.988690476190477,45.01190476190476,35.04761904761905,0.002380952380952381,10.575595238095238,271.54761904761904,3.2395238095238095,234.78510178113098,0.0,234.78508928571426,11.5,3.0,4.0,2020.0,0.2857142857142857,2.1444056927297668,236.92950747386072,6779.645117857142,-6542.715610383282
2020-04-13,120619.13750000001,31712.970595238094,38103.309226190475,14497.210833333333,35002.31476190476,1303.3311904761906,29.551785714285714,38.63095238095238,60.13690476190476,0.0,10.914880952380953,243.4404761904762,2.963690476190476,214.4289626619048,0.0,214.42897023809525,11.5,3.0,4.0,2020.0,0.2857142857142857,2.188020780259978,216.61698344216472,7237.14825,-7020.531266557834
2020-04-20,117573.18940476191,31233.34458333333,38707.07732142857,11982.685119047619,34374.52285714286,1275.5584523809525,27.68988095238095,45.38095238095238,32.42857142857143,0.01130952380952381,9.075,238.20238095238096,2.6002976190476192,204.746894985,0.0,204.7468988095238,11.5,3.0,4.0,2020.0,0.2857142857142857,6.161313924815468,210.90820890981544,7054.391364285714,-6843.483155375898
2020-04-27,118819.95452380952,32946.395892857145,39767.132202380955,12500.951011904763,32124.45470238095,1481.021011904762,28.232738095238098,58.98809523809524,29.327380952380953,0.15416666666666667,12.3,233.77380952380952,2.904345238095238,204.92527081869048,0.0,204.92525595238095,11.5,3.0,4.428571428571429,2020.0,0.2857142857142857,4.125906117316611,209.0511769360071,7129.197271428571,-6920.146094492565
2020-05-04,127915.85648809525,35169.03738095238,40969.287738095234,14299.71732142857,35815.64916666666,1662.1641071428571,29.326785714285712,48.607142857142854,24.327380952380953,0.004761904761904762,9.283928571428572,256.7738095238095,2.4379166666666667,216.4379892544643,0.0,216.43798214285712,11.5,3.0,5.0,2020.0,0.2857142857142857,0.8575685626102294,217.29555781707452,7674.951389285714,-7457.655831468639
2020-05-11,135502.6206547619,38804.505059523806,41498.09261904762,16203.812023809523,37286.66029761905,1709.549642857143,30.523809523809526,46.38690476190476,26.583333333333332,0.0035714285714285713,9.950595238095238,249.35714285714286,2.992857142857143,210.63183139285715,0.0,210.6318630952381,11.5,3.0,5.0,2020.0,0.2857142857142857,6.1422220589195895,216.77405345177672,8130.157239285713,-7913.383185833938
2020-05-18,143445.4292857143,46749.906011904764,43026.840059523805,14983.462797619048,36952.34035714286,1732.88,32.96071428571428,26.083333333333332,6.208333333333333,0.0,10.29642857142857,270.70238095238096,3.8850595238095242,222.00126104166668,0.0,222.00126785714286,11.5,3.0,5.0,2020.0,0.2857142857142857,15.243033893461364,237.24429493512804,8606.725757142858,-8369.481462207728
2020-05-25,145377.36517857143,45203.92041666667,44803.700952380954,15311.562857142857,38510.43130952381,1547.748869047619,32.47261904761905,41.61309523809524,33.970238095238095,0.05892857142857143,13.381547619047618,236.29761904761904,4.202678571428571,198.30942115476188,0.0,198.30943452380953,11.5,3.0,5.0,2020.0,0.2857142857142857,25.747280064014635,224.0567012187765,8722.641910714286,-8498.585209495508
2020-06-01,131868.54363095236,40834.57214285714,37059.07696428571,16929.160297619048,35307.28142857143,1738.4527380952381,29.36904761904762,60.029761904761905,30.577380952380953,0.007142857142857143,7.222023809523809,244.88690476190476,2.262916666666667,194.92730200595238,0.0,194.92733928571428,11.5,3.0,6.0,2020.0,0.2857142857142857,0.2827376216604612,195.21003962761284,7912.112617857143,-7716.902578229529
2020-06-08,146192.61339285714,51979.956130952385,38979.71952380952,18232.02136904762,34935.75125,2065.1647619047617,33.18928571428572,54.107142857142854,13.136904761904763,0.0005952380952380953,7.707738095238096,248.0297619047619,2.1510714285714285,185.54916641666665,0.0,185.54916666666665,11.5,3.0,6.0,2020.0,0.2857142857142857,0.14459276406035665,185.69375918072703,8771.556803571428,-8585.863044390702
2020-06-15,151112.5486904762,57395.424523809525,38046.27232142857,17409.304047619047,36197.76535714286,2063.782857142857,34.1125,51.06547619047619,14.470238095238095,0.007738095238095238,10.282738095238095,255.1547619047619,2.8383333333333334,194.3164651904762,0.0,194.31645833333334,11.5,3.0,6.0,2020.0,0.2857142857142857,3.5721385949441506,197.88860378542034,9066.752921428571,-8868.86431764315
2020-06-22,152134.42767857143,55272.11571428571,40738.67071428571,17880.92113095238,36301.601845238096,1941.1174999999998,32.40416666666666,62.17261904761905,33.339285714285715,0.04642857142857143,10.889285714285714,226.72619047619048,3.450892857142857,170.48306826190478,0.0,170.48308928571427,11.5,3.0,6.0,2020.0,0.2857142857142857,16.554219927820238,187.037288189725,9128.065660714285,-8941.028372524559
2020-06-29,153740.5373809524,58523.02779761905,40350.520000000004,18756.71285714286,34085.28107142857,2024.9955952380953,33.31785714285714,59.708333333333336,21.196428571428573,0.027976190476190477,11.457738095238096,250.89880952380952,3.06077380952381,173.28108497619047,0.0,173.2810892857143,11.5,3.0,6.714285714285714,2020.0,0.2857142857142857,4.682687944999673,177.96377292119016,9224.432242857143,-9046.468469935953
2020-07-06,145699.21738095238,53107.23404761905,38283.21422619048,18235.138095238097,34047.45678571429,2026.1745238095239,30.760714285714286,71.07142857142857,64.92261904761905,0.07380952380952381,11.016666666666666,212.38690476190476,3.628690476190476,150.8667113142857,0.0,150.86670238095238,11.5,3.0,7.0,2020.0,0.2857142857142857,13.915378853942125,164.78209016822785,8741.953042857142,-8577.170952688915
2020-07-13,151858.46672619047,57318.09875,40132.511726190474,18872.47089285714,33499.236190476186,2036.1494642857142,31.592261904761905,70.41071428571429,61.5,0.19166666666666668,10.902380952380952,224.95238095238096,3.142916666666667,159.0357407559524,0.0,159.0357380952381,11.5,3.0,7.0,2020.0,0.2857142857142857,1.67412283624012,160.7098635921925,9111.508003571429,-8950.798139979235
2020-07-20,147807.19220238095,50935.552142857145,41979.750654761905,18415.01880952381,34496.73494047619,1980.135238095238,28.677380952380954,80.875,41.416666666666664,0.29464285714285715,8.244642857142857,223.57142857142858,2.6626190476190477,145.65107348154763,0.0,145.65107142857144,11.5,3.0,7.0,2020.0,0.2857142857142857,2.9667980109739367,148.61787149252154,8868.431532142857,-8719.813660650336
2020-07-27,156350.74357142858,56117.80125,43469.58196428571,19017.889523809525,35673.38398809524,2072.0875595238094,30.29285714285714,76.7202380952381,72.58928571428571,0.12738095238095237,8.9375,215.21428571428572,2.4439285714285712,160.2179396,0.0,160.2179285714286,11.5,3.0,7.285714285714286,2020.0,0.2857142857142857,1.1480556861976619,161.36599528619766,9381.044614285714,-9219.678618999516
2020-08-03,152264.16898809525,57019.3605952381,39608.277559523805,18185.215892857144,35181.30547619048,2270.009642857143,30.77202380952381,76.27380952380952,55.589285714285715,0.1869047619047619,10.968452380952382,228.38095238095238,3.2061904761904763,162.01861523869047,0.0,162.01857738095237,11.5,3.0,8.0,2020.0,0.2857142857142857,31.75897579854987,193.77759103724034,9135.850139285714,-8942.072548248474
2020-08-10,145094.5519047619,53524.32744047619,36451.83446428572,19049.21410714286,33931.132202380955,2138.0432738095237,28.49761904761905,87.76190476190476,83.91666666666667,0.7142857142857143,9.630357142857143,165.1845238095238,2.4923214285714286,111.42003144166668,0.0,111.4200238095238,11.5,3.0,8.0,2020.0,0.2857142857142857,1.024405219152133,112.44443666081881,8705.673114285713,-8593.228677624895
2020-08-17,140755.65601190476,49734.100535714286,36225.55994047619,18139.146666666667,34494.25279761905,2162.595238095238,28.26666666666667,84.36309523809524,65.26785714285714,0.2357142857142857,11.173809523809524,179.26190476190476,3.012916666666667,120.51660061666668,0.0,120.5166011904762,11.5,3.0,8.0,2020.0,0.2857142857142857,5.751552501796329,126.26815311846299,8445.339360714286,-8319.071207595824
2020-08-24,147744.34714285715,51411.920892857146,37687.35511904762,18585.029642857142,37795.52470238096,2264.5169047619047,28.424404761904764,81.125,46.726190476190474,0.0636904761904762,10.50297619047619,210.27380952380952,3.5294047619047624,149.5256929595238,0.0,149.52569047619048,11.5,3.0,8.0,2020.0,0.2857142857142857,24.348698257560912,173.8743912170847,8864.660828571428,-8690.786437354343
2020-08-31,152536.78999999998,51794.353154761906,41482.65321428572,19406.344345238096,37631.71107142857,2221.7275595238093,28.467261904761905,80.52380952380952,51.93452380952381,0.15714285714285714,8.983333333333334,201.5,2.3813690476190477,154.00389405654764,0.0,154.00392261904761,11.5,3.0,8.857142857142858,2020.0,0.2857142857142857,2.0858643036775755,156.0897583602252,9152.2074,-8996.117641639774
2020-09-07,159603.25422619047,57422.94017857142,44577.08857142857,19100.68613095238,36272.14273809524,2230.396904761905,29.739285714285714,73.98214285714286,32.0,0.029166666666666667,6.354761904761904,232.04166666666666,1.960952380952381,186.5163110702381,0.0,186.5163154761905,11.5,3.0,9.0,2020.0,0.2857142857142857,0.24554732510288066,186.76185839534097,9576.195253571428,-9389.433395176087
2020-09-14,159477.8430357143,61658.23833333333,43649.19982142857,19689.386904761905,32338.44011904762,2142.577559523809,31.132738095238096,65.61904761904762,24.69047619047619,0.0035714285714285718,7.4678571428571425,234.97619047619048,2.271845238095238,197.5774832261905,0.0,197.5774761904762,11.5,3.0,9.0,2020.0,0.2857142857142857,1.7449023940165915,199.32238562020706,9568.670582142857,-9369.34819652265
2020-09-21,152788.97267857142,56222.59410714286,42065.10535714286,18000.571785714284,34448.316130952386,2052.3847023809526,29.864285714285714,64.26190476190476,20.053571428571427,0.047619047619047616,8.778571428571428,221.51190476190476,2.096488095238095,195.08013879119048,0.0,195.08011309523812,11.5,3.0,9.0,2020.0,0.2857142857142857,0.1452077862695146,195.22534657745996,9167.338360714286,-8972.113014136825
2020-09-28,152109.58232142855,51664.25797619048,45057.9131547619,19022.679880952383,34144.58404761905,2220.1480357142855,27.788690476190474,54.49404761904762,0.17261904761904762,0.0,9.801785714285714,236.60119047619048,2.7386309523809524,219.41604042065475,0.0,219.41604761904762,11.5,3.0,9.571428571428571,2020.0,0.2857142857142857,2.6250276961264616,222.04106811678122,9126.574939285714,-8904.533871168933
2020-10-05,153605.79970238096,48551.990178571425,47002.29607142857,19139.514404761903,36697.71607142857,2214.2839285714285,27.010119047619046,54.226190476190474,1.1369047619047619,0.0,7.9589285714285705,226.33928571428572,2.512440476190476,220.92979408922616,0.0,220.9298273809524,11.5,3.0,10.0,2020.0,0.2857142857142857,1.1709185283166765,222.10071261754288,9216.347982142857,-8994.247269525313
2020-10-12,148953.07583333334,47610.00964285714,46792.84869047619,19773.928273809524,32468.147083333333,2308.1424404761906,26.93095238095238,53.17857142857143,5.279761904761905,0.0,7.2577380952380945,205.8452380952381,2.2145833333333336,209.40571696428574,0.0,209.40570833333334,11.5,3.0,10.0,2020.0,0.2857142857142857,0.6177655709060029,210.0234825351917,8937.18455,-8727.161067464807
2020-10-19,142788.91988095237,42636.396785714285,46589.75702380952,18735.24761904762,32886.41291666667,1941.105476190476,25.420238095238098,40.57738095238095,10.380952380952381,0.0,7.625,197.05357142857142,2.2295238095238097,211.33302864285716,0.0,211.33301190476192,11.5,3.0,10.0,2020.0,0.2857142857142857,0.38456550885100277,211.71759415170814,8567.335192857143,-8355.617598705434
2020-10-26,140824.9629761905,39494.5105952381,47062.84214285714,15979.985714285714,36329.25821428571,1958.366488095238,23.023214285714285,39.42261904761905,2.869047619047619,0.0,8.729166666666666,192.51785714285714,2.7621428571428575,211.49376457738094,0.0,211.49377976190476,11.5,3.0,10.142857142857142,2020.0,0.2857142857142857,1.7869838412045203,213.28074841858546,8449.497778571429,-8236.217030152844
2020-11-02,141426.23023809525,38609.900357142855,47765.40672619048,15644.754226190476,37509.35607142857,1896.8127976190476,21.81845238095238,38.5,0.0,0.0,8.435119047619047,184.02380952380952,2.3307738095238095,214.7336685892857,0.0,214.7336726190476,11.5,3.0,11.0,2020.0,0.2857142857142857,0.2929625138807238,215.02663110316644,8485.573814285714,-8270.547183182547
2020-11-09,134522.2925595238,37417.35476190476,46097.470357142854,14734.35005952381,34520.31339285715,1752.8032142857144,20.907738095238095,56.898809523809526,11.547619047619047,0.025,7.446428571428571,166.375,2.1763690476190476,200.15176027380954,0.0,200.15173214285716,11.5,3.0,11.0,2020.0,0.2857142857142857,0.8612360376249265,201.01299631143445,8071.3375535714285,-7870.3245572599935
2020-11-16,130777.80511904763,34826.82791666667,45918.64136904762,14571.910952380953,33748.04005952381,1712.3844642857143,17.430357142857144,63.845238095238095,12.607142857142858,0.0488095238095238,9.582142857142857,157.64880952380952,3.1298214285714283,189.83336795238097,0.0,189.83335714285715,11.5,3.0,11.0,2020.0,0.2857142857142857,3.47773565386374,193.3111036062447,7846.668307142858,-7653.357203536611
2020-11-23,134130.49660714285,37004.625654761905,48321.20053571429,14069.278750000001,32976.22023809524,1759.1721428571427,16.532738095238095,63.666666666666664,28.226190476190474,0.0041666666666666675,8.846428571428572,146.4404761904762,2.751130952380952,185.04638610714287,0.0,185.046375,11.5,3.0,11.0,2020.0,0.2857142857142857,0.7641816170226664,185.81056772416554,8047.82979642857,-7862.019228704406
2020-11-30,138778.66136904762,39068.564880952385,49815.77386904762,14378.37119047619,33772.520892857145,1743.430892857143,17.951785714285716,66.88690476190476,1.4345238095238095,0.0,8.020833333333334,150.48809523809524,2.339345238095238,201.2721234166667,0.0,201.27211904761904,11.5,3.0,11.857142857142858,2020.0,0.2857142857142857,0.14440017310079042,201.41652358976748,8326.719682142857,-8125.30315855309
2020-12-07,138777.10553571428,39097.31720238095,49035.13428571428,14363.48136904762,34514.55101190476,1766.6222619047617,18.104761904761904,72.0,6.678571428571429,0.006547619047619048,7.66547619047619,137.49404761904762,2.6317261904761904,184.8823559845238,0.0,184.8823630952381,11.5,3.0,12.0,2020.0,0.2857142857142857,0.8876431674178589,185.76999915194168,8326.626332142858,-8140.856332990915
2020-12-14,142851.0605952381,41062.48380952381,48006.767440476186,15034.38255952381,36994.361607142855,1753.0648214285716,11.77797619047619,64.95238095238095,10.452380952380953,0.0,11.76845238095238,149.97619047619048,3.8066071428571426,213.06929549642857,0.0,213.06930952380952,11.5,3.0,12.0,2020.0,0.2857142857142857,4.667985114965053,217.73728061139363,8571.063635714285,-8353.326355102892
2020-12-21,148835.90720238094,43250.94375,50403.770535714284,15206.63017857143,38139.644583333335,1834.9177976190476,13.735714285714286,68.55952380952381,29.857142857142858,0.0011904761904761906,8.549404761904762,144.17261904761904,2.908154761904762,201.56004566130954,0.0,201.56003571428573,11.5,3.0,12.0,2020.0,0.2857142857142857,0.3150549676660788,201.8751006289756,8930.154432142857,-8728.27933151388
2020-12-28,148515.25029761906,42505.340059523805,50313.94101190476,15432.113392857142,38456.01452380953,1807.841130952381,11.725595238095238,72.19047619047619,22.601190476190474,0.075,10.255357142857143,139.9404761904762,3.2300595238095235,185.3377444114881,0.0,185.33776785714286,11.5,3.0,7.285714285714286,2020.4285714285713,0.2857142857142857,2.9191717208831407,188.25691613237123,8910.915017857144,-8722.658101724772
2021-01-04,142693.91654761904,38648.22994047619,49498.05154761905,15350.619285714285,37376.52714285714,1820.4888095238096,15.345238095238095,83.30952380952381,41.54761904761905,0.06607142857142857,10.029761904761905,117.8452380952381,2.6958333333333333,156.4796738335714,0.0,156.47965476190475,11.5,3.0,1.0,2021.0,0.2857142857142857,0.7570940378208897,157.23676787139232,8561.634992857142,-8404.398224985749
2021-01-11,145830.4875595238,41709.39654761905,49741.35511904762,15863.115773809524,36681.04089285714,1835.5789880952382,11.349404761904761,80.60119047619048,20.345238095238095,0.0,9.551190476190476,157.45238095238096,2.7591666666666668,210.5769740325,0.0,210.5769761904762,11.5,3.0,1.0,2021.0,0.2857142857142857,1.5462351884512382,212.12320922095122,8749.829253571428,-8537.706044350478
2021-01-18,155345.07827380951,43084.860714285714,52417.32565476191,16242.672797619047,41764.48678571429,1835.732857142857,13.829761904761906,80.23214285714286,9.56547619047619,0.017857142857142856,11.773214285714285,158.08333333333334,3.4101785714285713,210.83306253375,0.0,210.83310714285713,11.5,3.0,1.0,2021.0,0.2857142857142857,3.8619089506172837,214.69497148436727,9320.704696428571,-9106.009724944204
2021-01-25,156074.67035714287,43752.665,51336.3243452381,16164.68273809524,42985.49214285714,1835.506369047619,11.732142857142858,72.76190476190476,1.005952380952381,0.0,9.630357142857143,182.39285714285714,2.7414285714285715,233.09895408750003,0.0,233.09894642857142,11.5,3.0,1.0,2021.0,0.2857142857142857,0.7896219625710369,233.88857605007104,9364.480221428572,-9130.5916453785
2021-02-01,156262.39053571428,42522.36357142857,52319.39839285714,16139.96761904762,43448.21922619048,1832.4411904761905,14.917857142857141,74.67857142857143,10.452380952380953,0.06607142857142857,9.905357142857142,178.85714285714286,2.7658333333333336,219.74287015892855,0.0,219.742875,11.5,3.0,2.0,2021.0,0.2857142857142857,0.6141698592331309,220.3570400181617,9375.743432142855,-9155.386392124696
2021-02-08,155633.35202380954,41877.07160714286,51974.238809523806,16470.509761904763,43503.64785714286,1807.8837499999997,16.978571428571428,74.08333333333333,32.57142857142857,0.0,7.3410714285714285,195.51785714285714,2.0820238095238093,224.1812919779762,0.0,224.18127976190476,11.5,3.0,2.0,2021.0,0.2857142857142857,0.010107322490038536,224.19139930046623,9338.001121428571,-9113.809722128106
2021-02-15,152474.57571428572,40988.585952380956,49950.18,16042.365357142857,43702.45297619047,1790.9918452380953,18.40535714285714,69.91666666666667,4.744047619047619,0.0,7.920833333333333,208.01190476190476,2.313392857142857,227.4786547470238,0.0,227.47866666666664,11.5,3.0,2.0,2021.0,0.2857142857142857,0.2774065663988504,227.75606131342266,9148.474542857142,-8920.71848154372
2021-02-22,157554.15339285714,41567.631845238095,52791.12636904762,16794.910357142857,44607.01601190476,1793.469345238095,22.18095238095238,55.220238095238095,6.761904761904762,0.0,9.5875,218.51785714285714,2.8939880952380954,231.96629695833334,0.0,231.96627976190476,11.5,3.0,2.0,2021.0,0.2857142857142857,2.2145903635116597,234.18088732184498,9453.24920357143,-9219.068316249582
2021-03-01,163480.1682738095,42864.050416666665,54191.41035714286,17565.81494047619,47132.41726190476,1726.4748809523812,22.46011904761905,42.732142857142854,0.49404761904761907,0.0,12.389880952380953,236.28571428571428,3.5238095238095237,242.57685516071427,0.0,242.57685714285716,11.5,3.0,3.0,2021.0,0.2857142857142857,9.880844307270232,252.4576994679845,9808.810096428571,-9556.352396960587
2021-03-08,164008.6349404762,42448.71517857143,53293.88821428572,18189.70398809524,48316.387083333335,1759.9402380952383,24.027380952380952,55.523809523809526,19.273809523809526,0.005952380952380952,9.406547619047618,223.01785714285714,2.765357142857143,217.71058707738095,0.0,217.71055952380954,11.5,3.0,3.0,2021.0,0.2857142857142857,4.689075723430662,222.39966280081163,9840.518096428572,-9618.11843362776
2021-03-15,166555.73339285716,43389.98351190476,53405.987023809525,18905.203035714287,48937.21875,1917.3419642857143,24.853571428571428,46.208333333333336,33.601190476190474,0.0,9.966666666666667,239.9345238095238,2.8135714285714286,227.48601083333332,0.0,227.48600000000002,11.5,3.0,3.0,2021.0,0.2857142857142857,1.478721462864981,228.96473229619832,9993.344003571428,-9764.37927127523
2021-03-22,165438.0963095238,39994.322380952384,53444.9525,19962.643392857142,50046.963214285715,1989.2145238095236,24.979166666666668,45.13690476190476,14.648809523809524,0.002976190476190476,11.051785714285714,249.35714285714286,3.1747619047619047,234.01169822619045,0.0,234.01167857142858,11.5,3.0,3.0,2021.0,0.2857142857142857,4.032051040237769,238.04374926642825,9926.28577857143,-9688.242029305
2021-03-29,163594.56666666665,38007.44940476191,53085.57029761905,19957.677261904762,50821.96505952381,1721.9048214285715,27.194642857142856,23.30952380952381,0.9047619047619048,0.0,14.536904761904761,281.14285714285717,4.3272619047619045,250.0325572380357,0.0,250.03256547619046,11.5,3.0,3.5714285714285716,2021.0,0.2857142857142857,48.69425921026847,298.7268164483042,9815.673999999999,-9516.947183551694
2021-04-05,169162.3069047619,41260.663035714286,55325.39738095238,20598.96898809524,50125.9519047619,1851.326488095238,28.529761904761905,24.208333333333332,20.148809523809526,0.0,10.859523809523811,277.8452380952381,3.3324404761904765,239.2672679115476,0.0,239.26726785714285,11.5,3.0,4.0,2021.0,0.2857142857142857,3.299013750081651,242.5662816616293,10149.738414285714,-9907.172132624084
2021-04-12,163382.67267857143,42760.004226190475,54074.897619047624,20240.862797619047,44454.77494047619,1852.1336904761906,29.677976190476187,26.910714285714285,26.386904761904763,0.015476190476190477,10.751785714285713,258.44642857142856,3.2061309523809522,223.98595636702382,0.0,223.9859880952381,11.5,3.0,4.0,2021.0,0.2857142857142857,3.921640481089556,227.90759684811334,9802.960360714285,-9575.052763866172
2021-04-19,160290.14714285714,40533.532797619046,53857.65047619047,19990.430476190475,43942.779226190476,1965.7545238095238,27.572619047619046,34.101190476190474,18.113095238095237,0.0,13.292261904761904,258.3154761904762,3.6300000000000003,226.08721474458335,0.0,226.0872023809524,11.5,3.0,4.0,2021.0,0.2857142857142857,7.680702960676727,233.76791770526003,9617.40882857143,-9383.640910866168
2021-04-26,162361.13,45091.80732142857,51516.3793452381,20574.444404761907,43122.871666666666,2055.626964285714,32.35178571428572,24.833333333333332,27.416666666666668,0.0,9.588095238095239,256.8392857142857,2.7010714285714283,217.97455894678575,0.0,217.97456547619046,11.5,3.0,4.285714285714286,2021.0,0.2857142857142857,1.1641820089489845,219.1387409557347,9741.6678,-9522.529059044266
2021-05-03,155802.5580357143,44289.17755952381,50903.98988095239,17033.230357142857,41749.26511904762,1826.8958333333333,30.829761904761902,40.99404761904762,31.964285714285715,0.0625,9.873809523809523,243.5595238095238,2.263511904761905,206.38660022232142,0.0,206.38658333333336,11.5,3.0,5.0,2021.0,0.2857142857142857,0.31893576490953024,206.70553598723095,9348.153482142856,-9141.447946155626
2021-05-10,147352.30232142858,42363.482678571425,48503.65273809524,17324.422916666666,37390.90910714286,1769.8352976190477,30.077976190476193,44.51190476190476,24.482142857142858,0.014285714285714285,9.873214285714287,240.17857142857142,2.265892857142857,213.34415918452382,0.0,213.34416071428572,11.5,3.0,5.0,2021.0,0.2857142857142857,0.05841306584362141,213.40257225036743,8841.138139285715,-8627.735567035346
2021-05-17,136090.09547619047,37711.90523809524,41068.850595238095,19826.99244047619,35553.198333333334,1929.149107142857,26.94345238095238,64.30952380952381,56.839285714285715,0.7952380952380952,10.451785714285714,174.20238095238096,3.8777380952380955,143.1687211392857,0.0,143.1687142857143,11.5,3.0,5.0,2021.0,0.2857142857142857,17.72627028218695,160.89499142147264,8165.405728571429,-8004.510737149955
2021-05-24,147148.35011904762,45047.43089285714,47410.95678571429,16682.496428571427,35855.37386904762,2152.092083333333,30.163095238095234,47.714285714285715,1.5238095238095237,0.004166666666666667,12.462499999999999,282.17261904761904,3.9538690476190474,221.33322763690475,0.0,221.3332023809524,11.5,3.0,5.0,2021.0,0.2857142857142857,19.743678987850284,241.07690662475505,8828.901007142857,-8587.8241005181
2021-05-31,149538.91636904763,45500.77982142857,46364.29244047619,19397.58392857143,36347.84261904762,1928.4178571428572,30.498809523809523,60.160714285714285,21.761904761904763,0.036309523809523805,7.417857142857143,254.3452380952381,1.7973214285714285,194.86831892857143,0.0,194.86833333333334,11.5,3.0,5.857142857142857,2021.0,0.2857142857142857,0.025275050623816055,194.89359397919523,8972.334982142856,-8777.441388163661
2021-06-07,156821.3324404762,53911.04011904762,45292.06904761904,19307.916845238095,36208.677500000005,2101.6291666666666,33.15119047619047,52.93452380952381,18.226190476190474,0.04285714285714285,13.105952380952383,250.6845238095238,3.931309523809524,187.06138438690476,0.0,187.06138095238094,11.5,3.0,6.0,2021.0,0.2857142857142857,24.167580287739238,211.22896467464403,9409.27994642857,-9198.050981753928
2021-06-14,153765.56386904762,52555.99285714286,44030.07916666666,17711.796904761904,37234.626904761906,2233.068511904762,29.740476190476187,68.57142857142857,28.821428571428573,0.05119047619047619,9.589880952380952,231.0297619047619,2.170059523809524,175.04471618452382,0.0,175.04469642857143,11.5,3.0,6.0,2021.0,0.2857142857142857,0.3974467225161669,175.44216290703997,9225.933832142857,-9050.491669235818
2021-06-21,165613.5650595238,58337.94047619047,44343.982142857145,19086.071428571428,41527.47101190476,2318.0998214285714,32.736309523809524,54.79761904761905,21.43452380952381,0.01011904761904762,8.484523809523811,245.6845238095238,2.2539285714285717,190.70242467261903,0.0,190.70241666666666,11.5,3.0,6.0,2021.0,0.2857142857142857,0.11528619602847998,190.8177108686475,9936.813903571428,-9745.996192702782
2021-06-28,175934.2986904762,64669.173333333325,47370.82095238095,19886.119107142855,41862.00738095238,2146.1779166666665,35.36369047619048,41.45238095238095,32.69047619047619,0.0005952380952380953,12.469642857142858,253.85119047619048,3.27547619047619,193.8532638809524,0.0,193.85330357142857,11.5,3.0,6.571428571428571,2021.0,0.2857142857142857,17.74924603174603,211.6025099126984,10556.057921428572,-10344.455411515872
2021-07-05,178859.53910714286,66846.28279761905,50564.90797619047,20661.62035714286,38484.09273809524,2302.6345833333335,34.44702380952381,49.82738095238095,39.982142857142854,0.02023809523809524,12.308928571428572,240.5,3.390238095238095,178.47175847619047,0.0,178.4717261904762,11.5,3.0,7.0,2021.0,0.2857142857142857,6.391664184466653,184.86342266065714,10731.572346428571,-10546.708923767914
2021-07-12,167554.39898809526,61205.75773809524,47168.644523809526,21381.31297619048,35531.99333333333,2266.690714285714,30.639880952380953,74.85119047619048,78.83333333333333,0.30654761904761907,11.450595238095238,197.36904761904762,3.5846428571428572,142.42631222797618,0.0,142.42631547619047,11.5,3.0,7.0,2021.0,0.2857142857142857,5.532992626886146,147.95930485486232,10053.263939285713,-9905.304634430851
2021-07-19,158162.41357142857,55302.14815476191,44386.96970238096,21243.333035714288,34863.4125,2366.550297619048,28.707738095238092,85.68452380952381,70.02380952380952,0.993452380952381,7.031547619047619,189.98809523809524,2.102440476190476,128.81605222321429,0.0,128.81603571428573,11.5,3.0,7.0,2021.0,0.2857142857142857,0.22700867136978248,129.04306089458407,9489.744814285714,-9360.701753391131
2021-07-26,155895.34648809524,51250.666428571436,42041.63696428571,19847.91458333333,40455.6131547619,2299.514226190476,28.064285714285717,87.26190476190476,86.07142857142857,0.3636904761904762,7.630952380952381,142.5952380952381,1.9073809523809524,85.39217578571429,0.0,85.3921488095238,11.5,3.0,7.142857142857143,2021.0,0.2857142857142857,0.20882035077405448,85.60099613648833,9353.720789285713,-9268.119793149226
2021-08-02,167701.13410714286,54742.74113095238,46584.02357142857,20276.353988095238,43771.30988095238,2326.7038095238095,28.720833333333335,83.8452380952381,64.68452380952381,0.3678571428571429,6.7577380952380945,196.32738095238096,2.059940476190476,152.78481013809525,0.0,152.78483333333332,11.5,3.0,8.0,2021.0,0.2857142857142857,0.48421368149454563,153.2690238195898,10062.06804642857,-9908.79902260898
2021-08-09,179501.0857142857,60396.97369047619,52466.50107142857,20914.895595238097,43377.66119047619,2345.0535119047618,30.076785714285712,69.5,32.55952380952381,0.023214285714285715,11.576190476190476,243.4702380952381,2.915,197.0528165613095,0.0,197.05281547619046,11.5,3.0,8.0,2021.0,0.2857142857142857,2.337994194591417,199.39081075590093,10770.065142857142,-10570.674332101242
2021-08-16,173611.1119642857,62044.22583333333,48970.86958333333,20588.946428571428,39704.5375,2302.53130952381,29.410119047619045,76.80952380952381,59.70238095238095,0.25357142857142856,8.823214285714286,204.23214285714286,2.616547619047619,148.63048556440475,0.0,148.63046428571428,11.5,3.0,8.0,2021.0,0.2857142857142857,0.7138500963485532,149.3443356607533,10416.666717857142,-10267.32238219639
2021-08-23,171880.03035714285,58291.63255952381,51088.475535714286,20482.429880952383,39754.60845238095,2262.8849999999998,29.329761904761902,76.42857142857143,61.80357142857143,0.05535714285714286,9.372619047619047,231.89285714285714,2.3267857142857142,167.52515889761904,0.0,167.52514285714287,11.5,3.0,8.0,2021.0,0.2857142857142857,1.4709815304722713,168.9961404280913,10312.801821428571,-10143.80568100048
2021-08-30,162301.2206547619,55520.767678571436,46878.56744047619,20810.367976190475,36743.458452380946,2348.0582142857143,27.345833333333335,87.60119047619048,68.36904761904762,0.28690476190476194,7.611309523809524,186.95238095238096,2.6473809523809524,135.15872066761906,0.0,135.15872023809524,11.5,3.0,8.714285714285714,2021.0,0.2857142857142857,0.7572124812201974,135.91593314883926,9738.073239285713,-9602.157306136874
2021-09-06,158205.65636904762,53415.61607142857,44196.98375,20940.752976190477,37273.85910714286,2378.442976190476,27.43452380952381,86.57142857142857,76.18452380952381,0.3375,12.091071428571428,164.54166666666666,3.738809523809524,125.68353496130952,0.0,125.68354166666666,11.5,3.0,9.0,2021.0,0.2857142857142857,8.386060911881899,134.06959587319142,9492.339382142856,-9358.269786269666
2021-09-13,154974.39839285714,47255.58636904762,43348.686904761904,18951.158452380954,43080.88422619047,2338.08125,27.76666666666667,80.24404761904762,38.44047619047619,0.08392857142857142,11.12797619047619,181.38690476190476,3.253333333333333,155.30713877380953,0.0,155.30716666666666,11.5,3.0,9.0,2021.0,0.2857142857142857,2.2778416780978508,157.58498045190737,9298.463903571428,-9140.87892311952
2021-09-20,157206.95386904763,47996.61089285714,45543.81398809524,20095.524404761905,41182.4468452381,2388.55625,27.210714285714282,85.4702380952381,44.714285714285715,0.18928571428571428,8.705357142857142,184.1845238095238,2.8435714285714284,155.12950780589284,0.0,155.1295238095238,11.5,3.0,9.0,2021.0,0.2857142857142857,0.4541569093343784,155.58366471522723,9432.417232142858,-9276.83356742763
2021-09-27,155176.78666666668,50346.68607142857,44891.21071428571,18820.232976190477,38813.254642857144,2305.401726190476,28.487499999999997,79.61904761904762,16.708333333333332,0.01904761904761905,7.9678571428571425,203.5595238095238,2.5258333333333334,183.35485533964285,0.0,183.35485714285713,11.5,3.0,9.428571428571429,2021.0,0.2857142857142857,1.2529318946371415,184.60778723427998,9310.6072,-9125.99941276572
2021-10-04,159066.50244047618,50099.71452380952,48103.2319047619,20051.571666666667,38474.900714285715,2337.0825595238093,28.25654761904762,69.17261904761905,7.440476190476191,0.01488095238095238,7.254761904761905,210.39880952380952,1.925059523809524,199.8646269057738,0.0,199.86463690476188,11.5,3.0,10.0,2021.0,0.2857142857142857,0.021832394343196816,199.886459300117,9543.99014642857,-9344.103687128454
2021-10-11,156312.18214285714,48819.20601190477,48779.09279761904,19576.04863095238,36711.34089285714,2426.4930357142857,26.697023809523813,59.82738095238095,13.119047619047619,0.019642857142857142,9.080357142857142,200.74404761904762,2.574404761904762,205.82054891071428,0.0,205.82055357142858,11.5,3.0,10.0,2021.0,0.2857142857142857,0.43629602684695273,206.25684493756125,9378.730928571427,-9172.474083633868
2021-10-18,148256.3932142857,40577.70059523809,48309.82410714286,17945.98261904762,39290.36523809524,2132.5202976190476,23.53035714285714,71.38095238095238,19.261904761904763,0.16428571428571428,11.000595238095238,167.70833333333334,3.349345238095238,182.51740941904762,0.0,182.51741666666666,11.5,3.0,10.0,2021.0,0.2857142857142857,5.7392602472401855,188.25666966628782,8895.383592857143,-8707.126923190855
2021-10-25,146409.3742857143,38146.94452380952,49617.97607142857,18158.821845238093,38426.619107142855,2059.0120238095237,21.314880952380953,63.851190476190474,0.5714285714285714,0.0,9.450595238095238,184.67857142857142,2.4537500000000003,211.8886997142857,0.0,211.88870833333334,11.5,3.0,10.0,2021.0,0.2857142857142857,0.3943087807825462,212.28300849506826,8784.562457142856,-8572.279448647789
2021-11-01,132647.30345238096,35886.64630952381,45306.0255952381,16892.62476190476,32705.694226190477,1856.3113095238095,21.34702380952381,60.595238095238095,10.19047619047619,0.0,9.006547619047618,172.92261904761904,2.587142857142857,206.70152201190476,0.0,206.7015357142857,11.5,3.0,11.0,2021.0,0.2857142857142857,0.463333512966229,207.16485552487097,7958.838207142857,-7751.673351617986
2021-11-08,139290.85351190477,38763.33458333333,49204.36011904762,16352.020238095238,33130.19101190476,1840.9470238095237,20.198809523809523,59.01190476190476,11.863095238095237,0.0,8.525595238095239,167.42261904761904,1.9960714285714285,212.61602142857143,0.0,212.61601785714288,11.5,3.0,11.0,2021.0,0.2857142857142857,0.2011427918218042,212.8171642203932,8357.451210714285,-8144.634046493892
2021-11-15,139323.1889285714,38686.58839285714,50792.77910714286,15830.877857142857,32200.029226190476,1812.9145238095239,18.60595238095238,59.982142857142854,26.36904761904762,0.0,6.877976190476191,153.38690476190476,1.9216666666666664,203.59407399999998,0.0,203.59406547619048,11.5,3.0,11.0,2021.0,0.2857142857142857,0.11015224704422234,203.70422624704423,8359.391335714285,-8155.687109467241
2021-11-22,142150.9044047619,40317.31767857143,51351.040357142854,16108.514583333334,32553.53511904762,1820.4959523809525,18.541071428571428,64.25595238095238,0.9107142857142857,0.0,8.989285714285714,150.66666666666666,2.5839285714285714,205.42407651785712,0.0,205.4240892857143,11.5,3.0,11.0,2021.0,0.2857142857142857,1.6650172692533802,207.08909378711053,8529.054264285714,-8321.965170498603
2021-11-29,139208.30898809523,40716.636726190474,48451.117202380956,15349.439940476192,32862.89898809524,1828.2155357142858,17.638095238095236,72.0297619047619,55.404761904761905,0.026190476190476188,7.752380952380953,113.26785714285714,1.8992261904761905,143.34702856904764,0.0,143.34701785714284,11.5,3.0,11.714285714285714,2021.0,0.2857142857142857,0.07041550721797636,143.4174440762656,8352.498539285714,-8209.081095209447
2021-12-06,145818.72285714286,42448.652440476195,50406.56303571429,15806.02244047619,35310.997619047615,1846.487976190476,15.734523809523811,69.51190476190476,12.023809523809524,0.009523809523809525,8.452380952380953,140.04761904761904,2.3111309523809522,200.05664362500002,0.0,200.05661309523808,11.5,3.0,12.0,2021.0,0.2857142857142857,0.07969262362009275,200.1363362486201,8749.123371428572,-8548.98703517995
2021-12-13,148086.4800595238,43260.32369047619,51018.189464285715,15653.959583333333,36300.89351190477,1853.1138095238096,13.086904761904762,65.44047619047619,19.767857142857142,0.0,10.326190476190476,128.25,3.2676785714285717,189.4337449047619,0.0,189.43373214285714,11.5,3.0,12.0,2021.0,0.2857142857142857,4.315210260304395,193.7489551650663,8885.18880357143,-8691.439848406362
2021-12-20,153592.70178571428,45007.75636904762,52271.09732142857,16480.898511904765,37943.97333333333,1888.9756547619047,13.755357142857143,71.98809523809524,38.273809523809526,0.027380952380952377,7.225,127.07142857142857,2.2037500000000003,179.04638625119048,0.0,179.0463869047619,11.5,3.0,12.0,2021.0,0.2857142857142857,0.014868672022993008,179.06125492321348,9215.562107142856,-9036.500852219644
2021-12-27,148473.01875,42611.10136904762,49146.67172619047,16254.742321428572,38563.64267857143,1896.8601785714286,12.275595238095239,73.19642857142857,47.86904761904762,0.029166666666666667,7.316071428571428,129.23809523809524,1.991309523809524,179.5860563785714,0.0,179.58607142857142,11.5,3.0,8.857142857142858,2021.2857142857142,0.2857142857142857,0.05892668528316677,179.6449830638546,8908.381125,-8728.736141936146
2022-01-03,147728.93958333335,39664.68845238096,49601.840416666666,16606.661964285715,39931.680297619045,1924.0676785714286,14.314285714285715,82.92857142857143,68.83928571428571,0.19285714285714284,10.679166666666665,81.55952380952381,3.2260714285714287,94.29934766914286,0.0,94.29934523809524,11.5,3.0,1.0,2022.0,0.2857142857142857,5.868035836762688,100.16738350590556,8863.736374999999,-8763.568991494094
2022-01-10,145512.9317857143,41712.889285714286,46687.62017857143,16367.86,38893.37541666667,1851.186904761905,11.082142857142857,81.5,29.25,0.0,7.01547619047619,140.83928571428572,1.8295833333333333,165.95541644875,0.0,165.9553988095238,11.5,3.0,1.0,2022.0,0.2857142857142857,0.0022537722908093256,165.95767022104081,8730.775907142857,-8564.818236921816
2022-01-17,153232.97,43764.98464285714,49699.83452380953,17324.7425,40524.03005952381,1919.3785714285714,11.685714285714287,86.28571428571429,57.726190476190474,0.16607142857142856,8.406547619047618,117.7797619047619,2.6107738095238098,136.0387564752381,0.0,136.03880357142856,11.5,3.0,1.0,2022.0,0.2857142857142857,12.874021776406035,148.9127782516441,9193.9782,-9045.065421748357
2022-01-24,155095.2798214286,43427.81363095238,50785.06779761905,17191.63011904762,41760.81083333333,1929.9576785714287,11.561904761904762,76.2202380952381,6.517857142857143,0.0035714285714285713,11.136904761904763,162.45833333333334,3.0520833333333335,201.30285134613098,0.0,201.3028630952381,11.5,3.0,1.0,2022.0,0.2857142857142857,2.0535893265399436,203.35644067267089,9305.716789285714,-9102.360348613043
2022-01-31,159968.26875,44300.38113095238,53461.110297619045,17014.505892857145,43312.87511904762,1879.3958928571428,12.96904761904762,81.35714285714286,25.279761904761905,0.1,9.95,153.91666666666666,2.624702380952381,186.91661904797618,0.0,186.9165773809524,11.5,3.0,1.8571428571428572,2022.0,0.2857142857142857,2.9535390946502065,189.8701581426264,9598.096125,-9408.225966857373
2022-02-07,160869.44279761906,43419.81601190476,54110.479107142855,17069.327678571426,44356.29428571429,1913.526607142857,14.695833333333335,74.1547619047619,14.916666666666666,0.02976190476190476,9.667857142857143,182.2797619047619,2.723690476190476,217.47949477059524,0.0,217.47948809523808,11.5,3.0,2.0,2022.0,0.2857142857142857,1.831934540139787,219.31142931073504,9652.166567857143,-9432.855138546407
2022-02-14,162644.2875,43784.94422619048,54550.45988095238,17493.64363095238,44888.80726190476,1926.4334523809525,16.692261904761907,63.92261904761905,2.4345238095238093,0.0,9.507738095238095,203.02380952380952,2.739702380952381,231.79923470714286,0.0,231.79923809523808,11.5,3.0,2.0,2022.0,0.2857142857142857,1.784129809262525,233.58336451640537,9758.657249999998,-9525.073885483594
2022-02-21,165087.50791666665,42778.64005952381,55817.89357142857,17158.958511904762,47476.206607142856,1855.8095238095239,18.094047619047622,64.2797619047619,23.071428571428573,0.008928571428571428,12.462499999999999,208.85714285714286,3.6902380952380955,226.71851480654763,0.0,226.7185357142857,11.5,3.0,2.0,2022.0,0.2857142857142857,17.658741483767717,244.37725629031533,9905.250474999999,-9660.873218709685
2022-02-28,166987.8068452381,43395.08922619048,56123.793869047615,17412.229761904764,48173.76148809524,1882.9333333333332,18.419642857142858,64.36904761904762,21.214285714285715,0.009523809523809525,9.91547619047619,221.26190476190476,2.6869642857142857,230.28191683928574,0.0,230.28191666666666,11.5,3.0,2.857142857142857,2022.0,0.2857142857142857,0.42686939871970736,230.70878623800542,10019.268410714285,-9788.55962447628
2022-03-07,170632.69964285713,44583.31982142857,56518.994047619046,18433.774166666666,49134.00476190476,1962.6075,22.08511904761905,55.517857142857146,19.160714285714285,0.0,10.875,237.29166666666666,2.953154761904762,236.1154251547619,0.0,236.11541071428573,11.5,3.0,3.0,2022.0,0.2857142857142857,1.002482567443987,237.11790772220587,10237.961978571428,-10000.844070849222
2022-03-14,174956.24833333332,46034.25386904762,57235.58154761904,19681.230654761905,49963.37035714286,2041.8126785714287,26.748809523809523,60.660714285714285,8.964285714285714,0.0,9.6125,246.08333333333334,2.795654761904762,233.75441844642856,0.0,233.75442857142858,11.5,3.0,3.0,2022.0,0.2857142857142857,5.078791274740349,238.83320972116894,10497.374899999999,-10258.541690278831
2022-03-21,178592.0026785714,46971.6531547619,58683.294642857145,21298.990595238094,49596.009523809524,2042.0552976190475,27.53392857142857,35.970238095238095,1.494047619047619,0.0,13.394642857142859,260.54761904761904,3.3964880952380954,243.67689980357144,0.0,243.67690476190478,11.5,3.0,3.0,2022.0,0.2857142857142857,10.714370631654582,254.39127043522598,10715.520160714284,-10461.12889027906
2022-03-28,182156.86880952382,48462.29226190476,59214.14982142857,21678.378571428573,50760.56428571429,2041.4832738095238,29.265476190476193,27.13095238095238,0.0,0.0,9.849404761904761,272.6666666666667,2.5742261904761907,242.03790374160715,0.0,242.03793452380953,11.5,3.0,3.4285714285714284,2022.0,0.2857142857142857,1.1671054036841073,243.20500914529126,10929.412128571428,-10686.207119426137
2022-04-04,183729.41958333334,49285.982202380954,60566.7275,21848.022321428572,49965.443809523815,2063.2423809523807,31.178571428571427,17.589285714285715,14.529761904761905,0.0,11.942857142857143,279.0595238095238,2.815952380952381,239.61750573684523,0.0,239.6175297619048,11.5,3.0,4.0,2022.0,0.2857142857142857,2.061409007773205,241.67891474461845,11023.765174999999,-10782.086260255383
2022-04-11,182215.95089285713,51330.618511904766,60264.36583333334,22849.360714285714,45792.205297619046,1979.3997023809525,32.085119047619045,19.19047619047619,27.720238095238095,0.0,10.424404761904762,273.9404761904762,2.8685119047619048,229.4122556497619,0.0,229.41225595238095,11.5,3.0,4.0,2022.0,0.2857142857142857,1.3162602717355805,230.7285159214975,10932.957053571428,-10702.228537649931
2022-04-18,182867.82952380952,52004.78446428572,60766.73875,22251.707738095236,45844.36386904762,2000.2350595238095,32.41607142857143,20.702380952380953,18.922619047619047,0.0,12.591666666666667,265.1607142857143,3.4210714285714285,219.75111821523808,0.0,219.75108928571427,11.5,3.0,4.0,2022.0,0.2857142857142857,13.48076263145862,233.2318808466967,10972.069771428572,-10738.837890581875
2022-04-25,185712.58875,53512.58107142857,60883.87857142857,21813.655535714286,47471.655595238095,2030.8169047619047,34.11964285714286,18.738095238095237,9.666666666666666,0.0,12.744642857142857,277.625,3.295595238095238,227.94847028708335,0.0,227.94849404761905,11.5,3.0,4.142857142857143,2022.0,0.2857142857142857,5.747501143118427,233.69597143020175,11142.755325,-10909.059353569799
2022-05-02,182145.55327380952,55735.983452380955,60054.46738095238,20066.30154761905,44290.04452380952,1998.754642857143,32.18571428571428,38.5,10.613095238095237,0.0017857142857142859,10.370238095238095,262.0892857142857,2.442440476190476,216.5922436426786,0.0,216.59224404761906,11.5,3.0,5.0,2022.0,0.2857142857142857,0.7924079299758311,217.3846515726544,10928.733196428571,-10711.348544855917
2022-05-09,184447.6048809524,61747.4893452381,60120.37291666667,21534.239107142857,39045.191726190475,2000.3099404761906,34.95595238095238,36.898809523809526,7.261904761904762,0.0,12.341666666666667,261.7916666666667,3.3786309523809526,217.20978016684526,0.0,217.20978571428572,11.5,3.0,5.0,2022.0,0.2857142857142857,7.230933405186492,224.4407135720317,11066.856292857143,-10842.41557928511
2022-05-16,181848.67589285714,61301.87601190476,58042.60869047619,21497.565357142856,39014.02809523809,1992.5957142857144,35.01309523809524,29.613095238095237,23.86904761904762,0.002380952380952381,11.14345238095238,245.45238095238096,2.8010714285714284,207.801763375,0.0,207.80176785714286,11.5,3.0,5.0,2022.0,0.2857142857142857,11.434434401332549,219.23619777633255,10910.920553571428,-10691.684355795096
2022-05-23,174695.2719047619,51905.505535714285,56337.16154761905,21706.80255952381,42692.40880952381,2053.3913690476193,29.74642857142857,55.75595238095238,18.523809523809526,0.15892857142857142,10.841071428571428,249.0952380952381,3.2124404761904763,194.75213614880954,0.0,194.75214880952382,11.5,3.0,5.0,2022.0,0.2857142857142857,10.818540286759424,205.57067643556894,10481.716314285713,-10276.145637850146
2022-05-30,188063.40279761906,60884.24648809524,58282.39529761905,22929.076726190477,43924.7525,2042.9314285714286,34.229166666666664,29.904761904761905,9.672619047619047,0.0011904761904761906,10.847619047619048,259.6547619047619,2.84625,205.1511168333333,0.0,205.151125,11.5,3.0,5.714285714285714,2022.0,0.2857142857142857,3.1041374110000652,208.2552542443334,11283.804167857143,-11075.548913612809
2022-06-06,191640.83738095238,65955.60232142857,57637.35154761905,23015.840595238096,42896.42833333333,2135.61369047619,36.59285714285714,20.80952380952381,6.708333333333333,0.0,16.286309523809525,262.7261904761905,4.48202380952381,203.9406333095238,0.0,203.940625,11.5,3.0,6.0,2022.0,0.2857142857142857,41.69470828434254,245.63534159386637,11498.450242857143,-11252.814901263275
2022-06-13,182321.5392857143,62145.34107142858,54301.18880952381,22056.424583333333,42053.045595238094,1765.5394642857143,32.625595238095244,51.214285714285715,37.13690476190476,0.1375,14.586904761904762,221.54761904761904,3.8170238095238096,157.82966399404762,0.0,157.82965476190478,11.5,3.0,6.0,2022.0,0.2857142857142857,21.5243261725129,179.35399016656052,10939.292357142856,-10759.938366976296
2022-06-20,176702.1555952381,60847.36273809524,51524.229166666664,22155.11369047619,39975.48160714286,2199.96875,30.461309523809526,57.023809523809526,20.273809523809526,0.13333333333333336,9.22202380952381,255.67857142857142,2.994761904761905,194.85415325595238,0.0,194.85416666666666,11.5,3.0,6.0,2022.0,0.2857142857142857,3.7492033770984383,198.60335663305082,10602.129335714286,-10403.525979081234
2022-06-27,179260.78285714285,63001.16517857143,50524.00708333333,21899.386904761905,41539.04279761905,2297.1813095238094,31.202976190476193,69.01190476190476,78.71428571428571,0.060119047619047614,10.038095238095238,211.00595238095238,2.7673809523809525,140.63506868333334,0.0,140.63500595238096,11.5,3.0,6.428571428571429,2022.0,0.2857142857142857,2.056219258279443,142.69128794161279,10755.646971428572,-10612.955683486958
2022-07-04,176182.17916666667,66290.80446428571,46611.19196428572,22746.64285714286,37975.67440476191,2557.8650000000002,31.19404761904762,71.3452380952381,72.13690476190476,0.17261904761904762,10.175595238095237,218.82142857142858,3.150952380952381,157.8340055654762,0.0,157.8339880952381,11.5,3.0,7.0,2022.0,0.2857142857142857,2.7636864671108494,160.59769203258705,10570.93075,-10410.333057967413
2022-07-11,168957.80071428572,62545.54011904762,44050.29041666667,23167.878333333334,36561.72833333333,2632.3638095238093,30.583928571428572,73.74404761904762,47.470238095238095,0.27976190476190477,9.411309523809523,214.5595238095238,3.3407738095238093,172.1273496184524,0.0,172.12735714285714,11.5,3.0,7.0,2022.0,0.2857142857142857,8.18744819223986,180.31479781069226,10137.468042857143,-9957.153245046451
2022-07-18,169171.65726190477,58609.537202380954,45499.07696428571,23442.667976190478,39102.82494047619,2517.5501785714287,29.038095238095234,81.44047619047619,81.95833333333333,0.45535714285714285,9.04047619047619,204.95238095238096,3.0438095238095237,128.53473979821428,0.0,128.53475,11.5,3.0,7.0,2022.0,0.2857142857142857,10.977511855771114,139.5122516539854,10150.299435714285,-10010.7871840603
2022-07-25,169494.31154761906,56261.74297619048,47458.254583333335,22947.69892857143,40384.83357142857,2441.7816666666668,28.030357142857145,82.68452380952381,83.2797619047619,0.37023809523809526,9.688095238095238,198.21428571428572,3.228630952380952,124.96967454761905,0.0,124.96965476190478,11.5,3.0,7.0,2022.0,0.2857142857142857,9.465670643085767,134.43534519070482,10169.658692857143,-10035.223347666437
2022-08-01,172412.09345238094,58889.02738095238,50053.93440476191,23509.84095238095,37390.54434523809,2568.746130952381,28.356547619047618,83.07142857142857,78.42857142857143,0.23095238095238094,7.338095238095238,198.39880952380952,1.7410714285714286,123.26735122738096,0.0,123.26733928571429,11.5,3.0,8.0,2022.0,0.2857142857142857,0.012022111176432159,123.27937333855739,10344.725607142856,-10221.4462338043
2022-08-08,168164.89184523807,61831.42398809524,44153.99398809524,21886.069642857143,37648.91827380952,2644.485833333333,29.258333333333333,77.66071428571429,52.76190476190476,0.06726190476190477,11.417261904761904,216.54761904761904,3.6112500000000005,166.1069531904762,0.0,166.10695833333335,11.5,3.0,8.0,2022.0,0.2857142857142857,16.534208815076102,182.6411620055523,10089.893510714286,-9907.252348708733
2022-08-15,169742.79303571428,59746.627380952385,43122.61976190476,22113.939166666667,42065.822916666664,2693.7838095238094,28.576190476190476,76.79761904761905,62.470238095238095,0.1113095238095238,12.152380952380952,202.36904761904762,3.9972619047619045,132.52030008214285,0.0,132.5203154761905,11.5,3.0,8.0,2022.0,0.2857142857142857,53.022191227382585,185.54249130952545,10184.567582142856,-9999.025090833331
2022-08-22,178594.68910714285,63540.02648809523,47798.372619047615,22639.14642857143,41903.662202380954,2713.4817261904764,29.69285714285714,68.35714285714286,56.708333333333336,0.06369047619047619,13.305357142857144,225.82738095238096,4.032678571428572,171.0681796642857,0.0,171.0681369047619,11.5,3.0,8.0,2022.0,0.2857142857142857,36.03219329316088,207.1003729574466,10715.681346428571,-10508.580973471124
2022-08-29,183153.08357142858,66607.34714285715,51590.58130952381,23243.984345238096,39230.87767857143,2480.2928571428574,31.420238095238098,58.648809523809526,46.19642857142857,0.007738095238095238,9.536309523809523,237.48809523809524,2.3810714285714285,191.56926071607143,0.0,191.56927976190477,11.5,3.0,8.571428571428571,2022.0,0.2857142857142857,3.128564210595075,194.6978249266665,10989.185014285715,-10794.487189359046
2022-09-05,184130.51345238095,69574.07803571428,51758.38,22950.788095238095,37337.22607142857,2510.039345238095,31.20654761904762,58.68452380952381,15.875,0.041666666666666664,8.266666666666666,239.75,2.0076785714285714,185.52699890238097,0.0,185.52698214285715,11.5,3.0,9.0,2022.0,0.2857142857142857,0.011938524724018552,185.53893742710497,11047.830807142856,-10862.291869715751
2022-09-12,169440.65720238094,59579.10142857143,46081.65369047619,21248.10636904762,40106.31690476191,2425.4770833333337,27.863095238095237,76.28571428571429,50.154761904761905,0.19345238095238096,12.605357142857141,193.8154761904762,3.5080357142857146,135.31063921904763,0.0,135.31064285714285,11.5,3.0,9.0,2022.0,0.2857142857142857,8.16469029655758,143.4753295156052,10166.439432142857,-10022.964102627253
2022-09-19,170293.73446428572,52630.123869047624,48364.22964285714,22902.39482142857,43845.296904761904,2551.688452380952,26.265476190476193,86.60714285714286,67.98214285714286,0.7654761904761904,9.492857142857142,147.98809523809524,2.934285714285714,101.89057852080357,0.0,101.89060119047619,11.5,3.0,9.0,2022.0,0.2857142857142857,5.0091336632046515,106.89971218400822,10217.624067857143,-10110.724355673136
2022-09-26,171300.995,51635.78684523809,52484.46666666667,23276.132857142857,41314.75470238095,2589.8542857142857,27.299404761904764,75.52380952380952,7.809523809523809,0.0017857142857142859,7.873214285714286,219.44642857142858,2.175,202.95180882333335,0.0,202.95181547619046,11.5,3.0,9.285714285714286,2022.0,0.2857142857142857,0.2984773662551441,203.25028618958848,10278.0597,-10074.809413810412
2022-10-03,161421.10797619048,50251.12357142857,50558.538035714286,20815.407857142858,37593.54273809524,2202.4960714285717,25.521428571428572,78.375,54.05357142857143,0.5089285714285714,11.357738095238094,141.10119047619048,3.0800000000000005,124.07623907630952,0.0,124.07622023809525,11.5,3.0,10.0,2022.0,0.2857142857142857,7.2660932702985175,131.34233234660803,9685.266478571428,-9553.924146224821
2022-10-10,153150.20916666667,44039.58863095238,49242.81119047619,21100.20648809524,36544.08005952381,2223.5225,23.76547619047619,76.7202380952381,22.035714285714285,0.025595238095238095,7.637499999999999,182.45238095238096,1.8471428571428572,177.23041641666666,0.0,177.23042857142858,11.5,3.0,10.0,2022.0,0.2857142857142857,0.14971662094192956,177.38013303760857,9189.01255,-9011.632416962391
2022-10-17,153384.19529761904,44618.52940476191,49523.017916666664,20659.24369047619,36333.645952380946,2249.757916666667,23.52559523809524,64.14880952380952,0.5892857142857143,0.006547619047619048,7.135714285714285,197.5297619047619,2.189761904761905,216.35874427380952,0.0,216.35872023809523,11.5,3.0,10.0,2022.0,0.2857142857142857,0.0890468515252466,216.44779112533476,9203.051717857143,-8986.603926731808
2022-10-24,140165.15922619047,39793.56690476191,43286.055654761905,18916.21869047619,36340.43464285714,1828.8842857142856,23.017857142857142,61.74404761904762,0.0,0.0,7.273214285714286,187.92857142857142,2.0177976190476192,212.75884897619048,0.0,212.7588511904762,11.5,3.0,10.0,2022.0,0.2857142857142857,0.2061015579071134,212.96495053409757,8409.909553571428,-8196.944603037331
2022-10-31,152879.47898809524,43348.134821428575,51382.91363095238,18501.30738095238,37649.17571428571,1997.9458928571428,23.635714285714286,69.61904761904762,15.773809523809524,0.0,7.633928571428571,169.2202380952381,2.4872619047619047,200.64818423214288,0.0,200.64816666666667,11.5,3.0,10.857142857142858,2022.0,0.2857142857142857,0.29144593049839973,200.93963016264124,9172.768739285713,-8971.829109123073
2022-11-07,154947.13041666668,43046.533273809524,54682.854464285716,17604.75755952381,37680.70416666666,1932.280654761905,21.21011904761905,68.19047619047619,21.529761904761905,0.045238095238095244,8.504166666666666,156.26785714285714,2.473392857142857,195.89013879761902,0.0,195.89013095238096,11.5,3.0,11.0,2022.0,0.2857142857142857,1.8464021817231693,197.7365409793422,9296.827825,-9099.091284020657
2022-11-14,155199.83636904764,43345.13035714286,55559.457916666666,16402.80279761905,38017.9319047619,1874.5117857142857,18.754166666666666,60.982142857142854,16.767857142857142,0.0,9.153571428571428,155.67261904761904,2.8954166666666667,206.05120610119047,0.0,206.05120238095236,11.5,3.0,11.0,2022.0,0.2857142857142857,2.4632241328630213,208.5144302340535,9311.990182142858,-9103.475751908803
2022-11-21,157810.5155952381,44468.71773809524,55959.61041666667,16748.44095238095,38744.988750000004,1888.7570238095238,17.47797619047619,56.76190476190476,3.9523809523809526,0.0,10.23154761904762,154.70833333333334,2.813511904761905,212.1049766547619,0.0,212.10497023809526,11.5,3.0,11.0,2022.0,0.2857142857142857,1.4052024381083026,213.5101790928702,9468.630935714285,-9255.120756621416
2022-11-28,159189.76845238096,44473.90761904762,56247.33613095238,16528.924404761903,40034.22988095238,1905.3700595238095,16.836309523809526,70.93452380952381,15.333333333333334,0.0,6.604166666666667,146.46428571428572,1.6446428571428573,203.8452711309524,0.0,203.84528571428572,11.5,3.0,11.571428571428571,2022.0,0.2857142857142857,0.00041079593703050287,203.8456819268894,9551.386107142856,-9347.540425215968
2022-12-05,157935.54261904763,45223.26154761905,56083.45684523809,16715.843690476187,37990.2993452381,1922.6814880952381,16.357142857142858,71.36309523809524,0.0,0.0,10.47857142857143,143.26785714285714,3.006666666666667,205.50739249702383,0.0,205.50739285714286,11.5,3.0,12.0,2022.0,0.2857142857142857,1.953775548696845,207.46116804572068,9476.132557142857,-9268.671389097135
2022-12-12,159261.09464285715,45959.96476190476,57245.52327380952,16929.202797619047,37241.347559523805,1885.0552380952383,15.210714285714285,62.351190476190474,0.0,0.0,11.29404761904762,143.73214285714286,3.1475595238095235,209.073779075,0.0,209.07375595238096,11.5,3.0,12.0,2022.0,0.2857142857142857,4.332802452805539,213.40658152780557,9555.66567857143,-9342.259097043623
2022-12-19,164715.0113095238,46762.96702380952,57918.04958333333,16965.904404761903,41164.60827380953,1903.482142857143,12.791666666666666,78.82142857142857,25.125,0.0,8.778571428571428,139.45238095238096,2.690892857142857,201.9522839952381,0.0,201.95231547619048,11.5,3.0,12.0,2022.0,0.2857142857142857,0.4355611323404533,202.38784512757857,9882.900678571428,-9680.51283344385
2022-12-26,166848.64232142858,48176.37327380952,57241.903869047615,17241.009642857145,42242.38130952381,1946.9749404761903,12.96607142857143,77.56547619047619,18.363095238095237,0.0,10.504166666666666,134.92261904761904,3.0984523809523807,189.58845747940475,0.0,189.58844642857144,11.5,3.0,10.428571428571429,2022.142857142857,0.2857142857142857,4.607487254229538,194.1959447336343,10010.918539285714,-9816.72259455208
2023-01-02,170342.22386904762,50060.1044047619,56919.0131547619,17729.6575,43675.31494047619,1958.133511904762,9.748809523809523,86.05952380952381,31.285714285714285,0.0,7.6625,134.0297619047619,2.2632738095238096,179.79258270940477,0.0,179.79259523809523,11.5,3.0,1.0,2023.0,0.2857142857142857,0.07724390064667845,179.86982661005146,10220.533432142856,-10040.663605532805
2023-01-09,169918.95267857143,49768.43303571428,56742.373095238094,17965.190654761904,43479.60476190476,1963.3509523809525,12.110714285714286,81.85119047619048,43.041666666666664,0.10892857142857143,10.00297619047619,133.72619047619048,3.00625,177.01369222059526,0.0,177.01368452380953,11.5,3.0,1.0,2023.0,0.2857142857142857,0.6778738813769678,177.6915661019722,10195.137160714285,-10017.445594612314
2023-01-16,170867.71357142855,49909.96380952381,57663.46035714286,18029.94982142857,43267.63226190476,1996.7072023809524,11.564285714285713,68.14880952380952,17.964285714285715,0.0017857142857142857,8.545833333333334,158.25595238095238,2.3893452380952382,213.0246582505357,0.0,213.02466666666666,11.5,3.0,1.0,2023.0,0.2857142857142857,0.14983737507348618,213.1744956256092,10252.062814285713,-10038.888318660105
2023-01-23,165932.36178571428,46143.149761904766,55250.7094047619,17962.445416666666,44592.505059523806,1983.5522023809524,14.397023809523809,75.26785714285714,37.714285714285715,0.09821428571428571,10.378571428571428,138.98809523809524,2.9343452380952377,171.68847060708333,0.0,171.68845238095238,11.5,3.0,1.0,2023.0,0.2857142857142857,1.7701459843882683,173.4586165914716,9955.941707142858,-9782.483090551386
2023-01-30,166890.3110714286,45122.58982142857,56543.656011904764,17957.541250000002,45323.76244047619,1942.7614285714285,14.816666666666666,72.71428571428571,14.982142857142858,0.06071428571428571,12.876785714285715,165.20238095238096,3.701190476190476,214.44623995386905,0.0,214.4462380952381,11.5,3.0,1.7142857142857142,2023.0,0.2857142857142857,6.554974867724868,221.00121482159392,10013.418664285713,-9792.417449464121
2023-02-06,172927.11708333335,47074.34589285714,58835.14982142857,18337.145,46710.71654761905,1969.760238095238,17.28690476190476,62.791666666666664,8.744047619047619,0.0,10.732738095238094,189.54166666666666,3.3201190476190474,229.5047255642857,0.0,229.5047380952381,11.5,3.0,2.0,2023.0,0.2857142857142857,3.753916756483114,233.25864232076881,10375.627025,-10142.368382679231
2023-02-13,175358.31148809523,46963.5994047619,59421.46380952381,18009.555595238093,49027.986130952384,1935.7065476190478,18.302380952380954,61.24404761904762,19.791666666666668,0.0,11.163095238095238,201.44642857142858,3.129047619047619,232.36144535178573,0.0,232.36142857142858,11.5,3.0,2.0,2023.0,0.2857142857142857,19.28678933143902,251.64823468322473,10521.498689285714,-10269.850454602489
2023-02-20,177909.25095238094,46723.07208333333,60377.86178571428,18854.44017857143,50064.73142857143,1889.1452976190474,21.15,56.26190476190476,28.851190476190474,0.0,8.863095238095237,209.95833333333334,2.6708333333333334,226.37321554761905,0.0,226.37321428571425,11.5,3.0,2.0,2023.0,0.2857142857142857,0.9264494986609183,227.29966504627996,10674.555057142858,-10447.255392096577
2023-02-27,180078.21494047617,46653.67964285714,60705.818035714285,19399.16613095238,51366.4305952381,1953.1203571428573,22.196428571428573,52.845238095238095,22.75595238095238,0.0,10.311309523809523,212.05357142857142,2.706845238095238,221.55734530357145,0.0,221.55734523809522,11.5,3.0,2.7142857142857144,2023.0,0.2857142857142857,0.3327491344960481,221.89009443806748,10804.69289642857,-10582.802801990503
2023-03-06,171760.93422619047,44519.04303571429,54613.69976190476,18787.948333333334,51888.48755952381,1951.7557142857145,22.250595238095237,53.17261904761905,22.25595238095238,0.004166666666666667,8.903571428571428,226.38690476190476,1.945297619047619,230.6349053988095,0.0,230.63489285714283,11.5,3.0,3.0,2023.0,0.2857142857142857,0.35747951368476044,230.9923849124943,10305.656053571429,-10074.663668658934
2023-03-13,170309.98613095237,43209.89011904762,55967.80708333333,19151.904226190476,50089.32886904762,1891.0548809523807,23.01904761904762,56.55952380952381,61.25,0.01666666666666667,8.14642857142857,214.11904761904762,2.1372619047619046,197.86399520833334,0.0,197.864,11.5,3.0,3.0,2023.0,0.2857142857142857,0.6022421124828531,198.4662373208162,10218.59916785714,-10020.132930536327
2023-03-20,164023.86458333334,39207.45511904762,54614.909583333334,18826.59726190476,49476.160416666666,1898.7425595238096,20.376785714285717,73.95833333333333,43.32142857142857,0.2642857142857143,8.242857142857142,214.85119047619048,2.3536309523809527,185.80232642261905,0.0,185.80233333333334,11.5,3.0,3.0,2023.0,0.2857142857142857,0.4147935038212817,186.21711992644035,9841.431875,-9655.214755073559
2023-03-27,170091.8682142857,39366.97922619047,56373.168869047615,19634.31386904762,52845.24267857143,1872.1636309523808,21.382738095238096,68.36309523809524,38.80952380952381,0.09642857142857142,8.227380952380953,232.61904761904762,2.561607142857143,217.66344551184523,0.0,217.66345238095238,11.5,3.0,3.2857142857142856,2023.0,0.2857142857142857,1.5956150548696846,219.2590605667149,10205.512092857141,-9986.253032290428
2023-04-03,174937.78089285715,41431.19648809524,58424.4325,21080.20892857143,52050.11940476191,1951.8235119047617,23.90416666666667,44.666666666666664,4.166666666666667,0.0011904761904761906,10.34702380952381,270.8690476190476,3.317083333333333,240.80639127011904,0.0,240.80638095238095,11.5,3.0,4.0,2023.0,0.2857142857142857,3.2674389329805997,244.07383020309967,10496.26685357143,-10252.193023368329
2023-04-10,188170.71416666667,47453.17511904762,61293.78351190477,23888.089404761904,53294.23541666667,2241.4308333333333,29.274404761904766,26.541666666666668,28.029761904761905,0.0,11.23154761904762,273.6011904761905,3.0108928571428573,233.16254151303573,0.0,233.1625119047619,11.5,3.0,4.0,2023.0,0.2857142857142857,2.6396994823306548,235.80224099536636,11290.24285,-11054.440609004632
2023-04-17,191521.63845238095,50913.22922619047,61255.154226190476,24255.860952380954,53109.94523809524,1987.4483333333333,29.636309523809523,30.714285714285715,38.49404761904762,0.0,10.475595238095238,257.4166666666667,2.8922619047619045,222.01340850142856,0.0,222.01340476190475,11.5,3.0,4.0,2023.0,0.2857142857142857,1.3814961787184008,223.39490468014696,11491.298307142857,-11267.903402462709
2023-04-24,175962.82357142857,48611.50797619048,55890.768214285716,21522.98880952381,48046.701309523814,1890.857380952381,27.18452380952381,39.98809523809524,66.01785714285714,0.011904761904761904,8.619642857142857,221.70833333333334,2.295714285714286,196.81203537452382,0.0,196.8120238095238,11.5,3.0,4.0,2023.0,0.2857142857142857,1.7120146237507348,198.52404999827453,10557.769414285713,-10359.24536428744
2023-05-01,161603.3730357143,43755.61369047619,53139.091369047615,21097.03172619048,41501.89125,2109.744642857143,24.81488095238095,65.83928571428571,44.726190476190474,0.13690476190476192,8.223809523809523,218.78571428571428,2.474702380952381,184.39151924934524,0.0,184.39152380952382,11.5,3.0,5.0,2023.0,0.2857142857142857,1.1958196649029982,185.58733891424822,9696.202382142856,-9510.615043228609
2023-05-08,183844.03678571427,54681.32059523809,58023.10029761904,24607.90160714286,44384.186785714286,2147.527738095238,31.229166666666668,27.63095238095238,9.220238095238095,0.0,11.22857142857143,270.73809523809524,2.8808928571428574,227.82179950511903,0.0,227.8217857142857,11.5,3.0,5.0,2023.0,0.2857142857142857,2.192715339016265,230.01451484413533,11030.642207142857,-10800.627692298722
2023-05-15,192126.0373809524,57213.646785714285,59385.77988095238,23340.525535714285,50251.95071428572,1934.1354166666667,32.7672619047619,28.69047619047619,18.321428571428573,0.0,12.264285714285714,261.05357142857144,4.406011904761905,221.17555995833334,0.0,221.17557142857143,11.5,3.0,5.0,2023.0,0.2857142857142857,18.45803030080345,239.6335902591368,11527.562242857142,-11287.928652598006
2023-05-22,183938.08732142858,53467.47702380953,58287.15476190476,21953.529583333333,48141.94672619047,2087.9792857142857,30.508928571428573,48.11309523809524,56.44047619047619,0.12440476190476189,11.49702380952381,230.9404761904762,3.5551785714285713,190.68749538095238,0.0,190.68746428571427,11.5,3.0,5.0,2023.0,0.2857142857142857,20.60883953883337,211.29633491978578,11036.285239285715,-10824.98890436593
2023-05-29,184996.0199404762,50244.59589285714,58903.12982142858,25092.69476190476,48130.35821428571,2625.2418452380953,27.392857142857142,63.017857142857146,36.61904761904762,0.044642857142857144,8.721428571428572,246.44642857142858,3.0329166666666665,191.929786875,0.0,191.92977976190477,11.5,3.0,5.571428571428571,2023.0,0.2857142857142857,3.0861477480566983,195.0159346230567,11099.761196428572,-10904.745261805514
2023-06-05,197941.55583333332,59762.306666666664,61377.1030952381,25930.741547619047,48268.822380952384,2602.58244047619,32.73154761904762,40.660714285714285,10.119047619047619,0.0005952380952380953,12.508928571428571,256.2916666666667,3.4657142857142857,198.26094021428574,0.0,198.26094642857143,11.5,3.0,6.0,2023.0,0.2857142857142857,8.043806502710824,206.30474671699653,11876.49335,-11670.188603283003
2023-06-12,198711.54404761904,64301.120297619054,57188.120297619054,25376.86011904762,49789.63380952381,2055.8100595238097,33.91130952380953,46.708333333333336,26.74404761904762,0.03511904761904762,15.638690476190478,247.16071428571428,4.8411309523809525,186.290179875,0.0,186.29018452380953,11.5,3.0,6.0,2023.0,0.2857142857142857,59.17684095140114,245.46702082640115,11922.692642857142,-11677.22562203074
2023-06-19,195831.7931547619,65799.81928571429,58102.80083333333,24006.7975,45935.498035714285,1986.8775595238094,30.111309523809524,74.92261904761905,79.13690476190476,0.45595238095238094,7.883928571428571,167.01785714285714,2.9605357142857143,136.3293335595238,0.0,136.32933333333335,11.5,3.0,6.0,2023.0,0.2857142857142857,5.700532676856751,142.02986623638057,11749.907589285713,-11607.877723049334
2023-06-26,180529.60922619049,60641.950833333336,49920.066666666666,21629.174642857142,45997.604523809525,2340.8127976190476,28.989880952380954,80.14285714285714,60.50595238095238,0.31726190476190474,7.943452380952381,232.23214285714286,2.7508333333333335,147.64485263869048,0.0,147.64483928571428,11.5,3.0,6.285714285714286,2023.0,0.2857142857142857,1.6348080540858319,149.2796606927763,10831.776553571428,-10682.496892878651
2023-07-03,182929.91386904762,59767.11446428572,52389.978749999995,23817.719702380953,44383.98321428571,2571.118571428571,28.973809523809525,81.08928571428571,67.41666666666667,0.5886904761904762,10.031547619047618,191.04761904761904,2.8840476190476187,123.3677926345238,0.0,123.36778571428572,11.5,3.0,7.0,2023.0,0.2857142857142857,0.9243311369129269,124.29212377143674,10975.794832142858,-10851.50270837142
2023-07-10,186072.5745238095,59159.12369047619,53056.016904761906,25190.40315476191,46082.20196428571,2584.8291666666664,28.50654761904762,85.49404761904762,86.36309523809524,0.6696428571428571,6.798214285714285,214.92261904761904,1.6669642857142857,122.58236939642856,0.0,122.582375,11.5,3.0,7.0,2023.0,0.2857142857142857,0.001231350839375527,122.58360074726795,11164.35447142857,-11041.770870681303
2023-07-17,190324.52,66848.54000000001,51750.46529761905,25565.647559523808,43490.624404761904,2669.2428571428572,29.794047619047618,80.38095238095238,76.56547619047619,0.4107142857142857,9.457142857142857,225.16071428571428,3.094404761904762,153.013298725,0.0,153.01330952380954,11.5,3.0,7.0,2023.0,0.2857142857142857,4.809374314128943,157.82267303912894,11419.4712,-11261.648526960871
2023-07-24,185214.5149404762,64169.58547619047,51641.60029761904,26380.737857142856,40322.41077380952,2700.1806547619044,28.55654761904762,84.58928571428571,78.89285714285714,0.5321428571428571,7.911309523809523,190.51190476190476,2.0878571428571426,116.87432077916667,0.0,116.87435714285714,11.5,3.0,7.0,2023.0,0.2857142857142857,0.4402448314716834,117.31456561063835,11112.87089642857,-10995.556330817933
2023-07-31,192327.23083333333,66853.59952380953,50333.70428571429,24499.770654761905,47897.99523809524,2742.1615476190477,29.648214285714282,79.7202380952381,68.11904761904762,0.17976190476190476,10.882738095238095,233.625,3.0687499999999996,158.56967912261905,0.0,158.56966071428573,11.5,3.0,7.857142857142857,2023.0,0.2857142857142857,3.133098879743941,161.70277800236298,11539.633849999998,-11377.931071997637
2023-08-07,203013.27011904764,69448.55946428572,56974.3444047619,23745.304523809526,50245.50214285714,2599.5597023809523,30.594642857142855,64.80357142857143,76.08928571428571,0.024404761904761908,14.520238095238096,244.25,3.7960714285714285,168.5408416202381,0.0,168.5408630952381,11.5,3.0,8.0,2023.0,0.2857142857142857,10.962151389705403,179.5029930099435,12180.796207142857,-12001.293214132913
2023-08-14,206556.27613095238,71620.6981547619,58915.69232142858,23503.355357142857,49772.665654761906,2743.864107142857,30.893452380952382,67.28571428571429,52.69642857142857,0.04642857142857143,9.37797619047619,241.67857142857142,2.6935714285714285,164.85570361488095,0.0,164.85567857142857,11.5,3.0,8.0,2023.0,0.2857142857142857,1.76315873015873,166.61886234503967,12393.376567857142,-12226.757705512104
2023-08-21,204025.50226190477,67230.21607142857,59811.03214285715,22251.942976190476,52224.97363095238,2507.3367857142857,29.998809523809523,70.0952380952381,61.464285714285715,0.17261904761904762,11.13452380952381,205.55357142857142,3.3407738095238093,155.0726351077381,0.0,155.0726130952381,11.5,3.0,8.0,2023.0,0.2857142857142857,2.862016787510614,157.93465189524872,12241.530135714285,-12083.595483819037
2023-08-28,212699.7113690476,70675.45505952381,64143.967202380954,25123.573571428573,50102.056547619046,2654.658095238095,30.99940476190476,56.535714285714285,6.458333333333333,0.013095238095238096,12.038095238095238,253.63690476190476,3.0848809523809524,204.9851122315476,0.0,204.98511309523812,11.5,3.0,8.428571428571429,2023.0,0.2857142857142857,4.214819256646417,209.19993148819404,12761.982682142856,-12552.782750654664
2023-09-04,198920.0660714286,70290.28464285715,58995.954404761906,23207.93238095238,43618.93892857143,2806.956130952381,29.876785714285717,68.35119047619048,30.56547619047619,0.2791666666666667,9.755357142857143,219.6845238095238,2.948988095238095,164.99573442630953,0.0,164.99574404761904,11.5,3.0,9.0,2023.0,0.2857142857142857,1.0161712962962963,166.0119057226058,11935.203964285713,-11769.192058563107
2023-09-11,197041.15660714285,63849.9456547619,57552.85297619048,24592.887380952383,48189.06654761905,2856.404583333333,28.407142857142855,82.73214285714286,68.0297619047619,0.2017857142857143,9.682738095238095,194.95238095238096,3.354821428571429,150.82518585630953,0.0,150.82517261904763,11.5,3.0,9.0,2023.0,0.2857142857142857,12.395684017571362,163.22086987388087,11822.46939642857,-11659.248526554691
2023-09-18,185937.81422619047,59849.23380952381,53738.60482142857,22044.97970238095,47821.909999999996,2483.0860714285714,28.69285714285714,79.00595238095238,26.678571428571427,0.05,7.980952380952381,217.60119047619048,2.649583333333333,177.54270123678572,0.0,177.54270238095236,11.5,3.0,9.0,2023.0,0.2857142857142857,10.877380486968448,188.42008172375415,11156.268853571428,-10967.848771847674
2023-09-25,187450.84238095238,61391.308333333334,54496.65892857142,22976.136607142857,45827.90232142857,2758.8363095238096,27.726190476190474,63.92857142857143,9.214285714285714,0.002380952380952381,8.178571428571429,229.91666666666666,2.510357142857143,210.60450498041666,0.0,210.60452380952378,11.5,3.0,9.142857142857142,2023.0,0.2857142857142857,0.340638064210595,210.94514304462726,11247.050542857143,-11036.105399812515
2023-10-02,188655.3986904762,57423.682023809524,58206.426726190475,21101.59261904762,49507.05416666666,2416.643452380952,27.31011904761905,51.142857142857146,0.08928571428571429,0.0,10.568452380952381,225.625,2.835,221.32606442583332,0.0,221.32607142857142,11.5,3.0,10.0,2023.0,0.2857142857142857,2.487239997713763,223.81330442354712,11319.323921428571,-11095.510617005024
2023-10-09,195191.16499999998,57796.95077380953,63872.743749999994,22760.77988095238,48323.27779761905,2437.412083333333,27.601785714285718,54.49404761904762,5.625,0.015476190476190477,8.83452380952381,202.73214285714286,2.2183928571428573,204.1403826309524,0.0,204.14039285714287,11.5,3.0,10.0,2023.0,0.2857142857142857,0.08015290025475212,204.22053553120713,11711.4699,-11507.249364468793
2023-10-16,178921.09,46694.46339285714,64069.12142857143,20511.13125,45371.62547619048,2274.7492857142856,22.826190476190476,64.91071428571429,19.226190476190474,0.07857142857142858,8.461309523809524,184.97619047619048,2.6462499999999998,198.1268896845238,0.0,198.12690476190477,11.5,3.0,10.0,2023.0,0.2857142857142857,1.7020722859102488,199.82896197043405,10735.2654,-10535.436438029565
2023-10-23,178503.02035714287,46822.23488095238,61942.02642857142,18644.324047619048,49076.10529761905,2018.328869047619,23.45,56.79761904761905,14.755952380952381,0.0,7.611309523809524,183.28571428571428,2.5589880952380955,208.09169228571432,0.0,208.0917023809524,11.5,3.0,10.0,2023.0,0.2857142857142857,0.07818723463322226,208.1698795203475,10710.181221428571,-10502.011341908223
2023-10-30,179534.95511904763,48014.29696428571,62962.302321428564,19341.869583333333,47188.10273809524,2028.3833928571428,23.41190476190476,66.4702380952381,10.613095238095237,0.006547619047619048,7.300595238095238,171.71428571428572,2.024642857142857,198.41202742857143,0.0,198.41200595238092,11.5,3.0,10.714285714285714,2023.0,0.2857142857142857,0.0075464269384022415,198.4195738555098,10772.097307142856,-10573.677733287346
2023-11-06,168558.48351190478,45698.579821428575,61239.54648809524,18335.08101190476,41431.54434523809,1853.7316666666666,21.244642857142857,68.4047619047619,7.857142857142857,0.017261904761904763,7.590476190476191,159.61904761904762,2.3749404761904764,193.3896499404762,0.0,193.38964285714286,11.5,3.0,11.0,2023.0,0.2857142857142857,0.04130037886210723,193.4309503193383,10113.509010714284,-9920.078060394948
2023-11-13,158425.28553571427,41825.819345238095,54533.091011904755,17379.06357142857,42888.58494047619,1798.7274404761906,19.523809523809526,70.16666666666667,21.803571428571427,0.0,6.397619047619047,151.89880952380952,1.8567857142857143,193.24297963095236,0.0,193.24299404761905,11.5,3.0,11.0,2023.0,0.2857142857142857,0.0,193.24297963095236,9505.517132142857,-9312.274152511904
2023-11-20,167969.16714285713,44611.81458333333,60324.39464285715,17226.205476190476,43883.15809523809,1923.59375,18.705357142857142,67.64880952380952,22.363095238095237,0.0,7.551785714285715,147.5595238095238,2.0705357142857146,193.07046682142857,0.0,193.0704761904762,11.5,3.0,11.0,2023.0,0.2857142857142857,0.21284279672088316,193.28330961814945,10078.150028571428,-9884.866718953279
2023-11-27,153972.46577380953,42554.18625,49231.19940476191,17426.632083333334,42824.00696428571,1936.4422023809523,18.120238095238093,80.29166666666667,35.42857142857143,0.05238095238095238,7.190476190476191,113.63095238095238,1.9152380952380952,147.7864944642857,0.0,147.78647023809523,11.5,3.0,11.428571428571429,2023.0,0.2857142857142857,0.2558390570906003,148.0423335213763,9238.34794642857,-9090.305612907196
2023-12-04,154580.05452380952,43669.215059523805,51631.3725,16591.696785714284,40761.13755952381,1926.6331547619047,16.488095238095237,72.91666666666667,4.845238095238095,0.0,8.752380952380953,139.83928571428572,2.61875,198.6166362595238,0.0,198.6166488095238,11.5,3.0,12.0,2023.0,0.2857142857142857,0.7790931723169379,199.39572943184075,9274.803271428571,-9075.40754199673
2023-12-11,165867.36464285717,46448.47666666667,56958.62630952381,16816.013511904763,43721.83119047619,1922.4179166666668,15.078571428571427,68.32738095238095,24.702380952380953,0.0,7.543452380952381,140.42261904761904,1.9675,201.2129261083333,0.0,201.21293452380954,11.5,3.0,12.0,2023.0,0.2857142857142857,0.08853528969886992,201.3014613980322,9952.041878571428,-9750.740417173396
2023-12-18,170511.55642857144,48540.19892857143,58780.97732142857,17157.61351190476,44099.1519047619,1933.615,14.578571428571427,71.4047619047619,34.80357142857143,0.0017857142857142859,8.714880952380952,139.125,2.7735714285714286,201.54898602976192,0.0,201.54895833333333,11.5,3.0,12.0,2023.0,0.2857142857142857,2.2962185070873344,203.84520453684922,10230.693385714285,-10026.848181177436
2023-12-25,174169.19208333333,48516.255952380954,60037.791607142855,17939.381071428572,45792.308273809525,1883.4562500000002,13.97142857142857,82.70833333333333,46.017857142857146,0.0,5.929166666666667,129.4047619047619,1.8273214285714285,155.80589682630952,0.0,155.8058988095238,11.5,3.0,12.0,2023.0,0.2857142857142857,0.010384332745443856,155.81628115905497,10450.151525,-10294.335243840944
2024-01-01,174421.95386904763,50469.56023809523,58502.294285714284,17331.918154761905,46210.28380952381,1907.8978571428572,10.789880952380953,84.16666666666667,42.029761904761905,0.0005952380952380953,5.591666666666667,118.94642857142857,1.845595238095238,150.49618832422618,0.017857142857142856,150.49617857142857,11.5,3.0,1.0,2024.0,0.2857142857142857,3.6008230452663435e-06,150.49619192504923,10465.317232142857,-10314.821040217808
2024-01-08,177115.39303571428,52536.114285714284,58815.26815476191,18090.925357142856,45679.76178571429,1993.32375,10.054166666666665,85.88690476190476,27.410714285714285,0.0,8.422619047619047,137.44642857142858,2.575714285714286,191.58185984690476,0.011904761904761904,191.58184523809524,11.5,3.0,1.0,2024.0,0.2857142857142857,0.23617599124697897,191.81803583815176,10626.923582142856,-10435.105546304705
2024-01-15,180870.75452380953,54025.15083333333,60268.85857142857,18384.54398809524,46262.43291666667,1929.767857142857,9.672619047619047,86.76785714285714,39.732142857142854,0.0,6.550595238095238,139.89880952380952,1.962797619047619,206.47886073035716,0.005952380952380952,206.4788630952381,11.5,3.0,1.0,2024.0,0.2857142857142857,0.3146464824612972,206.79350721281844,10852.245271428572,-10645.451764215753
2024-01-22,182549.3620833333,53554.19630952381,59820.162500000006,18428.489345238097,48815.120833333334,1931.3922023809525,11.289880952380953,83.69642857142857,56.154761904761905,0.0,6.892261904761905,150.2202380952381,2.114940476190476,196.4316030902381,0.0,196.43159523809524,11.5,3.0,1.0,2024.0,0.2857142857142857,1.1634142579528381,197.59501734819094,10952.961725,-10755.366707651809
2024-01-29,181254.93202380952,49246.399464285714,61441.28601190477,18526.232916666668,50142.78041666666,1898.233392857143,14.422023809523811,84.49404761904762,48.86309523809524,0.27440476190476193,8.85297619047619,138.49404761904762,2.4624404761904763,171.81741602291666,0.005952380952380952,171.81741071428573,11.5,3.0,1.5714285714285714,2024.0,0.2857142857142857,0.7898555179959503,172.60727154091262,10875.295921428571,-10702.68864988766
2024-02-05,182255.15797619047,48028.35857142857,62021.77464285715,18237.873988095238,51952.25440476191,2014.8966666666668,13.376785714285715,72.26190476190476,18.386904761904763,0.0125,11.157738095238095,184.85119047619048,3.1732738095238098,230.98450542440474,0.005952380952380952,230.9845238095238,11.5,3.0,2.0,2024.0,0.2857142857142857,8.399394906590894,239.38390033099563,10935.309478571427,-10695.925578240433
2024-02-12,183199.2880952381,49000.07244047619,61325.0718452381,18355.213511904763,52485.41601190477,2033.5141666666666,15.929761904761904,67.76785714285714,32.98809523809524,0.0,8.750595238095238,192.28571428571428,2.1991071428571427,223.01729149404764,0.0,223.01729166666667,11.5,3.0,2.0,2024.0,0.2857142857142857,0.5083406247958717,223.52563211884348,10991.957285714287,-10768.431653595442
2024-02-19,184469.19464285712,47732.835952380956,61571.95303571428,18721.491964285713,54479.017321428575,1963.8955952380954,17.955357142857142,52.63095238095238,17.714285714285715,0.0011904761904761906,10.983333333333334,204.28571428571428,2.941607142857143,224.0443485535714,0.0,224.0443511904762,11.5,3.0,2.0,2024.0,0.2857142857142857,4.60077889640081,228.64512744997222,11068.151678571428,-10839.506551121456
2024-02-26,181616.75744047618,45913.02678571428,59665.77077380953,18976.16023809524,55099.02672619048,1962.7722619047618,18.410119047619048,58.48809523809524,47.79761904761905,0.11607142857142858,11.45,191.75,3.477142857142857,208.14497648035714,0.005952380952380952,208.14498214285712,11.5,3.0,2.4285714285714284,2024.0,0.2857142857142857,7.487826466457638,215.63280294681476,10897.005446428571,-10681.372643481756
2024-03-04,182496.80875,45246.805714285714,59051.59761904762,19679.41380952381,56555.91470238095,1963.0770238095238,16.82857142857143,54.607142857142854,38.089285714285715,0.0,10.654761904761905,230.46428571428572,3.2282738095238095,243.15965207738094,0.0,243.15964285714284,11.5,3.0,3.0,2024.0,0.2857142857142857,1.1738811810046377,244.33353325838556,10949.808524999999,-10705.474991741614
2024-03-11,191284.01708333334,48102.08196428572,62397.00261904761,21091.421666666665,57645.66321428571,2047.847380952381,21.110119047619047,47.375,19.922619047619047,0.0011904761904761906,9.781547619047618,242.33333333333334,3.0316071428571427,232.4347940416667,0.0,232.43480357142857,11.5,3.0,3.0,2024.0,0.2857142857142857,1.0054324090404338,233.4402264507071,11477.041024999999,-11243.600798549292
2024-03-18,187790.54595238095,48667.14083333333,61356.51886904762,19339.29160714286,56422.31607142857,2005.2783333333334,23.30654761904762,47.720238095238095,20.702380952380953,0.0005952380952380953,10.242261904761905,247.38690476190476,3.0907142857142857,232.16235732142857,0.0,232.16233333333332,11.5,3.0,3.0,2024.0,0.2857142857142857,4.333968392775491,236.4963257142041,11267.432757142857,-11030.936431428654
2024-03-25,188703.7930952381,46791.04136904762,61763.90535714285,21473.42744047619,56703.77154761904,1971.647142857143,27.523809523809526,41.70238095238095,48.017857142857146,0.0,10.348214285714286,241.16666666666666,3.1551190476190474,226.39429235732146,0.0,226.3942619047619,11.5,3.0,3.0,2024.0,0.2857142857142857,4.722420194003527,231.11671255132495,11322.227585714285,-11091.11087316296
2024-04-01,179526.47595238095,43704.25315476191,58433.951488095234,19330.388333333332,56100.16464285714,1957.7186309523809,27.18214285714286,26.80952380952381,49.31547619047619,0.0,11.982738095238094,256.01785714285717,3.298452380952381,228.27140830238096,0.0,228.27141666666665,11.5,3.0,4.0,2024.0,0.2857142857142857,7.640560217845712,235.91196852022668,10771.588557142857,-10535.67658862263
2024-04-08,187994.43398809523,46590.28726190476,61431.165357142854,20657.808452380952,57297.071130952376,2018.1013095238097,29.263095238095236,24.69047619047619,44.05952380952381,0.01011904761904762,9.089285714285714,251.20833333333334,2.3351785714285715,221.7957219769048,0.0,221.79569642857146,11.5,3.0,4.0,2024.0,0.2857142857142857,0.76789931576197,222.5636212926667,11279.666039285714,-11057.102417993048
2024-04-15,189370.1531547619,49285.60732142857,61354.78208333334,19949.61380952381,56732.725059523815,2047.4245238095239,30.116666666666667,31.238095238095237,52.18452380952381,0.007738095238095238,13.279166666666667,255.53571428571428,4.281011904761905,216.06735752517858,0.005952380952380952,216.06734523809524,11.5,3.0,4.0,2024.0,0.2857142857142857,19.891633777516493,235.95899130269507,11362.209189285713,-11126.250197983018
2024-04-22,185474.26595238096,46178.5255952381,61012.69625,19965.315654761904,56387.453630952376,1930.2741666666666,30.83511904761905,25.726190476190474,24.178571428571427,0.0,11.770833333333334,269.2559523809524,3.213154761904762,222.59698493244048,0.0,222.59696428571428,11.5,3.0,4.0,2024.0,0.2857142857142857,3.8450228542034095,226.44200778664387,11128.455957142856,-10902.013949356213
2024-04-29,198108.321875,49668.99979166667,64704.37354166667,23620.578541666666,57945.03916666666,2169.3320833333332,30.302083333333332,25.541666666666668,14.041666666666666,0.0,12.277083333333332,279.6666666666667,4.2560416666666665,224.28178222062502,0.0,224.28177083333333,11.5,0.5,4.0,2024.0,0.0,10.1897862654321,234.4715684860571,11886.499312499998,-11652.027744013942
